{
  "version": 2,
  "builds": [
    {
      "src": "server/index.ts",
      "use": "@vercel/node"
    },
    {
      "src": "package.json",
      "use": "@vercel/static-build",
      "config": {
        "distDir": "dist/public"
      }
    }
  ],
  "routes": [
    {
      "src": "/api/(.*)",
      "dest": "server/index.ts"
    },
    {
      "src": "^/assets/(.*)",
      "dest": "/assets/$1"
    },
    {
      "src": "^/favico.png",
      "dest": "/favico.png"
    },
    {
      "src": "^/favicon.(ico|svg)",
      "dest": "/favicon.$1"
    },
    {
      "src": "/(.*)",
      "dest": "/index.html"
    }
  ],
  "env": {
    "NODE_ENV": "production"
  }
} 