{
  "v": "5.9.6",
  "fr": 60,
  "ip": 0,
  "op": 120,
  "w": 750,
  "h": 750,
  "nm": "Main animation",
  "ddd": 0,
  "assets": [],
  "layers": [
    {
      "ddd": 0,
      "ind": 1,
      "ty": 4,
      "nm": "Layer 1",
      "sr": 1,
      "ks": {
        "o": {
          "a": 0,
          "k": 100,
          "ix": 11
        },
        "r": {
          "a": 0,
          "k": 0,
          "ix": 10
        },
        "p": {
          "a": 0,
          "k": [
            375,
            375,
            0
          ],
          "ix": 2,
          "l": 2
        },
        "a": {
          "a": 0,
          "k": [
            540,
            540,
            0
          ],
          "ix": 1,
          "l": 2
        },
        "s": {
          "a": 0,
          "k": [
            900,
            900,
            100
          ],
          "ix": 6,
          "l": 2
        }
      },
      "ao": 0,
      "shapes": [
        {
          "ty": "gr",
          "it": [
            {
              "ind": 0,
              "ty": "sh",
              "ix": 1,
              "ks": {
                "a": 1,
                "k": [
                  {
                    "i": {
                      "x": 0.667,
                      "y": 1
                    },
                    "o": {
                      "x": 0.333,
                      "y": 0
                    },
                    "t": 0,
                    "s": [
                      {
                        "i": [
                          [
                            2.4,
                            -1.325
                          ],
                          [
                            1.325,
                            2.4
                          ],
                          [
                            -2.4,
                            1.325
                          ],
                          [
                            -1.325,
                            -2.4
                          ]
                        ],
                        "o": [
                          [
                            2.4,
                            1.325
                          ],
                          [
                            -1.325,
                            2.4
                          ],
                          [
                            -2.4,
                            -1.325
                          ],
                          [
                            1.325,
                            -2.4
                          ]
                        ],
                        "v": [
                          [
                            2.4,
                            0
                          ],
                          [
                            0,
                            2.4
                          ],
                          [
                            -2.4,
                            0
                          ],
                          [
                            0,
                            -2.4
                          ]
                        ],
                        "c": true
                      }
                    ]
                  },
                  {
                    "i": {
                      "x": 0.667,
                      "y": 1
                    },
                    "o": {
                      "x": 0.333,
                      "y": 0
                    },
                    "t": 30,
                    "s": [
                      {
                        "i": [
                          [
                            -14.896,
                            -1.326
                          ],
                          [
                            -15.969999999999999,
                            2.4
                          ],
                          [
                            -19.696,
                            1.326
                          ],
                          [
                            -18.622,
                            -2.4
                          ]
                        ],
                        "o": [
                          [
                            -14.896,
                            1.326
                          ],
                          [
                            -18.622,
                            2.4
                          ],
                          [
                            -19.696,
                            -1.326
                          ],
                          [
                            -15.969999999999999,
                            -2.4
                          ]
                        ],
                        "v": [
                          [
                            -14.896,
                            0
                          ],
                          [
                            -17.296,
                            2.4
                          ],
                          [
                            -19.696,
                            0
                          ],
                          [
                            -17.296,
                            -2.4
                          ]
                        ],
                        "c": true
                      }
                    ]
                  },
                  {
                    "t": 60,
                    "s": [
                      {
                        "i": [
                          [
                            2.4,
                            -1.325
                          ],
                          [
                            1.325,
                            2.4
                          ],
                          [
                            -2.4,
                            1.325
                          ],
                          [
                            -1.325,
                            -2.4
                          ]
                        ],
                        "o": [
                          [
                            2.4,
                            1.325
                          ],
                          [
                            -1.325,
                            2.4
                          ],
                          [
                            -2.4,
                            -1.325
                          ],
                          [
                            1.325,
                            -2.4
                          ]
                        ],
                        "v": [
                          [
                            2.4,
                            0
                          ],
                          [
                            0,
                            2.4
                          ],
                          [
                            -2.4,
                            0
                          ],
                          [
                            0,
                            -2.4
                          ]
                        ],
                        "c": true
                      }
                    ]
                  }
                ],
                "ix": 2
              },
              "nm": "Path 1",
              "mn": "ADBE Vector Shape - Group",
              "hd": false,
              "_render": true
            },
            {
              "ty": "st",
              "c": {
                "a": 0,
                "k": [
                  0,
                  0,
                  0,
                  1
                ],
                "ix": 3
              },
              "o": {
                "a": 0,
                "k": 100,
                "ix": 4
              },
              "w": {
                "a": 0,
                "k": 3.8,
                "ix": 5
              },
              "lc": 2,
              "lj": 1,
              "ml": 10,
              "bm": 0,
              "nm": "Stroke 1",
              "mn": "ADBE Vector Graphic - Stroke",
              "hd": false,
              "_render": true
            },
            {
              "ty": "tr",
              "p": {
                "a": 0,
                "k": [
                  548.4,
                  556.2
                ],
                "ix": 2
              },
              "a": {
                "a": 0,
                "k": [
                  0,
                  0
                ],
                "ix": 1
              },
              "s": {
                "a": 0,
                "k": [
                  100,
                  100
                ],
                "ix": 3
              },
              "r": {
                "a": 0,
                "k": 0,
                "ix": 6
              },
              "o": {
                "a": 0,
                "k": 100,
                "ix": 7
              },
              "sk": {
                "a": 0,
                "k": 0,
                "ix": 4
              },
              "sa": {
                "a": 0,
                "k": 0,
                "ix": 5
              },
              "nm": "Transform",
              "_render": true
            }
          ],
          "nm": "Group 1",
          "np": 2,
          "cix": 2,
          "bm": 0,
          "ix": 1,
          "mn": "ADBE Vector Group",
          "hd": false,
          "_render": true
        },
        {
          "ty": "gr",
          "it": [
            {
              "ind": 0,
              "ty": "sh",
              "ix": 1,
              "ks": {
                "a": 1,
                "k": [
                  {
                    "i": {
                      "x": 0.667,
                      "y": 1
                    },
                    "o": {
                      "x": 0.333,
                      "y": 0
                    },
                    "t": 0,
                    "s": [
                      {
                        "i": [
                          [
                            2.4,
                            -1.325
                          ],
                          [
                            1.325,
                            2.4
                          ],
                          [
                            -2.4,
                            1.325
                          ],
                          [
                            -1.325,
                            -2.4
                          ]
                        ],
                        "o": [
                          [
                            2.4,
                            1.325
                          ],
                          [
                            -1.325,
                            2.4
                          ],
                          [
                            -2.4,
                            -1.325
                          ],
                          [
                            1.325,
                            -2.4
                          ]
                        ],
                        "v": [
                          [
                            2.4,
                            0
                          ],
                          [
                            0,
                            2.4
                          ],
                          [
                            -2.4,
                            0
                          ],
                          [
                            0,
                            -2.4
                          ]
                        ],
                        "c": true
                      }
                    ]
                  },
                  {
                    "i": {
                      "x": 0.667,
                      "y": 1
                    },
                    "o": {
                      "x": 0.333,
                      "y": 0
                    },
                    "t": 30,
                    "s": [
                      {
                        "i": [
                          [
                            14.193,
                            -1.326
                          ],
                          [
                            13.118,
                            2.4
                          ],
                          [
                            9.392,
                            1.326
                          ],
                          [
                            10.466,
                            -2.4
                          ]
                        ],
                        "o": [
                          [
                            14.193,
                            1.326
                          ],
                          [
                            10.466,
                            2.4
                          ],
                          [
                            9.392,
                            -1.326
                          ],
                          [
                            13.118,
                            -2.4
                          ]
                        ],
                        "v": [
                          [
                            14.193,
                            0
                          ],
                          [
                            11.792,
                            2.4
                          ],
                          [
                            9.392,
                            0
                          ],
                          [
                            11.792,
                            -2.4
                          ]
                        ],
                        "c": true
                      }
                    ]
                  },
                  {
                    "t": 60,
                    "s": [
                      {
                        "i": [
                          [
                            2.4,
                            -1.325
                          ],
                          [
                            1.325,
                            2.4
                          ],
                          [
                            -2.4,
                            1.325
                          ],
                          [
                            -1.325,
                            -2.4
                          ]
                        ],
                        "o": [
                          [
                            2.4,
                            1.325
                          ],
                          [
                            -1.325,
                            2.4
                          ],
                          [
                            -2.4,
                            -1.325
                          ],
                          [
                            1.325,
                            -2.4
                          ]
                        ],
                        "v": [
                          [
                            2.4,
                            0
                          ],
                          [
                            0,
                            2.4
                          ],
                          [
                            -2.4,
                            0
                          ],
                          [
                            0,
                            -2.4
                          ]
                        ],
                        "c": true
                      }
                    ]
                  }
                ],
                "ix": 2
              },
              "nm": "Path 1",
              "mn": "ADBE Vector Shape - Group",
              "hd": false,
              "_render": true
            },
            {
              "ty": "st",
              "c": {
                "a": 0,
                "k": [
                  0,
                  0,
                  0,
                  1
                ],
                "ix": 3
              },
              "o": {
                "a": 0,
                "k": 100,
                "ix": 4
              },
              "w": {
                "a": 0,
                "k": 3.8,
                "ix": 5
              },
              "lc": 2,
              "lj": 1,
              "ml": 10,
              "bm": 0,
              "nm": "Stroke 1",
              "mn": "ADBE Vector Graphic - Stroke",
              "hd": false,
              "_render": true
            },
            {
              "ty": "tr",
              "p": {
                "a": 0,
                "k": [
                  539.4,
                  540
                ],
                "ix": 2
              },
              "a": {
                "a": 0,
                "k": [
                  0,
                  0
                ],
                "ix": 1
              },
              "s": {
                "a": 0,
                "k": [
                  100,
                  100
                ],
                "ix": 3
              },
              "r": {
                "a": 0,
                "k": 0,
                "ix": 6
              },
              "o": {
                "a": 0,
                "k": 100,
                "ix": 7
              },
              "sk": {
                "a": 0,
                "k": 0,
                "ix": 4
              },
              "sa": {
                "a": 0,
                "k": 0,
                "ix": 5
              },
              "nm": "Transform",
              "_render": true
            }
          ],
          "nm": "Group 2",
          "np": 2,
          "cix": 2,
          "bm": 0,
          "ix": 2,
          "mn": "ADBE Vector Group",
          "hd": false,
          "_render": true
        },
        {
          "ty": "gr",
          "it": [
            {
              "ind": 0,
              "ty": "sh",
              "ix": 1,
              "ks": {
                "a": 1,
                "k": [
                  {
                    "i": {
                      "x": 0.667,
                      "y": 1
                    },
                    "o": {
                      "x": 0.333,
                      "y": 0
                    },
                    "t": 0,
                    "s": [
                      {
                        "i": [
                          [
                            2.4,
                            -1.325
                          ],
                          [
                            1.325,
                            2.4
                          ],
                          [
                            -2.4,
                            1.325
                          ],
                          [
                            -1.325,
                            -2.4
                          ]
                        ],
                        "o": [
                          [
                            2.4,
                            1.325
                          ],
                          [
                            -1.325,
                            2.4
                          ],
                          [
                            -2.4,
                            -1.325
                          ],
                          [
                            1.325,
                            -2.4
                          ]
                        ],
                        "v": [
                          [
                            2.4,
                            0
                          ],
                          [
                            0,
                            2.4
                          ],
                          [
                            -2.4,
                            0
                          ],
                          [
                            0,
                            -2.4
                          ]
                        ],
                        "c": true
                      }
                    ]
                  },
                  {
                    "i": {
                      "x": 0.667,
                      "y": 1
                    },
                    "o": {
                      "x": 0.333,
                      "y": 0
                    },
                    "t": 30,
                    "s": [
                      {
                        "i": [
                          [
                            11.52,
                            -1.388
                          ],
                          [
                            10.444999999999999,
                            2.337
                          ],
                          [
                            6.72,
                            1.262
                          ],
                          [
                            7.794999999999999,
                            -2.463
                          ]
                        ],
                        "o": [
                          [
                            11.52,
                            1.262
                          ],
                          [
                            7.794999999999999,
                            2.337
                          ],
                          [
                            6.72,
                            -1.388
                          ],
                          [
                            10.444999999999999,
                            -2.463
                          ]
                        ],
                        "v": [
                          [
                            11.52,
                            -0.063
                          ],
                          [
                            9.12,
                            2.337
                          ],
                          [
                            6.72,
                            -0.063
                          ],
                          [
                            9.12,
                            -2.463
                          ]
                        ],
                        "c": true
                      }
                    ]
                  },
                  {
                    "t": 60,
                    "s": [
                      {
                        "i": [
                          [
                            2.4,
                            -1.325
                          ],
                          [
                            1.325,
                            2.4
                          ],
                          [
                            -2.4,
                            1.325
                          ],
                          [
                            -1.325,
                            -2.4
                          ]
                        ],
                        "o": [
                          [
                            2.4,
                            1.325
                          ],
                          [
                            -1.325,
                            2.4
                          ],
                          [
                            -2.4,
                            -1.325
                          ],
                          [
                            1.325,
                            -2.4
                          ]
                        ],
                        "v": [
                          [
                            2.4,
                            0
                          ],
                          [
                            0,
                            2.4
                          ],
                          [
                            -2.4,
                            0
                          ],
                          [
                            0,
                            -2.4
                          ]
                        ],
                        "c": true
                      }
                    ]
                  }
                ],
                "ix": 2
              },
              "nm": "Path 1",
              "mn": "ADBE Vector Shape - Group",
              "hd": false,
              "_render": true
            },
            {
              "ty": "st",
              "c": {
                "a": 0,
                "k": [
                  0,
                  0,
                  0,
                  1
                ],
                "ix": 3
              },
              "o": {
                "a": 0,
                "k": 100,
                "ix": 4
              },
              "w": {
                "a": 0,
                "k": 3.8,
                "ix": 5
              },
              "lc": 2,
              "lj": 1,
              "ml": 10,
              "bm": 0,
              "nm": "Stroke 1",
              "mn": "ADBE Vector Graphic - Stroke",
              "hd": false,
              "_render": true
            },
            {
              "ty": "tr",
              "p": {
                "a": 0,
                "k": [
                  531.6,
                  523.8
                ],
                "ix": 2
              },
              "a": {
                "a": 0,
                "k": [
                  0,
                  0
                ],
                "ix": 1
              },
              "s": {
                "a": 0,
                "k": [
                  100,
                  100
                ],
                "ix": 3
              },
              "r": {
                "a": 0,
                "k": 0,
                "ix": 6
              },
              "o": {
                "a": 0,
                "k": 100,
                "ix": 7
              },
              "sk": {
                "a": 0,
                "k": 0,
                "ix": 4
              },
              "sa": {
                "a": 0,
                "k": 0,
                "ix": 5
              },
              "nm": "Transform",
              "_render": true
            }
          ],
          "nm": "Group 3",
          "np": 2,
          "cix": 2,
          "bm": 0,
          "ix": 3,
          "mn": "ADBE Vector Group",
          "hd": false,
          "_render": true
        },
        {
          "ty": "gr",
          "it": [
            {
              "ty": "gr",
              "it": [
                {
                  "ind": 0,
                  "ty": "sh",
                  "ix": 1,
                  "ks": {
                    "a": 1,
                    "k": [
                      {
                        "i": {
                          "x": 0.667,
                          "y": 1
                        },
                        "o": {
                          "x": 0.333,
                          "y": 0
                        },
                        "t": 0,
                        "s": [
                          {
                            "i": [
                              [
                                12,
                                0
                              ],
                              [
                                -12,
                                0
                              ]
                            ],
                            "o": [
                              [
                                12,
                                0
                              ],
                              [
                                -12,
                                0
                              ]
                            ],
                            "v": [
                              [
                                12,
                                0
                              ],
                              [
                                -12,
                                0
                              ]
                            ],
                            "c": false
                          }
                        ]
                      },
                      {
                        "i": {
                          "x": 0.667,
                          "y": 1
                        },
                        "o": {
                          "x": 0.333,
                          "y": 0
                        },
                        "t": 30,
                        "s": [
                          {
                            "i": [
                              [
                                -5.296,
                                0
                              ],
                              [
                                -12,
                                0
                              ]
                            ],
                            "o": [
                              [
                                -5.296,
                                0
                              ],
                              [
                                -12,
                                0
                              ]
                            ],
                            "v": [
                              [
                                -5.296,
                                0
                              ],
                              [
                                -12,
                                0
                              ]
                            ],
                            "c": false
                          }
                        ]
                      },
                      {
                        "t": 60,
                        "s": [
                          {
                            "i": [
                              [
                                12,
                                0
                              ],
                              [
                                -12,
                                0
                              ]
                            ],
                            "o": [
                              [
                                12,
                                0
                              ],
                              [
                                -12,
                                0
                              ]
                            ],
                            "v": [
                              [
                                12,
                                0
                              ],
                              [
                                -12,
                                0
                              ]
                            ],
                            "c": false
                          }
                        ]
                      }
                    ],
                    "ix": 2
                  },
                  "nm": "Path 1",
                  "mn": "ADBE Vector Shape - Group",
                  "hd": false,
                  "_render": true
                },
                {
                  "ty": "st",
                  "c": {
                    "a": 0,
                    "k": [
                      0,
                      0,
                      0,
                      1
                    ],
                    "ix": 3
                  },
                  "o": {
                    "a": 0,
                    "k": 100,
                    "ix": 4
                  },
                  "w": {
                    "a": 0,
                    "k": 3.8,
                    "ix": 5
                  },
                  "lc": 2,
                  "lj": 1,
                  "ml": 10,
                  "bm": 0,
                  "nm": "Stroke 1",
                  "mn": "ADBE Vector Graphic - Stroke",
                  "hd": false,
                  "_render": true
                },
                {
                  "ty": "tr",
                  "p": {
                    "a": 0,
                    "k": [
                      534,
                      556.212
                    ],
                    "ix": 2
                  },
                  "a": {
                    "a": 0,
                    "k": [
                      0,
                      0
                    ],
                    "ix": 1
                  },
                  "s": {
                    "a": 0,
                    "k": [
                      100,
                      100
                    ],
                    "ix": 3
                  },
                  "r": {
                    "a": 0,
                    "k": 0,
                    "ix": 6
                  },
                  "o": {
                    "a": 0,
                    "k": 100,
                    "ix": 7
                  },
                  "sk": {
                    "a": 0,
                    "k": 0,
                    "ix": 4
                  },
                  "sa": {
                    "a": 0,
                    "k": 0,
                    "ix": 5
                  },
                  "nm": "Transform",
                  "_render": true
                }
              ],
              "nm": "Group 1",
              "np": 2,
              "cix": 2,
              "bm": 0,
              "ix": 1,
              "mn": "ADBE Vector Group",
              "hd": false,
              "_render": true
            },
            {
              "ty": "gr",
              "it": [
                {
                  "ind": 0,
                  "ty": "sh",
                  "ix": 1,
                  "ks": {
                    "a": 1,
                    "k": [
                      {
                        "i": {
                          "x": 0.667,
                          "y": 1
                        },
                        "o": {
                          "x": 0.333,
                          "y": 0
                        },
                        "t": 0,
                        "s": [
                          {
                            "i": [
                              [
                                3.6,
                                0
                              ],
                              [
                                -3.6,
                                0
                              ]
                            ],
                            "o": [
                              [
                                3.6,
                                0
                              ],
                              [
                                -3.6,
                                0
                              ]
                            ],
                            "v": [
                              [
                                3.6,
                                0
                              ],
                              [
                                -3.6,
                                0
                              ]
                            ],
                            "c": false
                          }
                        ]
                      },
                      {
                        "i": {
                          "x": 0.667,
                          "y": 1
                        },
                        "o": {
                          "x": 0.333,
                          "y": 0
                        },
                        "t": 30,
                        "s": [
                          {
                            "i": [
                              [
                                3.6,
                                0
                              ],
                              [
                                -20.896,
                                0
                              ]
                            ],
                            "o": [
                              [
                                3.6,
                                0
                              ],
                              [
                                -20.896,
                                0
                              ]
                            ],
                            "v": [
                              [
                                3.6,
                                0
                              ],
                              [
                                -20.896,
                                0
                              ]
                            ],
                            "c": false
                          }
                        ]
                      },
                      {
                        "t": 60,
                        "s": [
                          {
                            "i": [
                              [
                                3.6,
                                0
                              ],
                              [
                                -3.6,
                                0
                              ]
                            ],
                            "o": [
                              [
                                3.6,
                                0
                              ],
                              [
                                -3.6,
                                0
                              ]
                            ],
                            "v": [
                              [
                                3.6,
                                0
                              ],
                              [
                                -3.6,
                                0
                              ]
                            ],
                            "c": false
                          }
                        ]
                      }
                    ],
                    "ix": 2
                  },
                  "nm": "Path 1",
                  "mn": "ADBE Vector Shape - Group",
                  "hd": false,
                  "_render": true
                },
                {
                  "ty": "st",
                  "c": {
                    "a": 0,
                    "k": [
                      0,
                      0,
                      0,
                      1
                    ],
                    "ix": 3
                  },
                  "o": {
                    "a": 0,
                    "k": 100,
                    "ix": 4
                  },
                  "w": {
                    "a": 0,
                    "k": 3.8,
                    "ix": 5
                  },
                  "lc": 2,
                  "lj": 1,
                  "ml": 10,
                  "bm": 0,
                  "nm": "Stroke 1",
                  "mn": "ADBE Vector Graphic - Stroke",
                  "hd": false,
                  "_render": true
                },
                {
                  "ty": "tr",
                  "p": {
                    "a": 0,
                    "k": [
                      554.4,
                      556.212
                    ],
                    "ix": 2
                  },
                  "a": {
                    "a": 0,
                    "k": [
                      0,
                      0
                    ],
                    "ix": 1
                  },
                  "s": {
                    "a": 0,
                    "k": [
                      100,
                      100
                    ],
                    "ix": 3
                  },
                  "r": {
                    "a": 0,
                    "k": 0,
                    "ix": 6
                  },
                  "o": {
                    "a": 0,
                    "k": 100,
                    "ix": 7
                  },
                  "sk": {
                    "a": 0,
                    "k": 0,
                    "ix": 4
                  },
                  "sa": {
                    "a": 0,
                    "k": 0,
                    "ix": 5
                  },
                  "nm": "Transform",
                  "_render": true
                }
              ],
              "nm": "Group 2",
              "np": 2,
              "cix": 2,
              "bm": 0,
              "ix": 2,
              "mn": "ADBE Vector Group",
              "hd": false,
              "_render": true
            },
            {
              "ty": "gr",
              "it": [
                {
                  "ind": 0,
                  "ty": "sh",
                  "ix": 1,
                  "ks": {
                    "a": 1,
                    "k": [
                      {
                        "i": {
                          "x": 0.667,
                          "y": 1
                        },
                        "o": {
                          "x": 0.333,
                          "y": 0
                        },
                        "t": 0,
                        "s": [
                          {
                            "i": [
                              [
                                7.5,
                                0
                              ],
                              [
                                -7.5,
                                0
                              ]
                            ],
                            "o": [
                              [
                                7.5,
                                0
                              ],
                              [
                                -7.5,
                                0
                              ]
                            ],
                            "v": [
                              [
                                7.5,
                                0
                              ],
                              [
                                -7.5,
                                0
                              ]
                            ],
                            "c": false
                          }
                        ]
                      },
                      {
                        "i": {
                          "x": 0.667,
                          "y": 1
                        },
                        "o": {
                          "x": 0.333,
                          "y": 0
                        },
                        "t": 30,
                        "s": [
                          {
                            "i": [
                              [
                                19.292,
                                0
                              ],
                              [
                                -7.5,
                                0
                              ]
                            ],
                            "o": [
                              [
                                19.292,
                                0
                              ],
                              [
                                -7.5,
                                0
                              ]
                            ],
                            "v": [
                              [
                                19.292,
                                0
                              ],
                              [
                                -7.5,
                                0
                              ]
                            ],
                            "c": false
                          }
                        ]
                      },
                      {
                        "t": 60,
                        "s": [
                          {
                            "i": [
                              [
                                7.5,
                                0
                              ],
                              [
                                -7.5,
                                0
                              ]
                            ],
                            "o": [
                              [
                                7.5,
                                0
                              ],
                              [
                                -7.5,
                                0
                              ]
                            ],
                            "v": [
                              [
                                7.5,
                                0
                              ],
                              [
                                -7.5,
                                0
                              ]
                            ],
                            "c": false
                          }
                        ]
                      }
                    ],
                    "ix": 2
                  },
                  "nm": "Path 1",
                  "mn": "ADBE Vector Shape - Group",
                  "hd": false,
                  "_render": true
                },
                {
                  "ty": "st",
                  "c": {
                    "a": 0,
                    "k": [
                      0,
                      0,
                      0,
                      1
                    ],
                    "ix": 3
                  },
                  "o": {
                    "a": 0,
                    "k": 100,
                    "ix": 4
                  },
                  "w": {
                    "a": 0,
                    "k": 3.8,
                    "ix": 5
                  },
                  "lc": 2,
                  "lj": 1,
                  "ml": 10,
                  "bm": 0,
                  "nm": "Stroke 1",
                  "mn": "ADBE Vector Graphic - Stroke",
                  "hd": false,
                  "_render": true
                },
                {
                  "ty": "tr",
                  "p": {
                    "a": 0,
                    "k": [
                      529.5,
                      540
                    ],
                    "ix": 2
                  },
                  "a": {
                    "a": 0,
                    "k": [
                      0,
                      0
                    ],
                    "ix": 1
                  },
                  "s": {
                    "a": 0,
                    "k": [
                      100,
                      100
                    ],
                    "ix": 3
                  },
                  "r": {
                    "a": 0,
                    "k": 0,
                    "ix": 6
                  },
                  "o": {
                    "a": 0,
                    "k": 100,
                    "ix": 7
                  },
                  "sk": {
                    "a": 0,
                    "k": 0,
                    "ix": 4
                  },
                  "sa": {
                    "a": 0,
                    "k": 0,
                    "ix": 5
                  },
                  "nm": "Transform",
                  "_render": true
                }
              ],
              "nm": "Group 3",
              "np": 2,
              "cix": 2,
              "bm": 0,
              "ix": 3,
              "mn": "ADBE Vector Group",
              "hd": false,
              "_render": true
            },
            {
              "ty": "gr",
              "it": [
                {
                  "ind": 0,
                  "ty": "sh",
                  "ix": 1,
                  "ks": {
                    "a": 1,
                    "k": [
                      {
                        "i": {
                          "x": 0.667,
                          "y": 1
                        },
                        "o": {
                          "x": 0.333,
                          "y": 0
                        },
                        "t": 0,
                        "s": [
                          {
                            "i": [
                              [
                                8.1,
                                0
                              ],
                              [
                                -8.1,
                                0
                              ]
                            ],
                            "o": [
                              [
                                8.1,
                                0
                              ],
                              [
                                -8.1,
                                0
                              ]
                            ],
                            "v": [
                              [
                                8.1,
                                0
                              ],
                              [
                                -8.1,
                                0
                              ]
                            ],
                            "c": false
                          }
                        ]
                      },
                      {
                        "i": {
                          "x": 0.667,
                          "y": 1
                        },
                        "o": {
                          "x": 0.333,
                          "y": 0
                        },
                        "t": 30,
                        "s": [
                          {
                            "i": [
                              [
                                8.1,
                                0
                              ],
                              [
                                3.693,
                                0
                              ]
                            ],
                            "o": [
                              [
                                8.1,
                                0
                              ],
                              [
                                3.693,
                                0
                              ]
                            ],
                            "v": [
                              [
                                8.1,
                                0
                              ],
                              [
                                3.693,
                                0
                              ]
                            ],
                            "c": false
                          }
                        ]
                      },
                      {
                        "t": 60,
                        "s": [
                          {
                            "i": [
                              [
                                8.1,
                                0
                              ],
                              [
                                -8.1,
                                0
                              ]
                            ],
                            "o": [
                              [
                                8.1,
                                0
                              ],
                              [
                                -8.1,
                                0
                              ]
                            ],
                            "v": [
                              [
                                8.1,
                                0
                              ],
                              [
                                -8.1,
                                0
                              ]
                            ],
                            "c": false
                          }
                        ]
                      }
                    ],
                    "ix": 2
                  },
                  "nm": "Path 1",
                  "mn": "ADBE Vector Shape - Group",
                  "hd": false,
                  "_render": true
                },
                {
                  "ty": "st",
                  "c": {
                    "a": 0,
                    "k": [
                      0,
                      0,
                      0,
                      1
                    ],
                    "ix": 3
                  },
                  "o": {
                    "a": 0,
                    "k": 100,
                    "ix": 4
                  },
                  "w": {
                    "a": 0,
                    "k": 3.8,
                    "ix": 5
                  },
                  "lc": 2,
                  "lj": 1,
                  "ml": 10,
                  "bm": 0,
                  "nm": "Stroke 1",
                  "mn": "ADBE Vector Graphic - Stroke",
                  "hd": false,
                  "_render": true
                },
                {
                  "ty": "tr",
                  "p": {
                    "a": 0,
                    "k": [
                      549.9,
                      540
                    ],
                    "ix": 2
                  },
                  "a": {
                    "a": 0,
                    "k": [
                      0,
                      0
                    ],
                    "ix": 1
                  },
                  "s": {
                    "a": 0,
                    "k": [
                      100,
                      100
                    ],
                    "ix": 3
                  },
                  "r": {
                    "a": 0,
                    "k": 0,
                    "ix": 6
                  },
                  "o": {
                    "a": 0,
                    "k": 100,
                    "ix": 7
                  },
                  "sk": {
                    "a": 0,
                    "k": 0,
                    "ix": 4
                  },
                  "sa": {
                    "a": 0,
                    "k": 0,
                    "ix": 5
                  },
                  "nm": "Transform",
                  "_render": true
                }
              ],
              "nm": "Group 4",
              "np": 2,
              "cix": 2,
              "bm": 0,
              "ix": 4,
              "mn": "ADBE Vector Group",
              "hd": false,
              "_render": true
            },
            {
              "ty": "gr",
              "it": [
                {
                  "ind": 0,
                  "ty": "sh",
                  "ix": 1,
                  "ks": {
                    "a": 1,
                    "k": [
                      {
                        "i": {
                          "x": 0.667,
                          "y": 1
                        },
                        "o": {
                          "x": 0.333,
                          "y": 0
                        },
                        "t": 0,
                        "s": [
                          {
                            "i": [
                              [
                                3.6,
                                0
                              ],
                              [
                                -3.6,
                                0
                              ]
                            ],
                            "o": [
                              [
                                3.6,
                                0
                              ],
                              [
                                -3.6,
                                0
                              ]
                            ],
                            "v": [
                              [
                                3.6,
                                0
                              ],
                              [
                                -3.6,
                                0
                              ]
                            ],
                            "c": false
                          }
                        ]
                      },
                      {
                        "i": {
                          "x": 0.667,
                          "y": 1
                        },
                        "o": {
                          "x": 0.333,
                          "y": 0
                        },
                        "t": 30,
                        "s": [
                          {
                            "i": [
                              [
                                12.72,
                                -0.063
                              ],
                              [
                                -3.6,
                                0
                              ]
                            ],
                            "o": [
                              [
                                12.72,
                                -0.063
                              ],
                              [
                                -3.6,
                                0
                              ]
                            ],
                            "v": [
                              [
                                12.72,
                                -0.063
                              ],
                              [
                                -3.6,
                                0
                              ]
                            ],
                            "c": false
                          }
                        ]
                      },
                      {
                        "t": 60,
                        "s": [
                          {
                            "i": [
                              [
                                3.6,
                                0
                              ],
                              [
                                -3.6,
                                0
                              ]
                            ],
                            "o": [
                              [
                                3.6,
                                0
                              ],
                              [
                                -3.6,
                                0
                              ]
                            ],
                            "v": [
                              [
                                3.6,
                                0
                              ],
                              [
                                -3.6,
                                0
                              ]
                            ],
                            "c": false
                          }
                        ]
                      }
                    ],
                    "ix": 2
                  },
                  "nm": "Path 1",
                  "mn": "ADBE Vector Shape - Group",
                  "hd": false,
                  "_render": true
                },
                {
                  "ty": "st",
                  "c": {
                    "a": 0,
                    "k": [
                      0,
                      0,
                      0,
                      1
                    ],
                    "ix": 3
                  },
                  "o": {
                    "a": 0,
                    "k": 100,
                    "ix": 4
                  },
                  "w": {
                    "a": 0,
                    "k": 3.8,
                    "ix": 5
                  },
                  "lc": 2,
                  "lj": 1,
                  "ml": 10,
                  "bm": 0,
                  "nm": "Stroke 1",
                  "mn": "ADBE Vector Graphic - Stroke",
                  "hd": false,
                  "_render": true
                },
                {
                  "ty": "tr",
                  "p": {
                    "a": 0,
                    "k": [
                      525.6,
                      523.788
                    ],
                    "ix": 2
                  },
                  "a": {
                    "a": 0,
                    "k": [
                      0,
                      0
                    ],
                    "ix": 1
                  },
                  "s": {
                    "a": 0,
                    "k": [
                      100,
                      100
                    ],
                    "ix": 3
                  },
                  "r": {
                    "a": 0,
                    "k": 0,
                    "ix": 6
                  },
                  "o": {
                    "a": 0,
                    "k": 100,
                    "ix": 7
                  },
                  "sk": {
                    "a": 0,
                    "k": 0,
                    "ix": 4
                  },
                  "sa": {
                    "a": 0,
                    "k": 0,
                    "ix": 5
                  },
                  "nm": "Transform",
                  "_render": true
                }
              ],
              "nm": "Group 5",
              "np": 2,
              "cix": 2,
              "bm": 0,
              "ix": 5,
              "mn": "ADBE Vector Group",
              "hd": false,
              "_render": true
            },
            {
              "ty": "gr",
              "it": [
                {
                  "ind": 0,
                  "ty": "sh",
                  "ix": 1,
                  "ks": {
                    "a": 1,
                    "k": [
                      {
                        "i": {
                          "x": 0.667,
                          "y": 1
                        },
                        "o": {
                          "x": 0.333,
                          "y": 0
                        },
                        "t": 0,
                        "s": [
                          {
                            "i": [
                              [
                                12,
                                0
                              ],
                              [
                                -12,
                                0
                              ]
                            ],
                            "o": [
                              [
                                12,
                                0
                              ],
                              [
                                -12,
                                0
                              ]
                            ],
                            "v": [
                              [
                                12,
                                0
                              ],
                              [
                                -12,
                                0
                              ]
                            ],
                            "c": false
                          }
                        ]
                      },
                      {
                        "i": {
                          "x": 0.667,
                          "y": 1
                        },
                        "o": {
                          "x": 0.333,
                          "y": 0
                        },
                        "t": 30,
                        "s": [
                          {
                            "i": [
                              [
                                12,
                                0
                              ],
                              [
                                -2.88,
                                -0.063
                              ]
                            ],
                            "o": [
                              [
                                12,
                                0
                              ],
                              [
                                -2.88,
                                -0.063
                              ]
                            ],
                            "v": [
                              [
                                12,
                                0
                              ],
                              [
                                -2.88,
                                -0.063
                              ]
                            ],
                            "c": false
                          }
                        ]
                      },
                      {
                        "t": 60,
                        "s": [
                          {
                            "i": [
                              [
                                12,
                                0
                              ],
                              [
                                -12,
                                0
                              ]
                            ],
                            "o": [
                              [
                                12,
                                0
                              ],
                              [
                                -12,
                                0
                              ]
                            ],
                            "v": [
                              [
                                12,
                                0
                              ],
                              [
                                -12,
                                0
                              ]
                            ],
                            "c": false
                          }
                        ]
                      }
                    ],
                    "ix": 2
                  },
                  "nm": "Path 1",
                  "mn": "ADBE Vector Shape - Group",
                  "hd": false,
                  "_render": true
                },
                {
                  "ty": "st",
                  "c": {
                    "a": 0,
                    "k": [
                      0,
                      0,
                      0,
                      1
                    ],
                    "ix": 3
                  },
                  "o": {
                    "a": 0,
                    "k": 100,
                    "ix": 4
                  },
                  "w": {
                    "a": 0,
                    "k": 3.8,
                    "ix": 5
                  },
                  "lc": 2,
                  "lj": 1,
                  "ml": 10,
                  "bm": 0,
                  "nm": "Stroke 1",
                  "mn": "ADBE Vector Graphic - Stroke",
                  "hd": false,
                  "_render": true
                },
                {
                  "ty": "tr",
                  "p": {
                    "a": 0,
                    "k": [
                      546,
                      523.788
                    ],
                    "ix": 2
                  },
                  "a": {
                    "a": 0,
                    "k": [
                      0,
                      0
                    ],
                    "ix": 1
                  },
                  "s": {
                    "a": 0,
                    "k": [
                      100,
                      100
                    ],
                    "ix": 3
                  },
                  "r": {
                    "a": 0,
                    "k": 0,
                    "ix": 6
                  },
                  "o": {
                    "a": 0,
                    "k": 100,
                    "ix": 7
                  },
                  "sk": {
                    "a": 0,
                    "k": 0,
                    "ix": 4
                  },
                  "sa": {
                    "a": 0,
                    "k": 0,
                    "ix": 5
                  },
                  "nm": "Transform",
                  "_render": true
                }
              ],
              "nm": "Group 6",
              "np": 2,
              "cix": 2,
              "bm": 0,
              "ix": 6,
              "mn": "ADBE Vector Group",
              "hd": false,
              "_render": true
            },
            {
              "ty": "tr",
              "p": {
                "a": 0,
                "k": [
                  546,
                  523.788
                ],
                "ix": 2
              },
              "a": {
                "a": 0,
                "k": [
                  546,
                  523.788
                ],
                "ix": 1
              },
              "s": {
                "a": 0,
                "k": [
                  100,
                  100
                ],
                "ix": 3
              },
              "r": {
                "a": 0,
                "k": 0,
                "ix": 6
              },
              "o": {
                "a": 0,
                "k": 100,
                "ix": 7
              },
              "sk": {
                "a": 0,
                "k": 0,
                "ix": 4
              },
              "sa": {
                "a": 0,
                "k": 0,
                "ix": 5
              },
              "nm": "Transform",
              "_render": true
            }
          ],
          "nm": "Group 4",
          "np": 6,
          "cix": 2,
          "bm": 0,
          "ix": 4,
          "mn": "ADBE Vector Group",
          "hd": false,
          "_render": true
        },
        {
          "ty": "gr",
          "it": [
            {
              "ind": 0,
              "ty": "sh",
              "ix": 1,
              "ks": {
                "a": 1,
                "k": [
                  {
                    "i": {
                      "x": 0.667,
                      "y": 1
                    },
                    "o": {
                      "x": 0.333,
                      "y": 0
                    },
                    "t": 0,
                    "s": [
                      {
                        "i": [
                          [
                            3.8280000000000003,
                            22.2
                          ],
                          [
                            -2.629,
                            22.2
                          ],
                          [
                            -4.8,
                            21.228
                          ],
                          [
                            -4.8,
                            -20.029
                          ],
                          [
                            -3.8280000000000003,
                            -22.2
                          ],
                          [
                            2.629,
                            -22.2
                          ],
                          [
                            4.8,
                            -21.228
                          ],
                          [
                            4.8,
                            20.029
                          ]
                        ],
                        "o": [
                          [
                            2.629,
                            22.2
                          ],
                          [
                            -3.8280000000000003,
                            22.2
                          ],
                          [
                            -4.8,
                            20.029
                          ],
                          [
                            -4.8,
                            -21.228
                          ],
                          [
                            -2.629,
                            -22.2
                          ],
                          [
                            3.8280000000000003,
                            -22.2
                          ],
                          [
                            4.8,
                            -20.029
                          ],
                          [
                            4.8,
                            21.228
                          ]
                        ],
                        "v": [
                          [
                            2.629,
                            22.2
                          ],
                          [
                            -2.629,
                            22.2
                          ],
                          [
                            -4.8,
                            20.029
                          ],
                          [
                            -4.8,
                            -20.029
                          ],
                          [
                            -2.629,
                            -22.2
                          ],
                          [
                            2.629,
                            -22.2
                          ],
                          [
                            4.8,
                            -20.029
                          ],
                          [
                            4.8,
                            20.029
                          ]
                        ],
                        "c": true
                      }
                    ]
                  },
                  {
                    "t": 60,
                    "s": [
                      {
                        "i": [
                          [
                            3.8280000000000003,
                            22.2
                          ],
                          [
                            -2.629,
                            22.2
                          ],
                          [
                            -4.8,
                            21.228
                          ],
                          [
                            -4.8,
                            -20.029
                          ],
                          [
                            -3.8280000000000003,
                            -22.2
                          ],
                          [
                            2.629,
                            -22.2
                          ],
                          [
                            4.8,
                            -21.228
                          ],
                          [
                            4.8,
                            20.029
                          ]
                        ],
                        "o": [
                          [
                            2.629,
                            22.2
                          ],
                          [
                            -3.8280000000000003,
                            22.2
                          ],
                          [
                            -4.8,
                            20.029
                          ],
                          [
                            -4.8,
                            -21.228
                          ],
                          [
                            -2.629,
                            -22.2
                          ],
                          [
                            3.8280000000000003,
                            -22.2
                          ],
                          [
                            4.8,
                            -20.029
                          ],
                          [
                            4.8,
                            21.228
                          ]
                        ],
                        "v": [
                          [
                            2.629,
                            22.2
                          ],
                          [
                            -2.629,
                            22.2
                          ],
                          [
                            -4.8,
                            20.029
                          ],
                          [
                            -4.8,
                            -20.029
                          ],
                          [
                            -2.629,
                            -22.2
                          ],
                          [
                            2.629,
                            -22.2
                          ],
                          [
                            4.8,
                            -20.029
                          ],
                          [
                            4.8,
                            20.029
                          ]
                        ],
                        "c": true
                      }
                    ]
                  }
                ],
                "ix": 2
              },
              "nm": "Path 1",
              "mn": "ADBE Vector Shape - Group",
              "hd": false,
              "_render": true
            },
            {
              "ty": "st",
              "c": {
                "a": 0,
                "k": [
                  0,
                  0,
                  0,
                  1
                ],
                "ix": 3
              },
              "o": {
                "a": 0,
                "k": 100,
                "ix": 4
              },
              "w": {
                "a": 0,
                "k": 3.8,
                "ix": 5
              },
              "lc": 2,
              "lj": 1,
              "ml": 10,
              "bm": 0,
              "nm": "Stroke 1",
              "mn": "ADBE Vector Graphic - Stroke",
              "hd": false,
              "_render": true
            },
            {
              "ty": "tr",
              "p": {
                "a": 0,
                "k": [
                  562.8,
                  540
                ],
                "ix": 2
              },
              "a": {
                "a": 0,
                "k": [
                  0,
                  0
                ],
                "ix": 1
              },
              "s": {
                "a": 0,
                "k": [
                  100,
                  100
                ],
                "ix": 3
              },
              "r": {
                "a": 0,
                "k": 0,
                "ix": 6
              },
              "o": {
                "a": 0,
                "k": 100,
                "ix": 7
              },
              "sk": {
                "a": 0,
                "k": 0,
                "ix": 4
              },
              "sa": {
                "a": 0,
                "k": 0,
                "ix": 5
              },
              "nm": "Transform",
              "_render": true
            }
          ],
          "nm": "Group 5",
          "np": 2,
          "cix": 2,
          "bm": 0,
          "ix": 5,
          "mn": "ADBE Vector Group",
          "hd": false,
          "_render": true
        },
        {
          "ty": "gr",
          "it": [
            {
              "ind": 0,
              "ty": "sh",
              "ix": 1,
              "ks": {
                "a": 1,
                "k": [
                  {
                    "i": {
                      "x": 0.667,
                      "y": 1
                    },
                    "o": {
                      "x": 0.333,
                      "y": 0
                    },
                    "t": 0,
                    "s": [
                      {
                        "i": [
                          [
                            3.8280000000000003,
                            22.2
                          ],
                          [
                            -2.629,
                            22.2
                          ],
                          [
                            -4.8,
                            21.228
                          ],
                          [
                            -4.8,
                            -20.029
                          ],
                          [
                            -3.8280000000000003,
                            -22.2
                          ],
                          [
                            2.629,
                            -22.2
                          ],
                          [
                            4.8,
                            -21.228
                          ],
                          [
                            4.8,
                            20.029
                          ]
                        ],
                        "o": [
                          [
                            2.629,
                            22.2
                          ],
                          [
                            -3.8280000000000003,
                            22.2
                          ],
                          [
                            -4.8,
                            20.029
                          ],
                          [
                            -4.8,
                            -21.228
                          ],
                          [
                            -2.629,
                            -22.2
                          ],
                          [
                            3.8280000000000003,
                            -22.2
                          ],
                          [
                            4.8,
                            -20.029
                          ],
                          [
                            4.8,
                            21.228
                          ]
                        ],
                        "v": [
                          [
                            2.629,
                            22.2
                          ],
                          [
                            -2.629,
                            22.2
                          ],
                          [
                            -4.8,
                            20.029
                          ],
                          [
                            -4.8,
                            -20.029
                          ],
                          [
                            -2.629,
                            -22.2
                          ],
                          [
                            2.629,
                            -22.2
                          ],
                          [
                            4.8,
                            -20.029
                          ],
                          [
                            4.8,
                            20.029
                          ]
                        ],
                        "c": true
                      }
                    ]
                  },
                  {
                    "t": 60,
                    "s": [
                      {
                        "i": [
                          [
                            3.8280000000000003,
                            22.2
                          ],
                          [
                            -2.629,
                            22.2
                          ],
                          [
                            -4.8,
                            21.228
                          ],
                          [
                            -4.8,
                            -20.029
                          ],
                          [
                            -3.8280000000000003,
                            -22.2
                          ],
                          [
                            2.629,
                            -22.2
                          ],
                          [
                            4.8,
                            -21.228
                          ],
                          [
                            4.8,
                            20.029
                          ]
                        ],
                        "o": [
                          [
                            2.629,
                            22.2
                          ],
                          [
                            -3.8280000000000003,
                            22.2
                          ],
                          [
                            -4.8,
                            20.029
                          ],
                          [
                            -4.8,
                            -21.228
                          ],
                          [
                            -2.629,
                            -22.2
                          ],
                          [
                            3.8280000000000003,
                            -22.2
                          ],
                          [
                            4.8,
                            -20.029
                          ],
                          [
                            4.8,
                            21.228
                          ]
                        ],
                        "v": [
                          [
                            2.629,
                            22.2
                          ],
                          [
                            -2.629,
                            22.2
                          ],
                          [
                            -4.8,
                            20.029
                          ],
                          [
                            -4.8,
                            -20.029
                          ],
                          [
                            -2.629,
                            -22.2
                          ],
                          [
                            2.629,
                            -22.2
                          ],
                          [
                            4.8,
                            -20.029
                          ],
                          [
                            4.8,
                            20.029
                          ]
                        ],
                        "c": true
                      }
                    ]
                  }
                ],
                "ix": 2
              },
              "nm": "Path 1",
              "mn": "ADBE Vector Shape - Group",
              "hd": false,
              "_render": true
            },
            {
              "ty": "st",
              "c": {
                "a": 0,
                "k": [
                  0,
                  0,
                  0,
                  1
                ],
                "ix": 3
              },
              "o": {
                "a": 0,
                "k": 100,
                "ix": 4
              },
              "w": {
                "a": 0,
                "k": 3.8,
                "ix": 5
              },
              "lc": 2,
              "lj": 1,
              "ml": 10,
              "bm": 0,
              "nm": "Stroke 1",
              "mn": "ADBE Vector Graphic - Stroke",
              "hd": false,
              "_render": true
            },
            {
              "ty": "tr",
              "p": {
                "a": 0,
                "k": [
                  517.2,
                  540
                ],
                "ix": 2
              },
              "a": {
                "a": 0,
                "k": [
                  0,
                  0
                ],
                "ix": 1
              },
              "s": {
                "a": 0,
                "k": [
                  100,
                  100
                ],
                "ix": 3
              },
              "r": {
                "a": 0,
                "k": 0,
                "ix": 6
              },
              "o": {
                "a": 0,
                "k": 100,
                "ix": 7
              },
              "sk": {
                "a": 0,
                "k": 0,
                "ix": 4
              },
              "sa": {
                "a": 0,
                "k": 0,
                "ix": 5
              },
              "nm": "Transform",
              "_render": true
            }
          ],
          "nm": "Group 6",
          "np": 2,
          "cix": 2,
          "bm": 0,
          "ix": 6,
          "mn": "ADBE Vector Group",
          "hd": false,
          "_render": true
        }
      ],
      "ip": 0,
      "op": 120,
      "st": 0,
      "ct": 1,
      "bm": 0,
      "completed": true
    }
  ],
  "markers": [],
  "__complete": true
}