{
  "v": "5.9.6",
  "fr": 60,
  "ip": 0,
  "op": 120,
  "w": 750,
  "h": 750,
  "nm": "Comp 1",
  "ddd": 0,
  "assets": [],
  "layers": [
    {
      "ddd": 0,
      "ind": 1,
      "ty": 4,
      "nm": "Layer 1",
      "sr": 1,
      "ks": {
        "o": {
          "a": 0,
          "k": 100,
          "ix": 11
        },
        "r": {
          "a": 0,
          "k": 0,
          "ix": 10
        },
        "p": {
          "a": 0,
          "k": [
            375,
            375,
            0
          ],
          "ix": 2,
          "l": 2
        },
        "a": {
          "a": 0,
          "k": [
            0,
            0,
            0
          ],
          "ix": 1,
          "l": 2
        },
        "s": {
          "a": 0,
          "k": [
            100,
            100,
            100
          ],
          "ix": 6,
          "l": 2
        }
      },
      "ao": 0,
      "shapes": [
        {
          "ty": "gr",
          "it": [
            {
              "ind": 0,
              "ty": "sh",
              "ix": 1,
              "ks": {
                "a": 0,
                "k": {
                  "i": [
                    [
                      -341.85,
                      2.473
                    ],
                    [
                      -212.079,
                      2.736
                    ],
                    [
                      -116.301,
                      -199.765
                    ],
                    [
                      12.314,
                      199.765
                    ],
                    [
                      91.673,
                      0
                    ],
                    [
                      143.666,
                      0
                    ],
                    [
                      190.187,
                      -112.197
                    ],
                    [
                      231.234,
                      0
                    ],
                    [
                      337.85,
                      -1
                    ]
                  ],
                  "o": [
                    [
                      -341.85,
                      2.473
                    ],
                    [
                      -212.079,
                      2.736
                    ],
                    [
                      -116.301,
                      -199.765
                    ],
                    [
                      12.314,
                      199.765
                    ],
                    [
                      91.673,
                      0
                    ],
                    [
                      143.666,
                      0
                    ],
                    [
                      190.187,
                      -112.197
                    ],
                    [
                      231.234,
                      0
                    ],
                    [
                      337.85,
                      -1
                    ]
                  ],
                  "v": [
                    [
                      -341.85,
                      2.473
                    ],
                    [
                      -212.079,
                      2.736
                    ],
                    [
                      -116.301,
                      -199.765
                    ],
                    [
                      12.314,
                      199.765
                    ],
                    [
                      91.673,
                      0
                    ],
                    [
                      143.666,
                      0
                    ],
                    [
                      190.187,
                      -112.197
                    ],
                    [
                      231.234,
                      0
                    ],
                    [
                      337.85,
                      -1
                    ]
                  ],
                  "c": false
                },
                "ix": 2
              },
              "nm": "Path 1",
              "mn": "ADBE Vector Shape - Group",
              "hd": false,
              "_render": true
            },
            {
              "ty": "st",
              "c": {
                "a": 0,
                "k": [
                  0,
                  0,
                  0,
                  1
                ],
                "ix": 3
              },
              "o": {
                "a": 0,
                "k": 100,
                "ix": 4
              },
              "w": {
                "a": 0,
                "k": 35,
                "ix": 5
              },
              "lc": 2,
              "lj": 2,
              "bm": 0,
              "d": [
                {
                  "n": "d",
                  "nm": "dash",
                  "v": {
                    "a": 0,
                    "k": 1473,
                    "ix": 1
                  }
                },
                {
                  "n": "o",
                  "nm": "offset",
                  "v": {
                    "a": 1,
                    "k": [
                      {
                        "i": {
                          "x": [
                            0.667
                          ],
                          "y": [
                            1
                          ]
                        },
                        "o": {
                          "x": [
                            0.333
                          ],
                          "y": [
                            0
                          ]
                        },
                        "t": 0,
                        "s": [
                          2959
                        ]
                      },
                      {
                        "i": {
                          "x": [
                            0.667
                          ],
                          "y": [
                            1
                          ]
                        },
                        "o": {
                          "x": [
                            0.333
                          ],
                          "y": [
                            0
                          ]
                        },
                        "t": 40.041,
                        "s": [
                          1513
                        ]
                      },
                      {
                        "t": 80.080078125,
                        "s": [
                          4
                        ]
                      }
                    ],
                    "ix": 7
                  }
                }
              ],
              "nm": "Stroke 1",
              "mn": "ADBE Vector Graphic - Stroke",
              "hd": false,
              "_render": true
            },
            {
              "ty": "tr",
              "p": {
                "a": 0,
                "k": [
                  0,
                  0
                ],
                "ix": 2
              },
              "a": {
                "a": 0,
                "k": [
                  0,
                  0
                ],
                "ix": 1
              },
              "s": {
                "a": 0,
                "k": [
                  100,
                  100
                ],
                "ix": 3
              },
              "r": {
                "a": 0,
                "k": 0,
                "ix": 6
              },
              "o": {
                "a": 0,
                "k": 100,
                "ix": 7
              },
              "sk": {
                "a": 0,
                "k": 0,
                "ix": 4
              },
              "sa": {
                "a": 0,
                "k": 0,
                "ix": 5
              },
              "nm": "Transform",
              "_render": true
            }
          ],
          "nm": "Group 1",
          "np": 3,
          "cix": 2,
          "bm": 0,
          "ix": 1,
          "mn": "ADBE Vector Group",
          "hd": false,
          "_render": true
        }
      ],
      "ip": 0,
      "op": 120.12012012012,
      "st": 0,
      "ct": 1,
      "bm": 0,
      "completed": true
    }
  ],
  "markers": [],
  "__complete": true
}