{
  "v": "5.9.6",
  "fr": 60,
  "ip": 0,
  "op": 120,
  "w": 750,
  "h": 750,
  "nm": "Comp 1",
  "ddd": 0,
  "assets": [],
  "layers": [
    {
      "ddd": 0,
      "ind": 1,
      "ty": 4,
      "nm": "Layer 1",
      "sr": 1,
      "ks": {
        "o": {
          "a": 0,
          "k": 100,
          "ix": 11
        },
        "r": {
          "a": 0,
          "k": 90,
          "ix": 10
        },
        "p": {
          "a": 0,
          "k": [
            375,
            375,
            0
          ],
          "ix": 2,
          "l": 2
        },
        "a": {
          "a": 0,
          "k": [
            496.5,
            481.147,
            0
          ],
          "ix": 1,
          "l": 2
        },
        "s": {
          "a": 0,
          "k": [
            100,
            100,
            100
          ],
          "ix": 6,
          "l": 2
        }
      },
      "ao": 0,
      "shapes": [
        {
          "ty": "gr",
          "it": [
            {
              "ind": 0,
              "ty": "sh",
              "ix": 1,
              "ks": {
                "a": 1,
                "k": [
                  {
                    "i": {
                      "x": 0.667,
                      "y": 1
                    },
                    "o": {
                      "x": 0.333,
                      "y": 0
                    },
                    "t": 0,
                    "s": [
                      {
                        "i": [
                          [
                            36.674,
                            53.706
                          ],
                          [
                            -15.664,
                            53.706
                          ],
                          [
                            -53.706,
                            36.674
                          ],
                          [
                            -53.706,
                            -15.664
                          ],
                          [
                            -36.674,
                            -53.706
                          ],
                          [
                            15.664,
                            -53.706
                          ],
                          [
                            53.706,
                            -36.674
                          ],
                          [
                            53.706,
                            15.664
                          ]
                        ],
                        "o": [
                          [
                            15.664,
                            53.706
                          ],
                          [
                            -36.674,
                            53.706
                          ],
                          [
                            -53.706,
                            15.664
                          ],
                          [
                            -53.706,
                            -36.674
                          ],
                          [
                            -15.664,
                            -53.706
                          ],
                          [
                            36.674,
                            -53.706
                          ],
                          [
                            53.706,
                            -15.664
                          ],
                          [
                            53.706,
                            36.674
                          ]
                        ],
                        "v": [
                          [
                            15.664,
                            53.706
                          ],
                          [
                            -15.664,
                            53.706
                          ],
                          [
                            -53.706,
                            15.664
                          ],
                          [
                            -53.706,
                            -15.664
                          ],
                          [
                            -15.664,
                            -53.706
                          ],
                          [
                            15.664,
                            -53.706
                          ],
                          [
                            53.706,
                            -15.664
                          ],
                          [
                            53.706,
                            15.664
                          ]
                        ],
                        "c": true
                      }
                    ]
                  },
                  {
                    "i": {
                      "x": 0.667,
                      "y": 1
                    },
                    "o": {
                      "x": 0.333,
                      "y": 0
                    },
                    "t": 25.025,
                    "s": [
                      {
                        "i": [
                          [
                            35.838,
                            231.706
                          ],
                          [
                            -16.5,
                            231.706
                          ],
                          [
                            -54.542,
                            214.67399999999998
                          ],
                          [
                            -54.542,
                            162.336
                          ],
                          [
                            -37.510000000000005,
                            124.294
                          ],
                          [
                            14.828,
                            124.294
                          ],
                          [
                            52.87,
                            141.32600000000002
                          ],
                          [
                            52.87,
                            193.664
                          ]
                        ],
                        "o": [
                          [
                            14.828,
                            231.706
                          ],
                          [
                            -37.510000000000005,
                            231.706
                          ],
                          [
                            -54.542,
                            193.664
                          ],
                          [
                            -54.542,
                            141.32600000000002
                          ],
                          [
                            -16.5,
                            124.294
                          ],
                          [
                            35.838,
                            124.294
                          ],
                          [
                            52.87,
                            162.336
                          ],
                          [
                            52.87,
                            214.67399999999998
                          ]
                        ],
                        "v": [
                          [
                            14.828,
                            231.706
                          ],
                          [
                            -16.5,
                            231.706
                          ],
                          [
                            -54.542,
                            193.664
                          ],
                          [
                            -54.542,
                            162.336
                          ],
                          [
                            -16.5,
                            124.294
                          ],
                          [
                            14.828,
                            124.294
                          ],
                          [
                            52.87,
                            162.336
                          ],
                          [
                            52.87,
                            193.664
                          ]
                        ],
                        "c": true
                      }
                    ]
                  },
                  {
                    "i": {
                      "x": 0.667,
                      "y": 1
                    },
                    "o": {
                      "x": 0.333,
                      "y": 0
                    },
                    "t": 50.051,
                    "s": [
                      {
                        "i": [
                          [
                            36.674,
                            53.706
                          ],
                          [
                            -15.664,
                            53.706
                          ],
                          [
                            -53.706,
                            36.674
                          ],
                          [
                            -53.706,
                            -15.664
                          ],
                          [
                            -36.674,
                            -53.706
                          ],
                          [
                            15.664,
                            -53.706
                          ],
                          [
                            53.706,
                            -36.674
                          ],
                          [
                            53.706,
                            15.664
                          ]
                        ],
                        "o": [
                          [
                            15.664,
                            53.706
                          ],
                          [
                            -36.674,
                            53.706
                          ],
                          [
                            -53.706,
                            15.664
                          ],
                          [
                            -53.706,
                            -36.674
                          ],
                          [
                            -15.664,
                            -53.706
                          ],
                          [
                            36.674,
                            -53.706
                          ],
                          [
                            53.706,
                            -15.664
                          ],
                          [
                            53.706,
                            36.674
                          ]
                        ],
                        "v": [
                          [
                            15.664,
                            53.706
                          ],
                          [
                            -15.664,
                            53.706
                          ],
                          [
                            -53.706,
                            15.664
                          ],
                          [
                            -53.706,
                            -15.664
                          ],
                          [
                            -15.664,
                            -53.706
                          ],
                          [
                            15.664,
                            -53.706
                          ],
                          [
                            53.706,
                            -15.664
                          ],
                          [
                            53.706,
                            15.664
                          ]
                        ],
                        "c": true
                      }
                    ]
                  },
                  {
                    "i": {
                      "x": 0.667,
                      "y": 1
                    },
                    "o": {
                      "x": 0.333,
                      "y": 0
                    },
                    "t": 60.061,
                    "s": [
                      {
                        "i": [
                          [
                            36.674,
                            53.706
                          ],
                          [
                            -15.664,
                            53.706
                          ],
                          [
                            -53.706,
                            36.674
                          ],
                          [
                            -53.706,
                            -15.664
                          ],
                          [
                            -36.674,
                            -53.706
                          ],
                          [
                            15.664,
                            -53.706
                          ],
                          [
                            53.706,
                            -36.674
                          ],
                          [
                            53.706,
                            15.664
                          ]
                        ],
                        "o": [
                          [
                            15.664,
                            53.706
                          ],
                          [
                            -36.674,
                            53.706
                          ],
                          [
                            -53.706,
                            15.664
                          ],
                          [
                            -53.706,
                            -36.674
                          ],
                          [
                            -15.664,
                            -53.706
                          ],
                          [
                            36.674,
                            -53.706
                          ],
                          [
                            53.706,
                            -15.664
                          ],
                          [
                            53.706,
                            36.674
                          ]
                        ],
                        "v": [
                          [
                            15.664,
                            53.706
                          ],
                          [
                            -15.664,
                            53.706
                          ],
                          [
                            -53.706,
                            15.664
                          ],
                          [
                            -53.706,
                            -15.664
                          ],
                          [
                            -15.664,
                            -53.706
                          ],
                          [
                            15.664,
                            -53.706
                          ],
                          [
                            53.706,
                            -15.664
                          ],
                          [
                            53.706,
                            15.664
                          ]
                        ],
                        "c": true
                      }
                    ]
                  },
                  {
                    "i": {
                      "x": 0.667,
                      "y": 1
                    },
                    "o": {
                      "x": 0.333,
                      "y": 0
                    },
                    "t": 85.086,
                    "s": [
                      {
                        "i": [
                          [
                            35.838,
                            231.706
                          ],
                          [
                            -16.5,
                            231.706
                          ],
                          [
                            -54.542,
                            214.67399999999998
                          ],
                          [
                            -54.542,
                            162.336
                          ],
                          [
                            -37.510000000000005,
                            124.294
                          ],
                          [
                            14.828,
                            124.294
                          ],
                          [
                            52.87,
                            141.32600000000002
                          ],
                          [
                            52.87,
                            193.664
                          ]
                        ],
                        "o": [
                          [
                            14.828,
                            231.706
                          ],
                          [
                            -37.510000000000005,
                            231.706
                          ],
                          [
                            -54.542,
                            193.664
                          ],
                          [
                            -54.542,
                            141.32600000000002
                          ],
                          [
                            -16.5,
                            124.294
                          ],
                          [
                            35.838,
                            124.294
                          ],
                          [
                            52.87,
                            162.336
                          ],
                          [
                            52.87,
                            214.67399999999998
                          ]
                        ],
                        "v": [
                          [
                            14.828,
                            231.706
                          ],
                          [
                            -16.5,
                            231.706
                          ],
                          [
                            -54.542,
                            193.664
                          ],
                          [
                            -54.542,
                            162.336
                          ],
                          [
                            -16.5,
                            124.294
                          ],
                          [
                            14.828,
                            124.294
                          ],
                          [
                            52.87,
                            162.336
                          ],
                          [
                            52.87,
                            193.664
                          ]
                        ],
                        "c": true
                      }
                    ]
                  },
                  {
                    "t": 110.109375,
                    "s": [
                      {
                        "i": [
                          [
                            36.674,
                            53.706
                          ],
                          [
                            -15.664,
                            53.706
                          ],
                          [
                            -53.706,
                            36.674
                          ],
                          [
                            -53.706,
                            -15.664
                          ],
                          [
                            -36.674,
                            -53.706
                          ],
                          [
                            15.664,
                            -53.706
                          ],
                          [
                            53.706,
                            -36.674
                          ],
                          [
                            53.706,
                            15.664
                          ]
                        ],
                        "o": [
                          [
                            15.664,
                            53.706
                          ],
                          [
                            -36.674,
                            53.706
                          ],
                          [
                            -53.706,
                            15.664
                          ],
                          [
                            -53.706,
                            -36.674
                          ],
                          [
                            -15.664,
                            -53.706
                          ],
                          [
                            36.674,
                            -53.706
                          ],
                          [
                            53.706,
                            -15.664
                          ],
                          [
                            53.706,
                            36.674
                          ]
                        ],
                        "v": [
                          [
                            15.664,
                            53.706
                          ],
                          [
                            -15.664,
                            53.706
                          ],
                          [
                            -53.706,
                            15.664
                          ],
                          [
                            -53.706,
                            -15.664
                          ],
                          [
                            -15.664,
                            -53.706
                          ],
                          [
                            15.664,
                            -53.706
                          ],
                          [
                            53.706,
                            -15.664
                          ],
                          [
                            53.706,
                            15.664
                          ]
                        ],
                        "c": true
                      }
                    ]
                  }
                ],
                "ix": 2
              },
              "nm": "Path 1",
              "mn": "ADBE Vector Shape - Group",
              "hd": false,
              "_render": true
            },
            {
              "ty": "st",
              "c": {
                "a": 0,
                "k": [
                  0,
                  0,
                  0,
                  1
                ],
                "ix": 3
              },
              "o": {
                "a": 0,
                "k": 100,
                "ix": 4
              },
              "w": {
                "a": 0,
                "k": 35,
                "ix": 5
              },
              "lc": 2,
              "lj": 2,
              "bm": 0,
              "nm": "Stroke 1",
              "mn": "ADBE Vector Graphic - Stroke",
              "hd": false,
              "_render": true
            },
            {
              "ty": "tr",
              "p": {
                "a": 0,
                "k": [
                  409.794,
                  415.441
                ],
                "ix": 2
              },
              "a": {
                "a": 0,
                "k": [
                  0,
                  0
                ],
                "ix": 1
              },
              "s": {
                "a": 0,
                "k": [
                  100,
                  100
                ],
                "ix": 3
              },
              "r": {
                "a": 0,
                "k": 0,
                "ix": 6
              },
              "o": {
                "a": 0,
                "k": 100,
                "ix": 7
              },
              "sk": {
                "a": 0,
                "k": 0,
                "ix": 4
              },
              "sa": {
                "a": 0,
                "k": 0,
                "ix": 5
              },
              "nm": "Transform",
              "_render": true
            }
          ],
          "nm": "Group 1",
          "np": 3,
          "cix": 2,
          "bm": 0,
          "ix": 1,
          "mn": "ADBE Vector Group",
          "hd": false,
          "_render": true
        },
        {
          "ty": "gr",
          "it": [
            {
              "ind": 0,
              "ty": "sh",
              "ix": 1,
              "ks": {
                "a": 1,
                "k": [
                  {
                    "i": {
                      "x": 0.667,
                      "y": 1
                    },
                    "o": {
                      "x": 0.333,
                      "y": 0
                    },
                    "t": 0,
                    "s": [
                      {
                        "i": [
                          [
                            36.674,
                            53.706
                          ],
                          [
                            -15.664,
                            53.706
                          ],
                          [
                            -53.706,
                            36.674
                          ],
                          [
                            -53.706,
                            -15.664
                          ],
                          [
                            -36.674,
                            -53.706
                          ],
                          [
                            15.664,
                            -53.706
                          ],
                          [
                            53.706,
                            -36.674
                          ],
                          [
                            53.706,
                            15.664
                          ]
                        ],
                        "o": [
                          [
                            15.664,
                            53.706
                          ],
                          [
                            -36.674,
                            53.706
                          ],
                          [
                            -53.706,
                            15.664
                          ],
                          [
                            -53.706,
                            -36.674
                          ],
                          [
                            -15.664,
                            -53.706
                          ],
                          [
                            36.674,
                            -53.706
                          ],
                          [
                            53.706,
                            -15.664
                          ],
                          [
                            53.706,
                            36.674
                          ]
                        ],
                        "v": [
                          [
                            15.664,
                            53.706
                          ],
                          [
                            -15.664,
                            53.706
                          ],
                          [
                            -53.706,
                            15.664
                          ],
                          [
                            -53.706,
                            -15.664
                          ],
                          [
                            -15.664,
                            -53.706
                          ],
                          [
                            15.664,
                            -53.706
                          ],
                          [
                            53.706,
                            -15.664
                          ],
                          [
                            53.706,
                            15.664
                          ]
                        ],
                        "c": true
                      }
                    ]
                  },
                  {
                    "i": {
                      "x": 0.667,
                      "y": 1
                    },
                    "o": {
                      "x": 0.333,
                      "y": 0
                    },
                    "t": 25.025,
                    "s": [
                      {
                        "i": [
                          [
                            35.838,
                            -108.294
                          ],
                          [
                            -16.5,
                            -108.294
                          ],
                          [
                            -54.542,
                            -125.32600000000001
                          ],
                          [
                            -54.542,
                            -177.664
                          ],
                          [
                            -37.510000000000005,
                            -215.706
                          ],
                          [
                            14.828,
                            -215.706
                          ],
                          [
                            52.87,
                            -198.67399999999998
                          ],
                          [
                            52.87,
                            -146.336
                          ]
                        ],
                        "o": [
                          [
                            14.828,
                            -108.294
                          ],
                          [
                            -37.510000000000005,
                            -108.294
                          ],
                          [
                            -54.542,
                            -146.336
                          ],
                          [
                            -54.542,
                            -198.67399999999998
                          ],
                          [
                            -16.5,
                            -215.706
                          ],
                          [
                            35.838,
                            -215.706
                          ],
                          [
                            52.87,
                            -177.664
                          ],
                          [
                            52.87,
                            -125.32600000000001
                          ]
                        ],
                        "v": [
                          [
                            14.828,
                            -108.294
                          ],
                          [
                            -16.5,
                            -108.294
                          ],
                          [
                            -54.542,
                            -146.336
                          ],
                          [
                            -54.542,
                            -177.664
                          ],
                          [
                            -16.5,
                            -215.706
                          ],
                          [
                            14.828,
                            -215.706
                          ],
                          [
                            52.87,
                            -177.664
                          ],
                          [
                            52.87,
                            -146.336
                          ]
                        ],
                        "c": true
                      }
                    ]
                  },
                  {
                    "i": {
                      "x": 0.667,
                      "y": 1
                    },
                    "o": {
                      "x": 0.333,
                      "y": 0
                    },
                    "t": 50.051,
                    "s": [
                      {
                        "i": [
                          [
                            36.674,
                            53.706
                          ],
                          [
                            -15.664,
                            53.706
                          ],
                          [
                            -53.706,
                            36.674
                          ],
                          [
                            -53.706,
                            -15.664
                          ],
                          [
                            -36.674,
                            -53.706
                          ],
                          [
                            15.664,
                            -53.706
                          ],
                          [
                            53.706,
                            -36.674
                          ],
                          [
                            53.706,
                            15.664
                          ]
                        ],
                        "o": [
                          [
                            15.664,
                            53.706
                          ],
                          [
                            -36.674,
                            53.706
                          ],
                          [
                            -53.706,
                            15.664
                          ],
                          [
                            -53.706,
                            -36.674
                          ],
                          [
                            -15.664,
                            -53.706
                          ],
                          [
                            36.674,
                            -53.706
                          ],
                          [
                            53.706,
                            -15.664
                          ],
                          [
                            53.706,
                            36.674
                          ]
                        ],
                        "v": [
                          [
                            15.664,
                            53.706
                          ],
                          [
                            -15.664,
                            53.706
                          ],
                          [
                            -53.706,
                            15.664
                          ],
                          [
                            -53.706,
                            -15.664
                          ],
                          [
                            -15.664,
                            -53.706
                          ],
                          [
                            15.664,
                            -53.706
                          ],
                          [
                            53.706,
                            -15.664
                          ],
                          [
                            53.706,
                            15.664
                          ]
                        ],
                        "c": true
                      }
                    ]
                  },
                  {
                    "i": {
                      "x": 0.667,
                      "y": 1
                    },
                    "o": {
                      "x": 0.333,
                      "y": 0
                    },
                    "t": 60.061,
                    "s": [
                      {
                        "i": [
                          [
                            36.674,
                            53.706
                          ],
                          [
                            -15.664,
                            53.706
                          ],
                          [
                            -53.706,
                            36.674
                          ],
                          [
                            -53.706,
                            -15.664
                          ],
                          [
                            -36.674,
                            -53.706
                          ],
                          [
                            15.664,
                            -53.706
                          ],
                          [
                            53.706,
                            -36.674
                          ],
                          [
                            53.706,
                            15.664
                          ]
                        ],
                        "o": [
                          [
                            15.664,
                            53.706
                          ],
                          [
                            -36.674,
                            53.706
                          ],
                          [
                            -53.706,
                            15.664
                          ],
                          [
                            -53.706,
                            -36.674
                          ],
                          [
                            -15.664,
                            -53.706
                          ],
                          [
                            36.674,
                            -53.706
                          ],
                          [
                            53.706,
                            -15.664
                          ],
                          [
                            53.706,
                            36.674
                          ]
                        ],
                        "v": [
                          [
                            15.664,
                            53.706
                          ],
                          [
                            -15.664,
                            53.706
                          ],
                          [
                            -53.706,
                            15.664
                          ],
                          [
                            -53.706,
                            -15.664
                          ],
                          [
                            -15.664,
                            -53.706
                          ],
                          [
                            15.664,
                            -53.706
                          ],
                          [
                            53.706,
                            -15.664
                          ],
                          [
                            53.706,
                            15.664
                          ]
                        ],
                        "c": true
                      }
                    ]
                  },
                  {
                    "i": {
                      "x": 0.667,
                      "y": 1
                    },
                    "o": {
                      "x": 0.333,
                      "y": 0
                    },
                    "t": 85.086,
                    "s": [
                      {
                        "i": [
                          [
                            35.838,
                            -108.294
                          ],
                          [
                            -16.5,
                            -108.294
                          ],
                          [
                            -54.542,
                            -125.32600000000001
                          ],
                          [
                            -54.542,
                            -177.664
                          ],
                          [
                            -37.510000000000005,
                            -215.706
                          ],
                          [
                            14.828,
                            -215.706
                          ],
                          [
                            52.87,
                            -198.67399999999998
                          ],
                          [
                            52.87,
                            -146.336
                          ]
                        ],
                        "o": [
                          [
                            14.828,
                            -108.294
                          ],
                          [
                            -37.510000000000005,
                            -108.294
                          ],
                          [
                            -54.542,
                            -146.336
                          ],
                          [
                            -54.542,
                            -198.67399999999998
                          ],
                          [
                            -16.5,
                            -215.706
                          ],
                          [
                            35.838,
                            -215.706
                          ],
                          [
                            52.87,
                            -177.664
                          ],
                          [
                            52.87,
                            -125.32600000000001
                          ]
                        ],
                        "v": [
                          [
                            14.828,
                            -108.294
                          ],
                          [
                            -16.5,
                            -108.294
                          ],
                          [
                            -54.542,
                            -146.336
                          ],
                          [
                            -54.542,
                            -177.664
                          ],
                          [
                            -16.5,
                            -215.706
                          ],
                          [
                            14.828,
                            -215.706
                          ],
                          [
                            52.87,
                            -177.664
                          ],
                          [
                            52.87,
                            -146.336
                          ]
                        ],
                        "c": true
                      }
                    ]
                  },
                  {
                    "t": 110.109375,
                    "s": [
                      {
                        "i": [
                          [
                            36.674,
                            53.706
                          ],
                          [
                            -15.664,
                            53.706
                          ],
                          [
                            -53.706,
                            36.674
                          ],
                          [
                            -53.706,
                            -15.664
                          ],
                          [
                            -36.674,
                            -53.706
                          ],
                          [
                            15.664,
                            -53.706
                          ],
                          [
                            53.706,
                            -36.674
                          ],
                          [
                            53.706,
                            15.664
                          ]
                        ],
                        "o": [
                          [
                            15.664,
                            53.706
                          ],
                          [
                            -36.674,
                            53.706
                          ],
                          [
                            -53.706,
                            15.664
                          ],
                          [
                            -53.706,
                            -36.674
                          ],
                          [
                            -15.664,
                            -53.706
                          ],
                          [
                            36.674,
                            -53.706
                          ],
                          [
                            53.706,
                            -15.664
                          ],
                          [
                            53.706,
                            36.674
                          ]
                        ],
                        "v": [
                          [
                            15.664,
                            53.706
                          ],
                          [
                            -15.664,
                            53.706
                          ],
                          [
                            -53.706,
                            15.664
                          ],
                          [
                            -53.706,
                            -15.664
                          ],
                          [
                            -15.664,
                            -53.706
                          ],
                          [
                            15.664,
                            -53.706
                          ],
                          [
                            53.706,
                            -15.664
                          ],
                          [
                            53.706,
                            15.664
                          ]
                        ],
                        "c": true
                      }
                    ]
                  }
                ],
                "ix": 2
              },
              "nm": "Path 1",
              "mn": "ADBE Vector Shape - Group",
              "hd": false,
              "_render": true
            },
            {
              "ty": "st",
              "c": {
                "a": 0,
                "k": [
                  0,
                  0,
                  0,
                  1
                ],
                "ix": 3
              },
              "o": {
                "a": 0,
                "k": 100,
                "ix": 4
              },
              "w": {
                "a": 0,
                "k": 35,
                "ix": 5
              },
              "lc": 2,
              "lj": 2,
              "bm": 0,
              "nm": "Stroke 1",
              "mn": "ADBE Vector Graphic - Stroke",
              "hd": false,
              "_render": true
            },
            {
              "ty": "tr",
              "p": {
                "a": 0,
                "k": [
                  583.206,
                  553.706
                ],
                "ix": 2
              },
              "a": {
                "a": 0,
                "k": [
                  0,
                  0
                ],
                "ix": 1
              },
              "s": {
                "a": 0,
                "k": [
                  100,
                  100
                ],
                "ix": 3
              },
              "r": {
                "a": 0,
                "k": 0,
                "ix": 6
              },
              "o": {
                "a": 0,
                "k": 100,
                "ix": 7
              },
              "sk": {
                "a": 0,
                "k": 0,
                "ix": 4
              },
              "sa": {
                "a": 0,
                "k": 0,
                "ix": 5
              },
              "nm": "Transform",
              "_render": true
            }
          ],
          "nm": "Group 2",
          "np": 3,
          "cix": 2,
          "bm": 0,
          "ix": 2,
          "mn": "ADBE Vector Group",
          "hd": false,
          "_render": true
        },
        {
          "ty": "gr",
          "it": [
            {
              "ind": 0,
              "ty": "sh",
              "ix": 1,
              "ks": {
                "a": 0,
                "k": {
                  "i": [
                    [
                      0,
                      -223.412
                    ],
                    [
                      0,
                      223.412
                    ]
                  ],
                  "o": [
                    [
                      0,
                      -223.412
                    ],
                    [
                      0,
                      223.412
                    ]
                  ],
                  "v": [
                    [
                      0,
                      -223.412
                    ],
                    [
                      0,
                      223.412
                    ]
                  ],
                  "c": false
                },
                "ix": 2
              },
              "nm": "Path 1",
              "mn": "ADBE Vector Shape - Group",
              "hd": false,
              "_render": true
            },
            {
              "ty": "st",
              "c": {
                "a": 0,
                "k": [
                  0,
                  0,
                  0,
                  1
                ],
                "ix": 3
              },
              "o": {
                "a": 0,
                "k": 100,
                "ix": 4
              },
              "w": {
                "a": 0,
                "k": 35,
                "ix": 5
              },
              "lc": 2,
              "lj": 2,
              "bm": 0,
              "nm": "Stroke 1",
              "mn": "ADBE Vector Graphic - Stroke",
              "hd": false,
              "_render": true
            },
            {
              "ty": "tr",
              "p": {
                "a": 0,
                "k": [
                  583.206,
                  481.147
                ],
                "ix": 2
              },
              "a": {
                "a": 0,
                "k": [
                  0,
                  0
                ],
                "ix": 1
              },
              "s": {
                "a": 0,
                "k": [
                  100,
                  100
                ],
                "ix": 3
              },
              "r": {
                "a": 0,
                "k": 0,
                "ix": 6
              },
              "o": {
                "a": 0,
                "k": 100,
                "ix": 7
              },
              "sk": {
                "a": 0,
                "k": 0,
                "ix": 4
              },
              "sa": {
                "a": 0,
                "k": 0,
                "ix": 5
              },
              "nm": "Transform",
              "_render": true
            }
          ],
          "nm": "Group 3",
          "np": 2,
          "cix": 2,
          "bm": 0,
          "ix": 3,
          "mn": "ADBE Vector Group",
          "hd": false,
          "_render": true
        },
        {
          "ty": "gr",
          "it": [
            {
              "ind": 0,
              "ty": "sh",
              "ix": 1,
              "ks": {
                "a": 0,
                "k": {
                  "i": [
                    [
                      0,
                      -223.412
                    ],
                    [
                      0,
                      223.412
                    ]
                  ],
                  "o": [
                    [
                      0,
                      -223.412
                    ],
                    [
                      0,
                      223.412
                    ]
                  ],
                  "v": [
                    [
                      0,
                      -223.412
                    ],
                    [
                      0,
                      223.412
                    ]
                  ],
                  "c": false
                },
                "ix": 2
              },
              "nm": "Path 1",
              "mn": "ADBE Vector Shape - Group",
              "hd": false,
              "_render": true
            },
            {
              "ty": "st",
              "c": {
                "a": 0,
                "k": [
                  0,
                  0,
                  0,
                  1
                ],
                "ix": 3
              },
              "o": {
                "a": 0,
                "k": 100,
                "ix": 4
              },
              "w": {
                "a": 0,
                "k": 35,
                "ix": 5
              },
              "lc": 2,
              "lj": 2,
              "bm": 0,
              "nm": "Stroke 1",
              "mn": "ADBE Vector Graphic - Stroke",
              "hd": false,
              "_render": true
            },
            {
              "ty": "tr",
              "p": {
                "a": 0,
                "k": [
                  409.794,
                  481.147
                ],
                "ix": 2
              },
              "a": {
                "a": 0,
                "k": [
                  0,
                  0
                ],
                "ix": 1
              },
              "s": {
                "a": 0,
                "k": [
                  100,
                  100
                ],
                "ix": 3
              },
              "r": {
                "a": 0,
                "k": 0,
                "ix": 6
              },
              "o": {
                "a": 0,
                "k": 100,
                "ix": 7
              },
              "sk": {
                "a": 0,
                "k": 0,
                "ix": 4
              },
              "sa": {
                "a": 0,
                "k": 0,
                "ix": 5
              },
              "nm": "Transform",
              "_render": true
            }
          ],
          "nm": "Group 4",
          "np": 2,
          "cix": 2,
          "bm": 0,
          "ix": 4,
          "mn": "ADBE Vector Group",
          "hd": false,
          "_render": true
        }
      ],
      "ip": 0,
      "op": 120.12012012012,
      "st": 0,
      "ct": 1,
      "bm": 0,
      "completed": true
    }
  ],
  "markers": [],
  "__complete": true
}