{
  "v": "5.9.6",
  "fr": 60,
  "ip": 0,
  "op": 120,
  "w": 750,
  "h": 750,
  "nm": "Comp 1",
  "ddd": 0,
  "assets": [],
  "layers": [
    {
      "ddd": 0,
      "ind": 1,
      "ty": 4,
      "nm": "Layer 2",
      "sr": 1,
      "ks": {
        "o": {
          "a": 0,
          "k": 100,
          "ix": 11
        },
        "r": {
          "a": 0,
          "k": 0,
          "ix": 10
        },
        "p": {
          "a": 0,
          "k": [
            375.5,
            366.724,
            0
          ],
          "ix": 2,
          "l": 2
        },
        "a": {
          "a": 0,
          "k": [
            500.5,
            491.724,
            0
          ],
          "ix": 1,
          "l": 2
        },
        "s": {
          "a": 0,
          "k": [
            100,
            100,
            100
          ],
          "ix": 6,
          "l": 2
        }
      },
      "ao": 0,
      "shapes": [
        {
          "ty": "gr",
          "it": [
            {
              "ind": 0,
              "ty": "sh",
              "ix": 1,
              "ks": {
                "a": 1,
                "k": [
                  {
                    "i": {
                      "x": 0.38,
                      "y": 1
                    },
                    "o": {
                      "x": 0.62,
                      "y": 0
                    },
                    "t": 0,
                    "s": [
                      {
                        "i": [
                          [
                            -97.412,
                            0
                          ],
                          [
                            97.412,
                            0
                          ]
                        ],
                        "o": [
                          [
                            -97.412,
                            0
                          ],
                          [
                            97.412,
                            0
                          ]
                        ],
                        "v": [
                          [
                            -97.412,
                            0
                          ],
                          [
                            97.412,
                            0
                          ]
                        ],
                        "c": false
                      }
                    ]
                  },
                  {
                    "i": {
                      "x": 0.38,
                      "y": 1
                    },
                    "o": {
                      "x": 0.62,
                      "y": 0
                    },
                    "t": 25,
                    "s": [
                      {
                        "i": [
                          [
                            -0.912,
                            0
                          ],
                          [
                            -0.912,
                            0
                          ]
                        ],
                        "o": [
                          [
                            -0.912,
                            0
                          ],
                          [
                            -0.912,
                            0
                          ]
                        ],
                        "v": [
                          [
                            -0.912,
                            0
                          ],
                          [
                            -0.912,
                            0
                          ]
                        ],
                        "c": false
                      }
                    ]
                  },
                  {
                    "t": 50,
                    "s": [
                      {
                        "i": [
                          [
                            -97.412,
                            0
                          ],
                          [
                            97.412,
                            0
                          ]
                        ],
                        "o": [
                          [
                            -97.412,
                            0
                          ],
                          [
                            97.412,
                            0
                          ]
                        ],
                        "v": [
                          [
                            -97.412,
                            0
                          ],
                          [
                            97.412,
                            0
                          ]
                        ],
                        "c": false
                      }
                    ]
                  }
                ],
                "ix": 2
              },
              "nm": "Path 1",
              "mn": "ADBE Vector Shape - Group",
              "hd": false,
              "_render": true
            },
            {
              "ty": "st",
              "c": {
                "a": 0,
                "k": [
                  0,
                  0,
                  0,
                  1
                ],
                "ix": 3
              },
              "o": {
                "a": 0,
                "k": 100,
                "ix": 4
              },
              "w": {
                "a": 0,
                "k": 35,
                "ix": 5
              },
              "lc": 2,
              "lj": 2,
              "bm": 0,
              "nm": "Stroke 1",
              "mn": "ADBE Vector Graphic - Stroke",
              "hd": false,
              "_render": true
            },
            {
              "ty": "tr",
              "p": {
                "a": 0,
                "k": [
                  500.912,
                  383.5
                ],
                "ix": 2
              },
              "a": {
                "a": 0,
                "k": [
                  0,
                  0
                ],
                "ix": 1
              },
              "s": {
                "a": 0,
                "k": [
                  100,
                  100
                ],
                "ix": 3
              },
              "r": {
                "a": 0,
                "k": 0,
                "ix": 6
              },
              "o": {
                "a": 0,
                "k": 100,
                "ix": 7
              },
              "sk": {
                "a": 0,
                "k": 0,
                "ix": 4
              },
              "sa": {
                "a": 0,
                "k": 0,
                "ix": 5
              },
              "nm": "Transform",
              "_render": true
            }
          ],
          "nm": "Group 1",
          "np": 2,
          "cix": 2,
          "bm": 0,
          "ix": 1,
          "mn": "ADBE Vector Group",
          "hd": false,
          "_render": true
        },
        {
          "ty": "gr",
          "it": [
            {
              "ind": 0,
              "ty": "sh",
              "ix": 1,
              "ks": {
                "a": 1,
                "k": [
                  {
                    "i": {
                      "x": 0.38,
                      "y": 1
                    },
                    "o": {
                      "x": 0.62,
                      "y": 0
                    },
                    "t": 0,
                    "s": [
                      {
                        "i": [
                          [
                            0,
                            208.062
                          ],
                          [
                            0,
                            -208.062
                          ]
                        ],
                        "o": [
                          [
                            0,
                            208.062
                          ],
                          [
                            0,
                            -208.062
                          ]
                        ],
                        "v": [
                          [
                            0,
                            208.062
                          ],
                          [
                            0,
                            -208.062
                          ]
                        ],
                        "c": false
                      }
                    ]
                  },
                  {
                    "i": {
                      "x": 0.38,
                      "y": 1
                    },
                    "o": {
                      "x": 0.62,
                      "y": 0
                    },
                    "t": 25,
                    "s": [
                      {
                        "i": [
                          [
                            -0.5,
                            208.062
                          ],
                          [
                            -0.5,
                            -208.062
                          ]
                        ],
                        "o": [
                          [
                            -0.5,
                            208.062
                          ],
                          [
                            -0.5,
                            -208.062
                          ]
                        ],
                        "v": [
                          [
                            -0.5,
                            208.062
                          ],
                          [
                            -0.5,
                            -208.062
                          ]
                        ],
                        "c": false
                      }
                    ]
                  },
                  {
                    "t": 50,
                    "s": [
                      {
                        "i": [
                          [
                            0,
                            208.062
                          ],
                          [
                            0,
                            -208.062
                          ]
                        ],
                        "o": [
                          [
                            0,
                            208.062
                          ],
                          [
                            0,
                            -208.062
                          ]
                        ],
                        "v": [
                          [
                            0,
                            208.062
                          ],
                          [
                            0,
                            -208.062
                          ]
                        ],
                        "c": false
                      }
                    ]
                  }
                ],
                "ix": 2
              },
              "nm": "Path 1",
              "mn": "ADBE Vector Shape - Group",
              "hd": false,
              "_render": true
            },
            {
              "ty": "st",
              "c": {
                "a": 0,
                "k": [
                  0,
                  0,
                  0,
                  1
                ],
                "ix": 3
              },
              "o": {
                "a": 0,
                "k": 100,
                "ix": 4
              },
              "w": {
                "a": 0,
                "k": 35,
                "ix": 5
              },
              "lc": 2,
              "lj": 2,
              "bm": 0,
              "nm": "Stroke 1",
              "mn": "ADBE Vector Graphic - Stroke",
              "hd": false,
              "_render": true
            },
            {
              "ty": "tr",
              "p": {
                "a": 0,
                "k": [
                  500.5,
                  538.562
                ],
                "ix": 2
              },
              "a": {
                "a": 0,
                "k": [
                  0,
                  0
                ],
                "ix": 1
              },
              "s": {
                "a": 0,
                "k": [
                  100,
                  100
                ],
                "ix": 3
              },
              "r": {
                "a": 0,
                "k": 0,
                "ix": 6
              },
              "o": {
                "a": 0,
                "k": 100,
                "ix": 7
              },
              "sk": {
                "a": 0,
                "k": 0,
                "ix": 4
              },
              "sa": {
                "a": 0,
                "k": 0,
                "ix": 5
              },
              "nm": "Transform",
              "_render": true
            }
          ],
          "nm": "Group 2",
          "np": 2,
          "cix": 2,
          "bm": 0,
          "ix": 2,
          "mn": "ADBE Vector Group",
          "hd": false,
          "_render": true
        },
        {
          "ty": "gr",
          "it": [
            {
              "ind": 0,
              "ty": "sh",
              "ix": 1,
              "ks": {
                "a": 1,
                "k": [
                  {
                    "i": {
                      "x": 0.38,
                      "y": 1
                    },
                    "o": {
                      "x": 0.62,
                      "y": 0
                    },
                    "t": 0,
                    "s": [
                      {
                        "i": [
                          [
                            30.539,
                            42.266
                          ],
                          [
                            -16.072,
                            42.266
                          ],
                          [
                            -42.266,
                            30.539
                          ],
                          [
                            -42.266,
                            -16.072
                          ],
                          [
                            -30.539,
                            -42.266
                          ],
                          [
                            16.072,
                            -42.266
                          ],
                          [
                            42.266,
                            -30.539
                          ],
                          [
                            42.266,
                            16.072
                          ]
                        ],
                        "o": [
                          [
                            16.072,
                            42.266
                          ],
                          [
                            -30.539,
                            42.266
                          ],
                          [
                            -42.266,
                            16.072
                          ],
                          [
                            -42.266,
                            -30.539
                          ],
                          [
                            -16.072,
                            -42.266
                          ],
                          [
                            30.539,
                            -42.266
                          ],
                          [
                            42.266,
                            -16.072
                          ],
                          [
                            42.266,
                            30.539
                          ]
                        ],
                        "v": [
                          [
                            16.072,
                            42.266
                          ],
                          [
                            -16.072,
                            42.266
                          ],
                          [
                            -42.266,
                            16.072
                          ],
                          [
                            -42.266,
                            -16.072
                          ],
                          [
                            -16.072,
                            -42.266
                          ],
                          [
                            16.072,
                            -42.266
                          ],
                          [
                            42.266,
                            -16.072
                          ],
                          [
                            42.266,
                            16.072
                          ]
                        ],
                        "c": true
                      }
                    ]
                  },
                  {
                    "i": {
                      "x": 0.38,
                      "y": 1
                    },
                    "o": {
                      "x": 0.62,
                      "y": 0
                    },
                    "t": 25,
                    "s": [
                      {
                        "i": [
                          [
                            -0.234,
                            42.266
                          ],
                          [
                            -0.234,
                            42.266
                          ],
                          [
                            -0.234,
                            30.539
                          ],
                          [
                            -0.234,
                            -16.072
                          ],
                          [
                            -0.234,
                            -42.266
                          ],
                          [
                            -0.234,
                            -42.266
                          ],
                          [
                            -0.234,
                            -30.539
                          ],
                          [
                            -0.234,
                            16.072
                          ]
                        ],
                        "o": [
                          [
                            -0.234,
                            42.266
                          ],
                          [
                            -0.234,
                            42.266
                          ],
                          [
                            -0.234,
                            16.072
                          ],
                          [
                            -0.234,
                            -30.539
                          ],
                          [
                            -0.234,
                            -42.266
                          ],
                          [
                            -0.234,
                            -42.266
                          ],
                          [
                            -0.234,
                            -16.072
                          ],
                          [
                            -0.234,
                            30.539
                          ]
                        ],
                        "v": [
                          [
                            -0.234,
                            42.266
                          ],
                          [
                            -0.234,
                            42.266
                          ],
                          [
                            -0.234,
                            16.072
                          ],
                          [
                            -0.234,
                            -16.072
                          ],
                          [
                            -0.234,
                            -42.266
                          ],
                          [
                            -0.234,
                            -42.266
                          ],
                          [
                            -0.234,
                            -16.072
                          ],
                          [
                            -0.234,
                            16.072
                          ]
                        ],
                        "c": true
                      }
                    ]
                  },
                  {
                    "t": 50,
                    "s": [
                      {
                        "i": [
                          [
                            30.539,
                            42.266
                          ],
                          [
                            -16.072,
                            42.266
                          ],
                          [
                            -42.266,
                            30.539
                          ],
                          [
                            -42.266,
                            -16.072
                          ],
                          [
                            -30.539,
                            -42.266
                          ],
                          [
                            16.072,
                            -42.266
                          ],
                          [
                            42.266,
                            -30.539
                          ],
                          [
                            42.266,
                            16.072
                          ]
                        ],
                        "o": [
                          [
                            16.072,
                            42.266
                          ],
                          [
                            -30.539,
                            42.266
                          ],
                          [
                            -42.266,
                            16.072
                          ],
                          [
                            -42.266,
                            -30.539
                          ],
                          [
                            -16.072,
                            -42.266
                          ],
                          [
                            30.539,
                            -42.266
                          ],
                          [
                            42.266,
                            -16.072
                          ],
                          [
                            42.266,
                            30.539
                          ]
                        ],
                        "v": [
                          [
                            16.072,
                            42.266
                          ],
                          [
                            -16.072,
                            42.266
                          ],
                          [
                            -42.266,
                            16.072
                          ],
                          [
                            -42.266,
                            -16.072
                          ],
                          [
                            -16.072,
                            -42.266
                          ],
                          [
                            16.072,
                            -42.266
                          ],
                          [
                            42.266,
                            -16.072
                          ],
                          [
                            42.266,
                            16.072
                          ]
                        ],
                        "c": true
                      }
                    ]
                  }
                ],
                "ix": 2
              },
              "nm": "Path 1",
              "mn": "ADBE Vector Shape - Group",
              "hd": false,
              "_render": true
            },
            {
              "ty": "st",
              "c": {
                "a": 0,
                "k": [
                  0,
                  0,
                  0,
                  1
                ],
                "ix": 3
              },
              "o": {
                "a": 0,
                "k": 100,
                "ix": 4
              },
              "w": {
                "a": 0,
                "k": 35,
                "ix": 5
              },
              "lc": 2,
              "lj": 2,
              "bm": 0,
              "nm": "Stroke 1",
              "mn": "ADBE Vector Graphic - Stroke",
              "hd": false,
              "_render": true
            },
            {
              "ty": "tr",
              "p": {
                "a": 0,
                "k": [
                  500.234,
                  279.089
                ],
                "ix": 2
              },
              "a": {
                "a": 0,
                "k": [
                  0,
                  0
                ],
                "ix": 1
              },
              "s": {
                "a": 0,
                "k": [
                  100,
                  100
                ],
                "ix": 3
              },
              "r": {
                "a": 0,
                "k": 0,
                "ix": 6
              },
              "o": {
                "a": 0,
                "k": 100,
                "ix": 7
              },
              "sk": {
                "a": 0,
                "k": 0,
                "ix": 4
              },
              "sa": {
                "a": 0,
                "k": 0,
                "ix": 5
              },
              "nm": "Transform",
              "_render": true
            }
          ],
          "nm": "Group 3",
          "np": 2,
          "cix": 2,
          "bm": 0,
          "ix": 3,
          "mn": "ADBE Vector Group",
          "hd": false,
          "_render": true
        },
        {
          "ty": "gr",
          "it": [
            {
              "ind": 0,
              "ty": "sh",
              "ix": 1,
              "ks": {
                "a": 1,
                "k": [
                  {
                    "i": {
                      "x": 0.38,
                      "y": 1
                    },
                    "o": {
                      "x": 0.62,
                      "y": 0
                    },
                    "t": 0,
                    "s": [
                      {
                        "i": [
                          [
                            -164.765,
                            -73.75
                          ],
                          [
                            -238,
                            -73.75
                          ],
                          [
                            -171.962,
                            73.75
                          ],
                          [
                            90.5,
                            73.75
                          ],
                          [
                            238,
                            7.712000000000003
                          ],
                          [
                            161.353,
                            -73.75
                          ]
                        ],
                        "o": [
                          [
                            -164.765,
                            -73.75
                          ],
                          [
                            -238,
                            7.712000000000003
                          ],
                          [
                            -90.5,
                            73.75
                          ],
                          [
                            171.962,
                            73.75
                          ],
                          [
                            238,
                            -73.75
                          ],
                          [
                            161.353,
                            -73.75
                          ]
                        ],
                        "v": [
                          [
                            -164.765,
                            -73.75
                          ],
                          [
                            -238,
                            -73.75
                          ],
                          [
                            -90.5,
                            73.75
                          ],
                          [
                            90.5,
                            73.75
                          ],
                          [
                            238,
                            -73.75
                          ],
                          [
                            161.353,
                            -73.75
                          ]
                        ],
                        "c": false
                      }
                    ]
                  },
                  {
                    "i": {
                      "x": 0.38,
                      "y": 1
                    },
                    "o": {
                      "x": 0.62,
                      "y": 0
                    },
                    "t": 25,
                    "s": [
                      {
                        "i": [
                          [
                            -0.5,
                            -73.75
                          ],
                          [
                            -0.5,
                            -73.75
                          ],
                          [
                            -0.5,
                            73.75
                          ],
                          [
                            -0.5,
                            73.75
                          ],
                          [
                            -0.5,
                            7.712000000000003
                          ],
                          [
                            -0.5,
                            -73.75
                          ]
                        ],
                        "o": [
                          [
                            -0.5,
                            -73.75
                          ],
                          [
                            -0.5,
                            7.712000000000003
                          ],
                          [
                            -0.5,
                            73.75
                          ],
                          [
                            -0.5,
                            73.75
                          ],
                          [
                            -0.5,
                            -73.75
                          ],
                          [
                            -0.5,
                            -73.75
                          ]
                        ],
                        "v": [
                          [
                            -0.5,
                            -73.75
                          ],
                          [
                            -0.5,
                            -73.75
                          ],
                          [
                            -0.5,
                            73.75
                          ],
                          [
                            -0.5,
                            73.75
                          ],
                          [
                            -0.5,
                            -73.75
                          ],
                          [
                            -0.5,
                            -73.75
                          ]
                        ],
                        "c": false
                      }
                    ]
                  },
                  {
                    "t": 50,
                    "s": [
                      {
                        "i": [
                          [
                            -164.765,
                            -73.75
                          ],
                          [
                            -238,
                            -73.75
                          ],
                          [
                            -171.962,
                            73.75
                          ],
                          [
                            90.5,
                            73.75
                          ],
                          [
                            238,
                            7.712000000000003
                          ],
                          [
                            161.353,
                            -73.75
                          ]
                        ],
                        "o": [
                          [
                            -164.765,
                            -73.75
                          ],
                          [
                            -238,
                            7.712000000000003
                          ],
                          [
                            -90.5,
                            73.75
                          ],
                          [
                            171.962,
                            73.75
                          ],
                          [
                            238,
                            -73.75
                          ],
                          [
                            161.353,
                            -73.75
                          ]
                        ],
                        "v": [
                          [
                            -164.765,
                            -73.75
                          ],
                          [
                            -238,
                            -73.75
                          ],
                          [
                            -90.5,
                            73.75
                          ],
                          [
                            90.5,
                            73.75
                          ],
                          [
                            238,
                            -73.75
                          ],
                          [
                            161.353,
                            -73.75
                          ]
                        ],
                        "c": false
                      }
                    ]
                  }
                ],
                "ix": 2
              },
              "nm": "Path 1",
              "mn": "ADBE Vector Shape - Group",
              "hd": false,
              "_render": true
            },
            {
              "ty": "st",
              "c": {
                "a": 0,
                "k": [
                  0,
                  0,
                  0,
                  1
                ],
                "ix": 3
              },
              "o": {
                "a": 0,
                "k": 100,
                "ix": 4
              },
              "w": {
                "a": 0,
                "k": 35,
                "ix": 5
              },
              "lc": 2,
              "lj": 2,
              "bm": 0,
              "nm": "Stroke 1",
              "mn": "ADBE Vector Graphic - Stroke",
              "hd": false,
              "_render": true
            },
            {
              "ty": "tr",
              "p": {
                "a": 0,
                "k": [
                  500.5,
                  672.75
                ],
                "ix": 2
              },
              "a": {
                "a": 0,
                "k": [
                  0,
                  0
                ],
                "ix": 1
              },
              "s": {
                "a": 0,
                "k": [
                  100,
                  100
                ],
                "ix": 3
              },
              "r": {
                "a": 0,
                "k": 0,
                "ix": 6
              },
              "o": {
                "a": 0,
                "k": 100,
                "ix": 7
              },
              "sk": {
                "a": 0,
                "k": 0,
                "ix": 4
              },
              "sa": {
                "a": 0,
                "k": 0,
                "ix": 5
              },
              "nm": "Transform",
              "_render": true
            }
          ],
          "nm": "Group 4",
          "np": 2,
          "cix": 2,
          "bm": 0,
          "ix": 4,
          "mn": "ADBE Vector Group",
          "hd": false,
          "_render": true
        }
      ],
      "ip": 0,
      "op": 120,
      "st": 0,
      "ct": 1,
      "bm": 0,
      "completed": true
    }
  ],
  "markers": [],
  "__complete": true
}