{
  "v": "5.9.6",
  "fr": 60,
  "ip": 0,
  "op": 120,
  "w": 750,
  "h": 750,
  "nm": "Comp 1",
  "ddd": 0,
  "assets": [],
  "layers": [
    {
      "ddd": 0,
      "ind": 1,
      "ty": 4,
      "nm": "Layer 1",
      "sr": 1,
      "ks": {
        "o": {
          "a": 0,
          "k": 100,
          "ix": 11
        },
        "r": {
          "a": 1,
          "k": [
            {
              "i": {
                "x": [
                  0.667
                ],
                "y": [
                  1
                ]
              },
              "o": {
                "x": [
                  0.333
                ],
                "y": [
                  0
                ]
              },
              "t": 0,
              "s": [
                0
              ]
            },
            {
              "i": {
                "x": [
                  0.667
                ],
                "y": [
                  1
                ]
              },
              "o": {
                "x": [
                  0.333
                ],
                "y": [
                  0
                ]
              },
              "t": 13.75,
              "s": [
                10
              ]
            },
            {
              "i": {
                "x": [
                  0.667
                ],
                "y": [
                  1
                ]
              },
              "o": {
                "x": [
                  0.333
                ],
                "y": [
                  0
                ]
              },
              "t": 27.5,
              "s": [
                10
              ]
            },
            {
              "i": {
                "x": [
                  0.667
                ],
                "y": [
                  1
                ]
              },
              "o": {
                "x": [
                  0.333
                ],
                "y": [
                  0
                ]
              },
              "t": 41.25,
              "s": [
                -5
              ]
            },
            {
              "t": 55,
              "s": [
                0
              ]
            }
          ],
          "ix": 10
        },
        "p": {
          "a": 0,
          "k": [
            618,
            594.5,
            0
          ],
          "ix": 2,
          "l": 2
        },
        "a": {
          "a": 0,
          "k": [
            743,
            719.5,
            0
          ],
          "ix": 1,
          "l": 2
        },
        "s": {
          "a": 0,
          "k": [
            100,
            100,
            100
          ],
          "ix": 6,
          "l": 2
        }
      },
      "ao": 0,
      "shapes": [
        {
          "ty": "gr",
          "it": [
            {
              "ind": 0,
              "ty": "sh",
              "ix": 1,
              "ks": {
                "a": 0,
                "k": {
                  "i": [
                    [
                      27.047,
                      37.434
                    ],
                    [
                      -14.234,
                      37.434
                    ],
                    [
                      -37.434,
                      27.047
                    ],
                    [
                      -37.434,
                      -14.234
                    ],
                    [
                      -27.047,
                      -37.434
                    ],
                    [
                      14.234,
                      -37.434
                    ],
                    [
                      37.434,
                      -27.047
                    ],
                    [
                      37.434,
                      14.234
                    ]
                  ],
                  "o": [
                    [
                      14.234,
                      37.434
                    ],
                    [
                      -27.047,
                      37.434
                    ],
                    [
                      -37.434,
                      14.234
                    ],
                    [
                      -37.434,
                      -27.047
                    ],
                    [
                      -14.234,
                      -37.434
                    ],
                    [
                      27.047,
                      -37.434
                    ],
                    [
                      37.434,
                      -14.234
                    ],
                    [
                      37.434,
                      27.047
                    ]
                  ],
                  "v": [
                    [
                      14.234,
                      37.434
                    ],
                    [
                      -14.234,
                      37.434
                    ],
                    [
                      -37.434,
                      14.234
                    ],
                    [
                      -37.434,
                      -14.234
                    ],
                    [
                      -14.234,
                      -37.434
                    ],
                    [
                      14.234,
                      -37.434
                    ],
                    [
                      37.434,
                      -14.234
                    ],
                    [
                      37.434,
                      14.234
                    ]
                  ],
                  "c": true
                },
                "ix": 2
              },
              "nm": "Path 1",
              "mn": "ADBE Vector Shape - Group",
              "hd": false,
              "_render": true
            },
            {
              "ty": "st",
              "c": {
                "a": 0,
                "k": [
                  0,
                  0,
                  0,
                  1
                ],
                "ix": 3
              },
              "o": {
                "a": 0,
                "k": 100,
                "ix": 4
              },
              "w": {
                "a": 0,
                "k": 35,
                "ix": 5
              },
              "lc": 2,
              "lj": 2,
              "bm": 0,
              "nm": "Stroke 1",
              "mn": "ADBE Vector Graphic - Stroke",
              "hd": false,
              "_render": true
            },
            {
              "ty": "tr",
              "p": {
                "a": 0,
                "k": [
                  500.934,
                  589.5
                ],
                "ix": 2
              },
              "a": {
                "a": 0,
                "k": [
                  0,
                  0
                ],
                "ix": 1
              },
              "s": {
                "a": 0,
                "k": [
                  100,
                  100
                ],
                "ix": 3
              },
              "r": {
                "a": 0,
                "k": 0,
                "ix": 6
              },
              "o": {
                "a": 0,
                "k": 100,
                "ix": 7
              },
              "sk": {
                "a": 0,
                "k": 0,
                "ix": 4
              },
              "sa": {
                "a": 0,
                "k": 0,
                "ix": 5
              },
              "nm": "Transform",
              "_render": true
            }
          ],
          "nm": "Group 1",
          "np": 2,
          "cix": 2,
          "bm": 0,
          "ix": 1,
          "mn": "ADBE Vector Group",
          "hd": false,
          "_render": true
        },
        {
          "ty": "gr",
          "it": [
            {
              "ind": 0,
              "ty": "sh",
              "ix": 1,
              "ks": {
                "a": 0,
                "k": {
                  "i": [
                    [
                      27.047,
                      37.434
                    ],
                    [
                      -14.234,
                      37.434
                    ],
                    [
                      -37.434,
                      27.047
                    ],
                    [
                      -37.434,
                      -14.234
                    ],
                    [
                      -27.047,
                      -37.434
                    ],
                    [
                      14.234,
                      -37.434
                    ],
                    [
                      37.434,
                      -27.047
                    ],
                    [
                      37.434,
                      14.234
                    ]
                  ],
                  "o": [
                    [
                      14.234,
                      37.434
                    ],
                    [
                      -27.047,
                      37.434
                    ],
                    [
                      -37.434,
                      14.234
                    ],
                    [
                      -37.434,
                      -27.047
                    ],
                    [
                      -14.234,
                      -37.434
                    ],
                    [
                      27.047,
                      -37.434
                    ],
                    [
                      37.434,
                      -14.234
                    ],
                    [
                      37.434,
                      27.047
                    ]
                  ],
                  "v": [
                    [
                      14.234,
                      37.434
                    ],
                    [
                      -14.234,
                      37.434
                    ],
                    [
                      -37.434,
                      14.234
                    ],
                    [
                      -37.434,
                      -14.234
                    ],
                    [
                      -14.234,
                      -37.434
                    ],
                    [
                      14.234,
                      -37.434
                    ],
                    [
                      37.434,
                      -14.234
                    ],
                    [
                      37.434,
                      14.234
                    ]
                  ],
                  "c": true
                },
                "ix": 2
              },
              "nm": "Path 1",
              "mn": "ADBE Vector Shape - Group",
              "hd": false,
              "_render": true
            },
            {
              "ty": "st",
              "c": {
                "a": 0,
                "k": [
                  0,
                  0,
                  0,
                  1
                ],
                "ix": 3
              },
              "o": {
                "a": 0,
                "k": 100,
                "ix": 4
              },
              "w": {
                "a": 0,
                "k": 35,
                "ix": 5
              },
              "lc": 2,
              "lj": 2,
              "bm": 0,
              "nm": "Stroke 1",
              "mn": "ADBE Vector Graphic - Stroke",
              "hd": false,
              "_render": true
            },
            {
              "ty": "tr",
              "p": {
                "a": 0,
                "k": [
                  617.066,
                  589.5
                ],
                "ix": 2
              },
              "a": {
                "a": 0,
                "k": [
                  0,
                  0
                ],
                "ix": 1
              },
              "s": {
                "a": 0,
                "k": [
                  100,
                  100
                ],
                "ix": 3
              },
              "r": {
                "a": 0,
                "k": 0,
                "ix": 6
              },
              "o": {
                "a": 0,
                "k": 100,
                "ix": 7
              },
              "sk": {
                "a": 0,
                "k": 0,
                "ix": 4
              },
              "sa": {
                "a": 0,
                "k": 0,
                "ix": 5
              },
              "nm": "Transform",
              "_render": true
            }
          ],
          "nm": "Group 2",
          "np": 2,
          "cix": 2,
          "bm": 0,
          "ix": 2,
          "mn": "ADBE Vector Group",
          "hd": false,
          "_render": true
        },
        {
          "ty": "gr",
          "it": [
            {
              "ind": 0,
              "ty": "sh",
              "ix": 1,
              "ks": {
                "a": 0,
                "k": {
                  "i": [
                    [
                      182.163,
                      195
                    ],
                    [
                      -107.732,
                      195
                    ],
                    [
                      -242.5,
                      134.663
                    ],
                    [
                      -242.5,
                      -60.232
                    ],
                    [
                      -182.163,
                      -195
                    ],
                    [
                      107.732,
                      -195
                    ],
                    [
                      242.5,
                      -134.663
                    ],
                    [
                      242.5,
                      60.232
                    ]
                  ],
                  "o": [
                    [
                      107.732,
                      195
                    ],
                    [
                      -182.163,
                      195
                    ],
                    [
                      -242.5,
                      60.232
                    ],
                    [
                      -242.5,
                      -134.663
                    ],
                    [
                      -107.732,
                      -195
                    ],
                    [
                      182.163,
                      -195
                    ],
                    [
                      242.5,
                      -60.232
                    ],
                    [
                      242.5,
                      134.663
                    ]
                  ],
                  "v": [
                    [
                      107.732,
                      195
                    ],
                    [
                      -107.732,
                      195
                    ],
                    [
                      -242.5,
                      60.232
                    ],
                    [
                      -242.5,
                      -60.232
                    ],
                    [
                      -107.732,
                      -195
                    ],
                    [
                      107.732,
                      -195
                    ],
                    [
                      242.5,
                      -60.232
                    ],
                    [
                      242.5,
                      60.232
                    ]
                  ],
                  "c": true
                },
                "ix": 2
              },
              "nm": "Path 1",
              "mn": "ADBE Vector Shape - Group",
              "hd": false,
              "_render": true
            },
            {
              "ty": "st",
              "c": {
                "a": 0,
                "k": [
                  0,
                  0,
                  0,
                  1
                ],
                "ix": 3
              },
              "o": {
                "a": 0,
                "k": 100,
                "ix": 4
              },
              "w": {
                "a": 0,
                "k": 35,
                "ix": 5
              },
              "lc": 2,
              "lj": 2,
              "bm": 0,
              "nm": "Stroke 1",
              "mn": "ADBE Vector Graphic - Stroke",
              "hd": false,
              "_render": true
            },
            {
              "ty": "tr",
              "p": {
                "a": 0,
                "k": [
                  500.5,
                  524.5
                ],
                "ix": 2
              },
              "a": {
                "a": 0,
                "k": [
                  0,
                  0
                ],
                "ix": 1
              },
              "s": {
                "a": 0,
                "k": [
                  100,
                  100
                ],
                "ix": 3
              },
              "r": {
                "a": 0,
                "k": 0,
                "ix": 6
              },
              "o": {
                "a": 0,
                "k": 100,
                "ix": 7
              },
              "sk": {
                "a": 0,
                "k": 0,
                "ix": 4
              },
              "sa": {
                "a": 0,
                "k": 0,
                "ix": 5
              },
              "nm": "Transform",
              "_render": true
            }
          ],
          "nm": "Group 3",
          "np": 2,
          "cix": 2,
          "bm": 0,
          "ix": 3,
          "mn": "ADBE Vector Group",
          "hd": false,
          "_render": true
        }
      ],
      "ip": 0,
      "op": 120,
      "st": 0,
      "ct": 1,
      "bm": 0,
      "completed": true
    }
  ],
  "markers": [],
  "__complete": true
}