{
  "v": "5.9.6",
  "fr": 60,
  "ip": 0,
  "op": 120,
  "w": 750,
  "h": 750,
  "nm": "Comp 1",
  "ddd": 0,
  "assets": [],
  "layers": [
    {
      "ddd": 0,
      "ind": 1,
      "ty": 4,
      "nm": "Layer 2",
      "sr": 1,
      "ks": {
        "o": {
          "a": 0,
          "k": 100,
          "ix": 11
        },
        "r": {
          "a": 0,
          "k": 0,
          "ix": 10
        },
        "p": {
          "a": 0,
          "k": [
            375,
            375,
            0
          ],
          "ix": 2,
          "l": 2
        },
        "a": {
          "a": 0,
          "k": [
            0,
            0,
            0
          ],
          "ix": 1,
          "l": 2
        },
        "s": {
          "a": 0,
          "k": [
            100,
            100,
            100
          ],
          "ix": 6,
          "l": 2
        }
      },
      "ao": 0,
      "shapes": [
        {
          "ty": "gr",
          "it": [
            {
              "ind": 0,
              "ty": "sh",
              "ix": 1,
              "ks": {
                "a": 0,
                "k": {
                  "i": [
                    [
                      61.597,
                      69.133
                    ],
                    [
                      -108.67,
                      223.853
                    ],
                    [
                      -220.492,
                      101.805
                    ],
                    [
                      -57.54,
                      -44.117
                    ],
                    [
                      143.685,
                      -223.853
                    ],
                    [
                      220.492,
                      -137.962
                    ],
                    [
                      -69.492,
                      119.5
                    ],
                    [
                      -111.492,
                      73.5
                    ],
                    [
                      32.508,
                      -58.5
                    ]
                  ],
                  "o": [
                    [
                      61.597,
                      69.133
                    ],
                    [
                      -108.67,
                      223.853
                    ],
                    [
                      -220.492,
                      101.805
                    ],
                    [
                      -57.54,
                      -44.117
                    ],
                    [
                      143.685,
                      -223.853
                    ],
                    [
                      220.492,
                      -137.962
                    ],
                    [
                      -69.492,
                      119.5
                    ],
                    [
                      -111.492,
                      73.5
                    ],
                    [
                      32.508,
                      -58.5
                    ]
                  ],
                  "v": [
                    [
                      61.597,
                      69.133
                    ],
                    [
                      -108.67,
                      223.853
                    ],
                    [
                      -220.492,
                      101.805
                    ],
                    [
                      -57.54,
                      -44.117
                    ],
                    [
                      143.685,
                      -223.853
                    ],
                    [
                      220.492,
                      -137.962
                    ],
                    [
                      -69.492,
                      119.5
                    ],
                    [
                      -111.492,
                      73.5
                    ],
                    [
                      32.508,
                      -58.5
                    ]
                  ],
                  "c": false
                },
                "ix": 2
              },
              "nm": "Path 1",
              "mn": "ADBE Vector Shape - Group",
              "hd": false,
              "_render": true
            },
            {
              "ty": "st",
              "c": {
                "a": 0,
                "k": [
                  0,
                  0,
                  0,
                  1
                ],
                "ix": 3
              },
              "o": {
                "a": 0,
                "k": 100,
                "ix": 4
              },
              "w": {
                "a": 0,
                "k": 35,
                "ix": 5
              },
              "lc": 2,
              "lj": 2,
              "bm": 0,
              "nm": "Stroke 1",
              "mn": "ADBE Vector Graphic - Stroke",
              "hd": false,
              "_render": true
            },
            {
              "ty": "tr",
              "p": {
                "a": 0,
                "k": [
                  0,
                  0
                ],
                "ix": 2
              },
              "a": {
                "a": 0,
                "k": [
                  0,
                  0
                ],
                "ix": 1
              },
              "s": {
                "a": 0,
                "k": [
                  100,
                  100
                ],
                "ix": 3
              },
              "r": {
                "a": 0,
                "k": 0,
                "ix": 6
              },
              "o": {
                "a": 0,
                "k": 100,
                "ix": 7
              },
              "sk": {
                "a": 0,
                "k": 0,
                "ix": 4
              },
              "sa": {
                "a": 0,
                "k": 0,
                "ix": 5
              },
              "nm": "Transform",
              "_render": true
            }
          ],
          "nm": "Group 1",
          "np": 2,
          "cix": 2,
          "bm": 0,
          "ix": 1,
          "mn": "ADBE Vector Group",
          "hd": false,
          "_render": true
        },
        {
          "ty": "tm",
          "s": {
            "a": 1,
            "k": [
              {
                "i": {
                  "x": [
                    0.37
                  ],
                  "y": [
                    1
                  ]
                },
                "o": {
                  "x": [
                    0.63
                  ],
                  "y": [
                    0
                  ]
                },
                "t": 0,
                "s": [
                  0
                ]
              },
              {
                "i": {
                  "x": [
                    0.37
                  ],
                  "y": [
                    1
                  ]
                },
                "o": {
                  "x": [
                    0.63
                  ],
                  "y": [
                    0
                  ]
                },
                "t": 25,
                "s": [
                  41
                ]
              },
              {
                "t": 50,
                "s": [
                  0
                ]
              }
            ],
            "ix": 1
          },
          "e": {
            "a": 1,
            "k": [
              {
                "i": {
                  "x": [
                    0.37
                  ],
                  "y": [
                    1
                  ]
                },
                "o": {
                  "x": [
                    0.63
                  ],
                  "y": [
                    0
                  ]
                },
                "t": 0,
                "s": [
                  100
                ]
              },
              {
                "i": {
                  "x": [
                    0.37
                  ],
                  "y": [
                    1
                  ]
                },
                "o": {
                  "x": [
                    0.63
                  ],
                  "y": [
                    0
                  ]
                },
                "t": 25,
                "s": [
                  71
                ]
              },
              {
                "t": 50,
                "s": [
                  100
                ]
              }
            ],
            "ix": 2
          },
          "o": {
            "a": 0,
            "k": 0,
            "ix": 3
          },
          "m": 1,
          "ix": 2,
          "nm": "Trim Paths 1",
          "mn": "ADBE Vector Filter - Trim",
          "hd": false,
          "_render": true
        }
      ],
      "ip": 0,
      "op": 120,
      "st": 0,
      "ct": 1,
      "bm": 0,
      "completed": true
    }
  ],
  "markers": [],
  "__complete": true
}