{
  "v": "5.9.6",
  "fr": 60,
  "ip": 0,
  "op": 120,
  "w": 750,
  "h": 750,
  "nm": "Comp 1",
  "ddd": 0,
  "assets": [],
  "layers": [
    {
      "ddd": 0,
      "ind": 1,
      "ty": 4,
      "nm": "Group 9",
      "sr": 1,
      "ks": {
        "o": {
          "a": 0,
          "k": 100,
          "ix": 11
        },
        "r": {
          "a": 0,
          "k": 0,
          "ix": 10
        },
        "p": {
          "a": 0,
          "k": [
            375,
            375,
            0
          ],
          "ix": 2,
          "l": 2
        },
        "a": {
          "a": 0,
          "k": [
            555.412,
            546.165,
            0
          ],
          "ix": 1,
          "l": 2
        },
        "s": {
          "a": 0,
          "k": [
            100,
            100,
            100
          ],
          "ix": 6,
          "l": 2
        }
      },
      "ao": 0,
      "shapes": [
        {
          "ty": "gr",
          "it": [
            {
              "ty": "gr",
              "it": [
                {
                  "ind": 0,
                  "ty": "sh",
                  "ix": 1,
                  "ks": {
                    "a": 1,
                    "k": [
                      {
                        "i": {
                          "x": 0.27,
                          "y": 1
                        },
                        "o": {
                          "x": 0.73,
                          "y": 0
                        },
                        "t": 0,
                        "s": [
                          {
                            "i": [
                              [
                                -35.162,
                                34.956
                              ],
                              [
                                35.162,
                                34.956
                              ],
                              [
                                35.162,
                                -34.956
                              ]
                            ],
                            "o": [
                              [
                                -35.162,
                                34.956
                              ],
                              [
                                35.162,
                                34.956
                              ],
                              [
                                35.162,
                                -34.956
                              ]
                            ],
                            "v": [
                              [
                                -35.162,
                                34.956
                              ],
                              [
                                35.162,
                                34.956
                              ],
                              [
                                35.162,
                                -34.956
                              ]
                            ],
                            "c": false
                          }
                        ]
                      },
                      {
                        "i": {
                          "x": 0.27,
                          "y": 1
                        },
                        "o": {
                          "x": 0.73,
                          "y": 0
                        },
                        "t": 25,
                        "s": [
                          {
                            "i": [
                              [
                                32.601,
                                100.828
                              ],
                              [
                                128.459,
                                100.828
                              ],
                              [
                                128.459,
                                5.531
                              ]
                            ],
                            "o": [
                              [
                                32.601,
                                100.828
                              ],
                              [
                                128.459,
                                100.828
                              ],
                              [
                                128.459,
                                5.531
                              ]
                            ],
                            "v": [
                              [
                                32.601,
                                100.828
                              ],
                              [
                                128.459,
                                100.828
                              ],
                              [
                                128.459,
                                5.531
                              ]
                            ],
                            "c": false
                          }
                        ]
                      },
                      {
                        "t": 50,
                        "s": [
                          {
                            "i": [
                              [
                                -35.162,
                                34.956
                              ],
                              [
                                35.162,
                                34.956
                              ],
                              [
                                35.162,
                                -34.956
                              ]
                            ],
                            "o": [
                              [
                                -35.162,
                                34.956
                              ],
                              [
                                35.162,
                                34.956
                              ],
                              [
                                35.162,
                                -34.956
                              ]
                            ],
                            "v": [
                              [
                                -35.162,
                                34.956
                              ],
                              [
                                35.162,
                                34.956
                              ],
                              [
                                35.162,
                                -34.956
                              ]
                            ],
                            "c": false
                          }
                        ]
                      }
                    ],
                    "ix": 2
                  },
                  "nm": "Path 1",
                  "mn": "ADBE Vector Shape - Group",
                  "hd": false,
                  "_render": true
                },
                {
                  "ty": "st",
                  "c": {
                    "a": 0,
                    "k": [
                      0,
                      0,
                      0,
                      1
                    ],
                    "ix": 3
                  },
                  "o": {
                    "a": 0,
                    "k": 100,
                    "ix": 4
                  },
                  "w": {
                    "a": 0,
                    "k": 35,
                    "ix": 5
                  },
                  "lc": 2,
                  "lj": 2,
                  "bm": 0,
                  "nm": "Stroke 1",
                  "mn": "ADBE Vector Graphic - Stroke",
                  "hd": false,
                  "_render": true
                },
                {
                  "ty": "tr",
                  "p": {
                    "a": 0,
                    "k": [
                      777.191,
                      692.621
                    ],
                    "ix": 2
                  },
                  "a": {
                    "a": 0,
                    "k": [
                      0,
                      0
                    ],
                    "ix": 1
                  },
                  "s": {
                    "a": 0,
                    "k": [
                      100,
                      100
                    ],
                    "ix": 3
                  },
                  "r": {
                    "a": 0,
                    "k": 0,
                    "ix": 6
                  },
                  "o": {
                    "a": 0,
                    "k": 100,
                    "ix": 7
                  },
                  "sk": {
                    "a": 0,
                    "k": 0,
                    "ix": 4
                  },
                  "sa": {
                    "a": 0,
                    "k": 0,
                    "ix": 5
                  },
                  "nm": "Transform",
                  "_render": true
                }
              ],
              "nm": "Group 9",
              "np": 2,
              "cix": 2,
              "bm": 0,
              "ix": 1,
              "mn": "ADBE Vector Group",
              "hd": false,
              "_render": true
            },
            {
              "ty": "gr",
              "it": [
                {
                  "ind": 0,
                  "ty": "sh",
                  "ix": 1,
                  "ks": {
                    "a": 1,
                    "k": [
                      {
                        "i": {
                          "x": 0.27,
                          "y": 1
                        },
                        "o": {
                          "x": 0.73,
                          "y": 0
                        },
                        "t": 0,
                        "s": [
                          {
                            "i": [
                              [
                                35.162,
                                32.632
                              ],
                              [
                                35.162,
                                -32.632
                              ],
                              [
                                -35.162,
                                -32.632
                              ]
                            ],
                            "o": [
                              [
                                35.162,
                                32.632
                              ],
                              [
                                35.162,
                                -32.632
                              ],
                              [
                                -35.162,
                                -32.632
                              ]
                            ],
                            "v": [
                              [
                                35.162,
                                32.632
                              ],
                              [
                                35.162,
                                -32.632
                              ],
                              [
                                -35.162,
                                -32.632
                              ]
                            ],
                            "c": false
                          }
                        ]
                      },
                      {
                        "i": {
                          "x": 0.27,
                          "y": 1
                        },
                        "o": {
                          "x": 0.73,
                          "y": 0
                        },
                        "t": 25,
                        "s": [
                          {
                            "i": [
                              [
                                128.459,
                                -9.542
                              ],
                              [
                                128.459,
                                -98.504
                              ],
                              [
                                32.601,
                                -98.504
                              ]
                            ],
                            "o": [
                              [
                                128.459,
                                -9.542
                              ],
                              [
                                128.459,
                                -98.504
                              ],
                              [
                                32.601,
                                -98.504
                              ]
                            ],
                            "v": [
                              [
                                128.459,
                                -9.542
                              ],
                              [
                                128.459,
                                -98.504
                              ],
                              [
                                32.601,
                                -98.504
                              ]
                            ],
                            "c": false
                          }
                        ]
                      },
                      {
                        "t": 50,
                        "s": [
                          {
                            "i": [
                              [
                                35.162,
                                32.632
                              ],
                              [
                                35.162,
                                -32.632
                              ],
                              [
                                -35.162,
                                -32.632
                              ]
                            ],
                            "o": [
                              [
                                35.162,
                                32.632
                              ],
                              [
                                35.162,
                                -32.632
                              ],
                              [
                                -35.162,
                                -32.632
                              ]
                            ],
                            "v": [
                              [
                                35.162,
                                32.632
                              ],
                              [
                                35.162,
                                -32.632
                              ],
                              [
                                -35.162,
                                -32.632
                              ]
                            ],
                            "c": false
                          }
                        ]
                      }
                    ],
                    "ix": 2
                  },
                  "nm": "Path 1",
                  "mn": "ADBE Vector Shape - Group",
                  "hd": false,
                  "_render": true
                },
                {
                  "ty": "st",
                  "c": {
                    "a": 0,
                    "k": [
                      0,
                      0,
                      0,
                      1
                    ],
                    "ix": 3
                  },
                  "o": {
                    "a": 0,
                    "k": 100,
                    "ix": 4
                  },
                  "w": {
                    "a": 0,
                    "k": 35,
                    "ix": 5
                  },
                  "lc": 2,
                  "lj": 2,
                  "bm": 0,
                  "nm": "Stroke 1",
                  "mn": "ADBE Vector Graphic - Stroke",
                  "hd": false,
                  "_render": true
                },
                {
                  "ty": "tr",
                  "p": {
                    "a": 0,
                    "k": [
                      777.191,
                      397.386
                    ],
                    "ix": 2
                  },
                  "a": {
                    "a": 0,
                    "k": [
                      0,
                      0
                    ],
                    "ix": 1
                  },
                  "s": {
                    "a": 0,
                    "k": [
                      100,
                      100
                    ],
                    "ix": 3
                  },
                  "r": {
                    "a": 0,
                    "k": 0,
                    "ix": 6
                  },
                  "o": {
                    "a": 0,
                    "k": 100,
                    "ix": 7
                  },
                  "sk": {
                    "a": 0,
                    "k": 0,
                    "ix": 4
                  },
                  "sa": {
                    "a": 0,
                    "k": 0,
                    "ix": 5
                  },
                  "nm": "Transform",
                  "_render": true
                }
              ],
              "nm": "Group 10",
              "np": 2,
              "cix": 2,
              "bm": 0,
              "ix": 2,
              "mn": "ADBE Vector Group",
              "hd": false,
              "_render": true
            },
            {
              "ty": "gr",
              "it": [
                {
                  "ind": 0,
                  "ty": "sh",
                  "ix": 1,
                  "ks": {
                    "a": 1,
                    "k": [
                      {
                        "i": {
                          "x": 0.27,
                          "y": 1
                        },
                        "o": {
                          "x": 0.73,
                          "y": 0
                        },
                        "t": 0,
                        "s": [
                          {
                            "i": [
                              [
                                35.956,
                                -29.985
                              ],
                              [
                                -35.956,
                                -29.985
                              ],
                              [
                                -35.956,
                                29.985
                              ]
                            ],
                            "o": [
                              [
                                35.956,
                                -29.985
                              ],
                              [
                                -35.956,
                                -29.985
                              ],
                              [
                                -35.956,
                                29.985
                              ]
                            ],
                            "v": [
                              [
                                35.956,
                                -29.985
                              ],
                              [
                                -35.956,
                                -29.985
                              ],
                              [
                                -35.956,
                                29.985
                              ]
                            ],
                            "c": false
                          }
                        ]
                      },
                      {
                        "i": {
                          "x": 0.27,
                          "y": 1
                        },
                        "o": {
                          "x": 0.73,
                          "y": 0
                        },
                        "t": 25,
                        "s": [
                          {
                            "i": [
                              [
                                -31.23,
                                -95.857
                              ],
                              [
                                -129.253,
                                -95.857
                              ],
                              [
                                -129.253,
                                -14.111
                              ]
                            ],
                            "o": [
                              [
                                -31.23,
                                -95.857
                              ],
                              [
                                -129.253,
                                -95.857
                              ],
                              [
                                -129.253,
                                -14.111
                              ]
                            ],
                            "v": [
                              [
                                -31.23,
                                -95.857
                              ],
                              [
                                -129.253,
                                -95.857
                              ],
                              [
                                -129.253,
                                -14.111
                              ]
                            ],
                            "c": false
                          }
                        ]
                      },
                      {
                        "t": 50,
                        "s": [
                          {
                            "i": [
                              [
                                35.956,
                                -29.985
                              ],
                              [
                                -35.956,
                                -29.985
                              ],
                              [
                                -35.956,
                                29.985
                              ]
                            ],
                            "o": [
                              [
                                35.956,
                                -29.985
                              ],
                              [
                                -35.956,
                                -29.985
                              ],
                              [
                                -35.956,
                                29.985
                              ]
                            ],
                            "v": [
                              [
                                35.956,
                                -29.985
                              ],
                              [
                                -35.956,
                                -29.985
                              ],
                              [
                                -35.956,
                                29.985
                              ]
                            ],
                            "c": false
                          }
                        ]
                      }
                    ],
                    "ix": 2
                  },
                  "nm": "Path 1",
                  "mn": "ADBE Vector Shape - Group",
                  "hd": false,
                  "_render": true
                },
                {
                  "ty": "st",
                  "c": {
                    "a": 0,
                    "k": [
                      0,
                      0,
                      0,
                      1
                    ],
                    "ix": 3
                  },
                  "o": {
                    "a": 0,
                    "k": 100,
                    "ix": 4
                  },
                  "w": {
                    "a": 0,
                    "k": 35,
                    "ix": 5
                  },
                  "lc": 2,
                  "lj": 2,
                  "bm": 0,
                  "nm": "Stroke 1",
                  "mn": "ADBE Vector Graphic - Stroke",
                  "hd": false,
                  "_render": true
                },
                {
                  "ty": "tr",
                  "p": {
                    "a": 0,
                    "k": [
                      334.426,
                      394.739
                    ],
                    "ix": 2
                  },
                  "a": {
                    "a": 0,
                    "k": [
                      0,
                      0
                    ],
                    "ix": 1
                  },
                  "s": {
                    "a": 0,
                    "k": [
                      100,
                      100
                    ],
                    "ix": 3
                  },
                  "r": {
                    "a": 0,
                    "k": 0,
                    "ix": 6
                  },
                  "o": {
                    "a": 0,
                    "k": 100,
                    "ix": 7
                  },
                  "sk": {
                    "a": 0,
                    "k": 0,
                    "ix": 4
                  },
                  "sa": {
                    "a": 0,
                    "k": 0,
                    "ix": 5
                  },
                  "nm": "Transform",
                  "_render": true
                }
              ],
              "nm": "Group 11",
              "np": 2,
              "cix": 2,
              "bm": 0,
              "ix": 3,
              "mn": "ADBE Vector Group",
              "hd": false,
              "_render": true
            },
            {
              "ty": "gr",
              "it": [
                {
                  "ind": 0,
                  "ty": "sh",
                  "ix": 1,
                  "ks": {
                    "a": 1,
                    "k": [
                      {
                        "i": {
                          "x": 0.27,
                          "y": 1
                        },
                        "o": {
                          "x": 0.73,
                          "y": 0
                        },
                        "t": 0,
                        "s": [
                          {
                            "i": [
                              [
                                -39.662,
                                -34.956
                              ],
                              [
                                -39.662,
                                34.956
                              ],
                              [
                                39.662,
                                34.956
                              ]
                            ],
                            "o": [
                              [
                                -39.662,
                                -34.956
                              ],
                              [
                                -39.662,
                                34.956
                              ],
                              [
                                39.662,
                                34.956
                              ]
                            ],
                            "v": [
                              [
                                -39.662,
                                -34.956
                              ],
                              [
                                -39.662,
                                34.956
                              ],
                              [
                                39.662,
                                34.956
                              ]
                            ],
                            "c": false
                          }
                        ]
                      },
                      {
                        "i": {
                          "x": 0.27,
                          "y": 1
                        },
                        "o": {
                          "x": 0.73,
                          "y": 0
                        },
                        "t": 25,
                        "s": [
                          {
                            "i": [
                              [
                                -132.959,
                                5.531
                              ],
                              [
                                -132.959,
                                100.828
                              ],
                              [
                                -24.833,
                                100.828
                              ]
                            ],
                            "o": [
                              [
                                -132.959,
                                5.531
                              ],
                              [
                                -132.959,
                                100.828
                              ],
                              [
                                -24.833,
                                100.828
                              ]
                            ],
                            "v": [
                              [
                                -132.959,
                                5.531
                              ],
                              [
                                -132.959,
                                100.828
                              ],
                              [
                                -24.833,
                                100.828
                              ]
                            ],
                            "c": false
                          }
                        ]
                      },
                      {
                        "t": 50,
                        "s": [
                          {
                            "i": [
                              [
                                -39.662,
                                -34.956
                              ],
                              [
                                -39.662,
                                34.956
                              ],
                              [
                                39.662,
                                34.956
                              ]
                            ],
                            "o": [
                              [
                                -39.662,
                                -34.956
                              ],
                              [
                                -39.662,
                                34.956
                              ],
                              [
                                39.662,
                                34.956
                              ]
                            ],
                            "v": [
                              [
                                -39.662,
                                -34.956
                              ],
                              [
                                -39.662,
                                34.956
                              ],
                              [
                                39.662,
                                34.956
                              ]
                            ],
                            "c": false
                          }
                        ]
                      }
                    ],
                    "ix": 2
                  },
                  "nm": "Path 1",
                  "mn": "ADBE Vector Shape - Group",
                  "hd": false,
                  "_render": true
                },
                {
                  "ty": "st",
                  "c": {
                    "a": 0,
                    "k": [
                      0,
                      0,
                      0,
                      1
                    ],
                    "ix": 3
                  },
                  "o": {
                    "a": 0,
                    "k": 100,
                    "ix": 4
                  },
                  "w": {
                    "a": 0,
                    "k": 35,
                    "ix": 5
                  },
                  "lc": 2,
                  "lj": 2,
                  "bm": 0,
                  "nm": "Stroke 1",
                  "mn": "ADBE Vector Graphic - Stroke",
                  "hd": false,
                  "_render": true
                },
                {
                  "ty": "tr",
                  "p": {
                    "a": 0,
                    "k": [
                      338.132,
                      692.621
                    ],
                    "ix": 2
                  },
                  "a": {
                    "a": 0,
                    "k": [
                      0,
                      0
                    ],
                    "ix": 1
                  },
                  "s": {
                    "a": 0,
                    "k": [
                      100,
                      100
                    ],
                    "ix": 3
                  },
                  "r": {
                    "a": 0,
                    "k": 0,
                    "ix": 6
                  },
                  "o": {
                    "a": 0,
                    "k": 100,
                    "ix": 7
                  },
                  "sk": {
                    "a": 0,
                    "k": 0,
                    "ix": 4
                  },
                  "sa": {
                    "a": 0,
                    "k": 0,
                    "ix": 5
                  },
                  "nm": "Transform",
                  "_render": true
                }
              ],
              "nm": "Group 12",
              "np": 2,
              "cix": 2,
              "bm": 0,
              "ix": 4,
              "mn": "ADBE Vector Group",
              "hd": false,
              "_render": true
            },
            {
              "ty": "tr",
              "p": {
                "a": 0,
                "k": [
                  555.412,
                  546.165
                ],
                "ix": 2
              },
              "a": {
                "a": 0,
                "k": [
                  555.412,
                  546.165
                ],
                "ix": 1
              },
              "s": {
                "a": 0,
                "k": [
                  100,
                  100
                ],
                "ix": 3
              },
              "r": {
                "a": 0,
                "k": 0,
                "ix": 6
              },
              "o": {
                "a": 0,
                "k": 100,
                "ix": 7
              },
              "sk": {
                "a": 0,
                "k": 0,
                "ix": 4
              },
              "sa": {
                "a": 0,
                "k": 0,
                "ix": 5
              },
              "nm": "Transform",
              "_render": true
            }
          ],
          "nm": "Group 9",
          "np": 4,
          "cix": 2,
          "bm": 0,
          "ix": 1,
          "mn": "ADBE Vector Group",
          "hd": false,
          "_render": true
        }
      ],
      "ip": 0,
      "op": 120,
      "st": 0,
      "ct": 1,
      "bm": 0,
      "completed": true
    },
    {
      "ddd": 0,
      "ind": 2,
      "ty": 4,
      "nm": "Layer 1",
      "sr": 1,
      "ks": {
        "o": {
          "a": 0,
          "k": 100,
          "ix": 11
        },
        "r": {
          "a": 0,
          "k": 0,
          "ix": 10
        },
        "p": {
          "a": 0,
          "k": [
            375,
            375,
            0
          ],
          "ix": 2,
          "l": 2
        },
        "a": {
          "a": 0,
          "k": [
            555.412,
            546.165,
            0
          ],
          "ix": 1,
          "l": 2
        },
        "s": {
          "a": 0,
          "k": [
            100,
            100,
            100
          ],
          "ix": 6,
          "l": 2
        }
      },
      "ao": 0,
      "shapes": [
        {
          "ty": "gr",
          "it": [
            {
              "ind": 0,
              "ty": "sh",
              "ix": 1,
              "ks": {
                "a": 0,
                "k": {
                  "i": [
                    [
                      0,
                      4.765
                    ],
                    [
                      0,
                      -4.765
                    ]
                  ],
                  "o": [
                    [
                      0,
                      4.765
                    ],
                    [
                      0,
                      -4.765
                    ]
                  ],
                  "v": [
                    [
                      0,
                      4.765
                    ],
                    [
                      0,
                      -4.765
                    ]
                  ],
                  "c": false
                },
                "ix": 2
              },
              "nm": "Path 1",
              "mn": "ADBE Vector Shape - Group",
              "hd": false,
              "_render": true
            },
            {
              "ty": "st",
              "c": {
                "a": 0,
                "k": [
                  0,
                  0,
                  0,
                  1
                ],
                "ix": 3
              },
              "o": {
                "a": 0,
                "k": 100,
                "ix": 4
              },
              "w": {
                "a": 0,
                "k": 35,
                "ix": 5
              },
              "lc": 2,
              "lj": 2,
              "bm": 0,
              "nm": "Stroke 1",
              "mn": "ADBE Vector Graphic - Stroke",
              "hd": false,
              "_render": true
            },
            {
              "ty": "tr",
              "p": {
                "a": 0,
                "k": [
                  667.265,
                  445.371
                ],
                "ix": 2
              },
              "a": {
                "a": 0,
                "k": [
                  0,
                  0
                ],
                "ix": 1
              },
              "s": {
                "a": 0,
                "k": [
                  100,
                  100
                ],
                "ix": 3
              },
              "r": {
                "a": 0,
                "k": 0,
                "ix": 6
              },
              "o": {
                "a": 0,
                "k": 100,
                "ix": 7
              },
              "sk": {
                "a": 0,
                "k": 0,
                "ix": 4
              },
              "sa": {
                "a": 0,
                "k": 0,
                "ix": 5
              },
              "nm": "Transform",
              "_render": true
            }
          ],
          "nm": "Group 1",
          "np": 2,
          "cix": 2,
          "bm": 0,
          "ix": 1,
          "mn": "ADBE Vector Group",
          "hd": false,
          "_render": true
        },
        {
          "ty": "gr",
          "it": [
            {
              "ind": 0,
              "ty": "sh",
              "ix": 1,
              "ks": {
                "a": 0,
                "k": {
                  "i": [
                    [
                      0,
                      4.765
                    ],
                    [
                      0,
                      -4.765
                    ]
                  ],
                  "o": [
                    [
                      0,
                      4.765
                    ],
                    [
                      0,
                      -4.765
                    ]
                  ],
                  "v": [
                    [
                      0,
                      4.765
                    ],
                    [
                      0,
                      -4.765
                    ]
                  ],
                  "c": false
                },
                "ix": 2
              },
              "nm": "Path 1",
              "mn": "ADBE Vector Shape - Group",
              "hd": false,
              "_render": true
            },
            {
              "ty": "st",
              "c": {
                "a": 0,
                "k": [
                  0,
                  0,
                  0,
                  1
                ],
                "ix": 3
              },
              "o": {
                "a": 0,
                "k": 100,
                "ix": 4
              },
              "w": {
                "a": 0,
                "k": 35,
                "ix": 5
              },
              "lc": 2,
              "lj": 2,
              "bm": 0,
              "nm": "Stroke 1",
              "mn": "ADBE Vector Graphic - Stroke",
              "hd": false,
              "_render": true
            },
            {
              "ty": "tr",
              "p": {
                "a": 0,
                "k": [
                  444.912,
                  445.371
                ],
                "ix": 2
              },
              "a": {
                "a": 0,
                "k": [
                  0,
                  0
                ],
                "ix": 1
              },
              "s": {
                "a": 0,
                "k": [
                  100,
                  100
                ],
                "ix": 3
              },
              "r": {
                "a": 0,
                "k": 0,
                "ix": 6
              },
              "o": {
                "a": 0,
                "k": 100,
                "ix": 7
              },
              "sk": {
                "a": 0,
                "k": 0,
                "ix": 4
              },
              "sa": {
                "a": 0,
                "k": 0,
                "ix": 5
              },
              "nm": "Transform",
              "_render": true
            }
          ],
          "nm": "Group 2",
          "np": 2,
          "cix": 2,
          "bm": 0,
          "ix": 2,
          "mn": "ADBE Vector Group",
          "hd": false,
          "_render": true
        },
        {
          "ty": "gr",
          "it": [
            {
              "ind": 0,
              "ty": "sh",
              "ix": 1,
              "ks": {
                "a": 0,
                "k": {
                  "i": [
                    [
                      0,
                      108.529
                    ],
                    [
                      0,
                      -108.529
                    ]
                  ],
                  "o": [
                    [
                      0,
                      108.529
                    ],
                    [
                      0,
                      -108.529
                    ]
                  ],
                  "v": [
                    [
                      0,
                      108.529
                    ],
                    [
                      0,
                      -108.529
                    ]
                  ],
                  "c": false
                },
                "ix": 2
              },
              "nm": "Path 1",
              "mn": "ADBE Vector Shape - Group",
              "hd": false,
              "_render": true
            },
            {
              "ty": "st",
              "c": {
                "a": 0,
                "k": [
                  0,
                  0,
                  0,
                  1
                ],
                "ix": 3
              },
              "o": {
                "a": 0,
                "k": 100,
                "ix": 4
              },
              "w": {
                "a": 0,
                "k": 35,
                "ix": 5
              },
              "lc": 2,
              "lj": 2,
              "bm": 0,
              "nm": "Stroke 1",
              "mn": "ADBE Vector Graphic - Stroke",
              "hd": false,
              "_render": true
            },
            {
              "ty": "tr",
              "p": {
                "a": 0,
                "k": [
                  741.382,
                  549.136
                ],
                "ix": 2
              },
              "a": {
                "a": 0,
                "k": [
                  0,
                  0
                ],
                "ix": 1
              },
              "s": {
                "a": 0,
                "k": [
                  100,
                  100
                ],
                "ix": 3
              },
              "r": {
                "a": 0,
                "k": 0,
                "ix": 6
              },
              "o": {
                "a": 0,
                "k": 100,
                "ix": 7
              },
              "sk": {
                "a": 0,
                "k": 0,
                "ix": 4
              },
              "sa": {
                "a": 0,
                "k": 0,
                "ix": 5
              },
              "nm": "Transform",
              "_render": true
            }
          ],
          "nm": "Group 3",
          "np": 2,
          "cix": 2,
          "bm": 0,
          "ix": 3,
          "mn": "ADBE Vector Group",
          "hd": false,
          "_render": true
        },
        {
          "ty": "gr",
          "it": [
            {
              "ind": 0,
              "ty": "sh",
              "ix": 1,
              "ks": {
                "a": 0,
                "k": {
                  "i": [
                    [
                      0,
                      81.529
                    ],
                    [
                      0,
                      -81.529
                    ]
                  ],
                  "o": [
                    [
                      0,
                      81.529
                    ],
                    [
                      0,
                      -81.529
                    ]
                  ],
                  "v": [
                    [
                      0,
                      81.529
                    ],
                    [
                      0,
                      -81.529
                    ]
                  ],
                  "c": false
                },
                "ix": 2
              },
              "nm": "Path 1",
              "mn": "ADBE Vector Shape - Group",
              "hd": false,
              "_render": true
            },
            {
              "ty": "st",
              "c": {
                "a": 0,
                "k": [
                  0,
                  0,
                  0,
                  1
                ],
                "ix": 3
              },
              "o": {
                "a": 0,
                "k": 100,
                "ix": 4
              },
              "w": {
                "a": 0,
                "k": 35,
                "ix": 5
              },
              "lc": 2,
              "lj": 2,
              "bm": 0,
              "nm": "Stroke 1",
              "mn": "ADBE Vector Graphic - Stroke",
              "hd": false,
              "_render": true
            },
            {
              "ty": "tr",
              "p": {
                "a": 0,
                "k": [
                  667.265,
                  576.136
                ],
                "ix": 2
              },
              "a": {
                "a": 0,
                "k": [
                  0,
                  0
                ],
                "ix": 1
              },
              "s": {
                "a": 0,
                "k": [
                  100,
                  100
                ],
                "ix": 3
              },
              "r": {
                "a": 0,
                "k": 0,
                "ix": 6
              },
              "o": {
                "a": 0,
                "k": 100,
                "ix": 7
              },
              "sk": {
                "a": 0,
                "k": 0,
                "ix": 4
              },
              "sa": {
                "a": 0,
                "k": 0,
                "ix": 5
              },
              "nm": "Transform",
              "_render": true
            }
          ],
          "nm": "Group 4",
          "np": 2,
          "cix": 2,
          "bm": 0,
          "ix": 4,
          "mn": "ADBE Vector Group",
          "hd": false,
          "_render": true
        },
        {
          "ty": "gr",
          "it": [
            {
              "ind": 0,
              "ty": "sh",
              "ix": 1,
              "ks": {
                "a": 0,
                "k": {
                  "i": [
                    [
                      0,
                      108.529
                    ],
                    [
                      0,
                      -108.529
                    ]
                  ],
                  "o": [
                    [
                      0,
                      108.529
                    ],
                    [
                      0,
                      -108.529
                    ]
                  ],
                  "v": [
                    [
                      0,
                      108.529
                    ],
                    [
                      0,
                      -108.529
                    ]
                  ],
                  "c": false
                },
                "ix": 2
              },
              "nm": "Path 1",
              "mn": "ADBE Vector Shape - Group",
              "hd": false,
              "_render": true
            },
            {
              "ty": "st",
              "c": {
                "a": 0,
                "k": [
                  0,
                  0,
                  0,
                  1
                ],
                "ix": 3
              },
              "o": {
                "a": 0,
                "k": 100,
                "ix": 4
              },
              "w": {
                "a": 0,
                "k": 35,
                "ix": 5
              },
              "lc": 2,
              "lj": 2,
              "bm": 0,
              "nm": "Stroke 1",
              "mn": "ADBE Vector Graphic - Stroke",
              "hd": false,
              "_render": true
            },
            {
              "ty": "tr",
              "p": {
                "a": 0,
                "k": [
                  593.147,
                  549.136
                ],
                "ix": 2
              },
              "a": {
                "a": 0,
                "k": [
                  0,
                  0
                ],
                "ix": 1
              },
              "s": {
                "a": 0,
                "k": [
                  100,
                  100
                ],
                "ix": 3
              },
              "r": {
                "a": 0,
                "k": 0,
                "ix": 6
              },
              "o": {
                "a": 0,
                "k": 100,
                "ix": 7
              },
              "sk": {
                "a": 0,
                "k": 0,
                "ix": 4
              },
              "sa": {
                "a": 0,
                "k": 0,
                "ix": 5
              },
              "nm": "Transform",
              "_render": true
            }
          ],
          "nm": "Group 5",
          "np": 2,
          "cix": 2,
          "bm": 0,
          "ix": 5,
          "mn": "ADBE Vector Group",
          "hd": false,
          "_render": true
        },
        {
          "ty": "gr",
          "it": [
            {
              "ind": 0,
              "ty": "sh",
              "ix": 1,
              "ks": {
                "a": 0,
                "k": {
                  "i": [
                    [
                      0,
                      108.529
                    ],
                    [
                      0,
                      -108.529
                    ]
                  ],
                  "o": [
                    [
                      0,
                      108.529
                    ],
                    [
                      0,
                      -108.529
                    ]
                  ],
                  "v": [
                    [
                      0,
                      108.529
                    ],
                    [
                      0,
                      -108.529
                    ]
                  ],
                  "c": false
                },
                "ix": 2
              },
              "nm": "Path 1",
              "mn": "ADBE Vector Shape - Group",
              "hd": false,
              "_render": true
            },
            {
              "ty": "st",
              "c": {
                "a": 0,
                "k": [
                  0,
                  0,
                  0,
                  1
                ],
                "ix": 3
              },
              "o": {
                "a": 0,
                "k": 100,
                "ix": 4
              },
              "w": {
                "a": 0,
                "k": 35,
                "ix": 5
              },
              "lc": 2,
              "lj": 2,
              "bm": 0,
              "nm": "Stroke 1",
              "mn": "ADBE Vector Graphic - Stroke",
              "hd": false,
              "_render": true
            },
            {
              "ty": "tr",
              "p": {
                "a": 0,
                "k": [
                  519.029,
                  549.136
                ],
                "ix": 2
              },
              "a": {
                "a": 0,
                "k": [
                  0,
                  0
                ],
                "ix": 1
              },
              "s": {
                "a": 0,
                "k": [
                  100,
                  100
                ],
                "ix": 3
              },
              "r": {
                "a": 0,
                "k": 0,
                "ix": 6
              },
              "o": {
                "a": 0,
                "k": 100,
                "ix": 7
              },
              "sk": {
                "a": 0,
                "k": 0,
                "ix": 4
              },
              "sa": {
                "a": 0,
                "k": 0,
                "ix": 5
              },
              "nm": "Transform",
              "_render": true
            }
          ],
          "nm": "Group 6",
          "np": 2,
          "cix": 2,
          "bm": 0,
          "ix": 6,
          "mn": "ADBE Vector Group",
          "hd": false,
          "_render": true
        },
        {
          "ty": "gr",
          "it": [
            {
              "ind": 0,
              "ty": "sh",
              "ix": 1,
              "ks": {
                "a": 0,
                "k": {
                  "i": [
                    [
                      0,
                      81.529
                    ],
                    [
                      0,
                      -81.529
                    ]
                  ],
                  "o": [
                    [
                      0,
                      81.529
                    ],
                    [
                      0,
                      -81.529
                    ]
                  ],
                  "v": [
                    [
                      0,
                      81.529
                    ],
                    [
                      0,
                      -81.529
                    ]
                  ],
                  "c": false
                },
                "ix": 2
              },
              "nm": "Path 1",
              "mn": "ADBE Vector Shape - Group",
              "hd": false,
              "_render": true
            },
            {
              "ty": "st",
              "c": {
                "a": 0,
                "k": [
                  0,
                  0,
                  0,
                  1
                ],
                "ix": 3
              },
              "o": {
                "a": 0,
                "k": 100,
                "ix": 4
              },
              "w": {
                "a": 0,
                "k": 35,
                "ix": 5
              },
              "lc": 2,
              "lj": 2,
              "bm": 0,
              "nm": "Stroke 1",
              "mn": "ADBE Vector Graphic - Stroke",
              "hd": false,
              "_render": true
            },
            {
              "ty": "tr",
              "p": {
                "a": 0,
                "k": [
                  444.912,
                  576.136
                ],
                "ix": 2
              },
              "a": {
                "a": 0,
                "k": [
                  0,
                  0
                ],
                "ix": 1
              },
              "s": {
                "a": 0,
                "k": [
                  100,
                  100
                ],
                "ix": 3
              },
              "r": {
                "a": 0,
                "k": 0,
                "ix": 6
              },
              "o": {
                "a": 0,
                "k": 100,
                "ix": 7
              },
              "sk": {
                "a": 0,
                "k": 0,
                "ix": 4
              },
              "sa": {
                "a": 0,
                "k": 0,
                "ix": 5
              },
              "nm": "Transform",
              "_render": true
            }
          ],
          "nm": "Group 7",
          "np": 2,
          "cix": 2,
          "bm": 0,
          "ix": 7,
          "mn": "ADBE Vector Group",
          "hd": false,
          "_render": true
        },
        {
          "ty": "gr",
          "it": [
            {
              "ind": 0,
              "ty": "sh",
              "ix": 1,
              "ks": {
                "a": 0,
                "k": {
                  "i": [
                    [
                      0,
                      108.529
                    ],
                    [
                      0,
                      -108.529
                    ]
                  ],
                  "o": [
                    [
                      0,
                      108.529
                    ],
                    [
                      0,
                      -108.529
                    ]
                  ],
                  "v": [
                    [
                      0,
                      108.529
                    ],
                    [
                      0,
                      -108.529
                    ]
                  ],
                  "c": false
                },
                "ix": 2
              },
              "nm": "Path 1",
              "mn": "ADBE Vector Shape - Group",
              "hd": false,
              "_render": true
            },
            {
              "ty": "st",
              "c": {
                "a": 0,
                "k": [
                  0,
                  0,
                  0,
                  1
                ],
                "ix": 3
              },
              "o": {
                "a": 0,
                "k": 100,
                "ix": 4
              },
              "w": {
                "a": 0,
                "k": 35,
                "ix": 5
              },
              "lc": 2,
              "lj": 2,
              "bm": 0,
              "nm": "Stroke 1",
              "mn": "ADBE Vector Graphic - Stroke",
              "hd": false,
              "_render": true
            },
            {
              "ty": "tr",
              "p": {
                "a": 0,
                "k": [
                  370.794,
                  549.136
                ],
                "ix": 2
              },
              "a": {
                "a": 0,
                "k": [
                  0,
                  0
                ],
                "ix": 1
              },
              "s": {
                "a": 0,
                "k": [
                  100,
                  100
                ],
                "ix": 3
              },
              "r": {
                "a": 0,
                "k": 0,
                "ix": 6
              },
              "o": {
                "a": 0,
                "k": 100,
                "ix": 7
              },
              "sk": {
                "a": 0,
                "k": 0,
                "ix": 4
              },
              "sa": {
                "a": 0,
                "k": 0,
                "ix": 5
              },
              "nm": "Transform",
              "_render": true
            }
          ],
          "nm": "Group 8",
          "np": 2,
          "cix": 2,
          "bm": 0,
          "ix": 8,
          "mn": "ADBE Vector Group",
          "hd": false,
          "_render": true
        }
      ],
      "ip": 0,
      "op": 120,
      "st": 0,
      "ct": 1,
      "bm": 0,
      "completed": true
    }
  ],
  "markers": [],
  "__complete": true
}