{
  "v": "5.9.6",
  "fr": 60,
  "ip": 0,
  "op": 120,
  "w": 750,
  "h": 750,
  "nm": "Comp 1",
  "ddd": 0,
  "assets": [],
  "layers": [
    {
      "ddd": 0,
      "ind": 1,
      "ty": 4,
      "nm": "Layer 2",
      "sr": 1,
      "ks": {
        "o": {
          "a": 0,
          "k": 100,
          "ix": 11
        },
        "r": {
          "a": 0,
          "k": 0,
          "ix": 10
        },
        "p": {
          "a": 0,
          "k": [
            394.1,
            382.805,
            0
          ],
          "ix": 2,
          "l": 2
        },
        "a": {
          "a": 0,
          "k": [
            519.1,
            507.805,
            0
          ],
          "ix": 1,
          "l": 2
        },
        "s": {
          "a": 0,
          "k": [
            100,
            100,
            100
          ],
          "ix": 6,
          "l": 2
        }
      },
      "ao": 0,
      "shapes": [
        {
          "ty": "gr",
          "it": [
            {
              "ind": 0,
              "ty": "sh",
              "ix": 1,
              "ks": {
                "a": 0,
                "k": {
                  "i": [
                    [
                      -10.65,
                      -110.129
                    ],
                    [
                      -41.75,
                      -17.739
                    ],
                    [
                      41.75,
                      -17.739
                    ],
                    [
                      -10.65,
                      110.129
                    ]
                  ],
                  "o": [
                    [
                      -10.65,
                      -110.129
                    ],
                    [
                      -41.75,
                      -17.739
                    ],
                    [
                      41.75,
                      -17.739
                    ],
                    [
                      -10.65,
                      110.129
                    ]
                  ],
                  "v": [
                    [
                      -10.65,
                      -110.129
                    ],
                    [
                      -41.75,
                      -17.739
                    ],
                    [
                      41.75,
                      -17.739
                    ],
                    [
                      -10.65,
                      110.129
                    ]
                  ],
                  "c": false
                },
                "ix": 2
              },
              "nm": "Path 1",
              "mn": "ADBE Vector Shape - Group",
              "hd": false,
              "_render": true
            },
            {
              "ty": "st",
              "c": {
                "a": 0,
                "k": [
                  0,
                  0,
                  0,
                  1
                ],
                "ix": 3
              },
              "o": {
                "a": 0,
                "k": 100,
                "ix": 4
              },
              "w": {
                "a": 0,
                "k": 35,
                "ix": 5
              },
              "lc": 2,
              "lj": 2,
              "bm": 0,
              "nm": "Stroke 1",
              "mn": "ADBE Vector Graphic - Stroke",
              "hd": false,
              "_render": true
            },
            {
              "ty": "tm",
              "s": {
                "a": 0,
                "k": 0,
                "ix": 1
              },
              "e": {
                "a": 1,
                "k": [
                  {
                    "i": {
                      "x": [
                        0.33
                      ],
                      "y": [
                        1
                      ]
                    },
                    "o": {
                      "x": [
                        0.67
                      ],
                      "y": [
                        0
                      ]
                    },
                    "t": 0,
                    "s": [
                      100
                    ]
                  },
                  {
                    "i": {
                      "x": [
                        0.33
                      ],
                      "y": [
                        1
                      ]
                    },
                    "o": {
                      "x": [
                        0.67
                      ],
                      "y": [
                        0
                      ]
                    },
                    "t": 25,
                    "s": [
                      0
                    ]
                  },
                  {
                    "t": 50,
                    "s": [
                      100
                    ]
                  }
                ],
                "ix": 2
              },
              "o": {
                "a": 0,
                "k": 0,
                "ix": 3
              },
              "m": 1,
              "ix": 3,
              "nm": "Trim Paths 1",
              "mn": "ADBE Vector Filter - Trim",
              "hd": false,
              "_render": true
            },
            {
              "ty": "tr",
              "p": {
                "a": 0,
                "k": [
                  529.75,
                  446.239
                ],
                "ix": 2
              },
              "a": {
                "a": 0,
                "k": [
                  0,
                  0
                ],
                "ix": 1
              },
              "s": {
                "a": 0,
                "k": [
                  100,
                  100
                ],
                "ix": 3
              },
              "r": {
                "a": 0,
                "k": 0,
                "ix": 6
              },
              "o": {
                "a": 0,
                "k": 100,
                "ix": 7
              },
              "sk": {
                "a": 0,
                "k": 0,
                "ix": 4
              },
              "sa": {
                "a": 0,
                "k": 0,
                "ix": 5
              },
              "nm": "Transform",
              "_render": true
            }
          ],
          "nm": "Group 1",
          "np": 3,
          "cix": 2,
          "bm": 0,
          "ix": 1,
          "mn": "ADBE Vector Group",
          "hd": false,
          "_render": true
        },
        {
          "ty": "gr",
          "it": [
            {
              "ind": 0,
              "ty": "sh",
              "ix": 1,
              "ks": {
                "a": 0,
                "k": {
                  "i": [
                    [
                      233.57,
                      -116.20500000000001
                    ],
                    [
                      123.05,
                      -205.585
                    ],
                    [
                      25.27,
                      -194.295
                    ],
                    [
                      -57.08,
                      -205.585
                    ],
                    [
                      -157.22,
                      -192.555
                    ],
                    [
                      -235.35,
                      -35.785
                    ],
                    [
                      -185.13,
                      20.455
                    ],
                    [
                      0,
                      205.585
                    ],
                    [
                      183.28,
                      22.305
                    ],
                    [
                      186.91,
                      18.565
                    ]
                  ],
                  "o": [
                    [
                      157.22,
                      -192.555
                    ],
                    [
                      57.08,
                      -205.585
                    ],
                    [
                      -25.27,
                      -194.295
                    ],
                    [
                      -123.05,
                      -205.585
                    ],
                    [
                      -233.57,
                      -116.20500000000001
                    ],
                    [
                      -186.92,
                      18.555
                    ],
                    [
                      -183.28,
                      22.305
                    ],
                    [
                      0,
                      205.585
                    ],
                    [
                      185.13,
                      20.455
                    ],
                    [
                      235.35,
                      -35.77499999999999
                    ]
                  ],
                  "v": [
                    [
                      183.28,
                      -166.485
                    ],
                    [
                      88.88,
                      -205.585
                    ],
                    [
                      0,
                      -171.695
                    ],
                    [
                      -88.88,
                      -205.585
                    ],
                    [
                      -183.28,
                      -166.485
                    ],
                    [
                      -188.63,
                      16.625
                    ],
                    [
                      -183.28,
                      22.305
                    ],
                    [
                      0,
                      205.585
                    ],
                    [
                      183.28,
                      22.305
                    ],
                    [
                      188.63,
                      16.635
                    ]
                  ],
                  "c": true
                },
                "ix": 2
              },
              "nm": "Path 1",
              "mn": "ADBE Vector Shape - Group",
              "hd": false,
              "_render": true
            },
            {
              "ty": "st",
              "c": {
                "a": 0,
                "k": [
                  0,
                  0,
                  0,
                  1
                ],
                "ix": 3
              },
              "o": {
                "a": 0,
                "k": 100,
                "ix": 4
              },
              "w": {
                "a": 0,
                "k": 35,
                "ix": 5
              },
              "lc": 2,
              "lj": 2,
              "bm": 0,
              "nm": "Stroke 1",
              "mn": "ADBE Vector Graphic - Stroke",
              "hd": false,
              "_render": true
            },
            {
              "ty": "tr",
              "p": {
                "a": 0,
                "k": [
                  519.1,
                  507.805
                ],
                "ix": 2
              },
              "a": {
                "a": 0,
                "k": [
                  0,
                  0
                ],
                "ix": 1
              },
              "s": {
                "a": 0,
                "k": [
                  100,
                  100
                ],
                "ix": 3
              },
              "r": {
                "a": 0,
                "k": 0,
                "ix": 6
              },
              "o": {
                "a": 0,
                "k": 100,
                "ix": 7
              },
              "sk": {
                "a": 0,
                "k": 0,
                "ix": 4
              },
              "sa": {
                "a": 0,
                "k": 0,
                "ix": 5
              },
              "nm": "Transform",
              "_render": true
            }
          ],
          "nm": "Group 2",
          "np": 2,
          "cix": 2,
          "bm": 0,
          "ix": 2,
          "mn": "ADBE Vector Group",
          "hd": false,
          "_render": true
        }
      ],
      "ip": 0,
      "op": 120,
      "st": 0,
      "ct": 1,
      "bm": 0,
      "completed": true
    }
  ],
  "markers": [],
  "__complete": true
}