{
  "v": "5.9.6",
  "fr": 60,
  "ip": 0,
  "op": 120,
  "w": 750,
  "h": 750,
  "nm": "Comp 1",
  "ddd": 0,
  "assets": [],
  "layers": [
    {
      "ddd": 0,
      "ind": 1,
      "ty": 4,
      "nm": "Layer 1",
      "sr": 1,
      "ks": {
        "o": {
          "a": 0,
          "k": 100,
          "ix": 11
        },
        "r": {
          "a": 0,
          "k": 0,
          "ix": 10
        },
        "p": {
          "a": 0,
          "k": [
            375,
            375,
            0
          ],
          "ix": 2,
          "l": 2
        },
        "a": {
          "a": 0,
          "k": [
            540,
            540,
            0
          ],
          "ix": 1,
          "l": 2
        },
        "s": {
          "a": 0,
          "k": [
            900,
            900,
            100
          ],
          "ix": 6,
          "l": 2
        }
      },
      "ao": 0,
      "shapes": [
        {
          "ty": "gr",
          "it": [
            {
              "ty": "gr",
              "it": [
                {
                  "ty": "gr",
                  "it": [
                    {
                      "ind": 0,
                      "ty": "sh",
                      "ix": 1,
                      "ks": {
                        "a": 0,
                        "k": {
                          "i": [
                            [
                              -4,
                              0
                            ],
                            [
                              4,
                              0
                            ]
                          ],
                          "o": [
                            [
                              -4,
                              0
                            ],
                            [
                              4,
                              0
                            ]
                          ],
                          "v": [
                            [
                              -4,
                              0
                            ],
                            [
                              4,
                              0
                            ]
                          ],
                          "c": false
                        },
                        "ix": 2
                      },
                      "nm": "Path 1",
                      "mn": "ADBE Vector Shape - Group",
                      "hd": false,
                      "_render": true
                    },
                    {
                      "ty": "st",
                      "c": {
                        "a": 0,
                        "k": [
                          0,
                          0,
                          0,
                          1
                        ],
                        "ix": 3
                      },
                      "o": {
                        "a": 0,
                        "k": 100,
                        "ix": 4
                      },
                      "w": {
                        "a": 0,
                        "k": 3.8,
                        "ix": 5
                      },
                      "lc": 2,
                      "lj": 1,
                      "ml": 10,
                      "bm": 0,
                      "nm": "Stroke 1",
                      "mn": "ADBE Vector Graphic - Stroke",
                      "hd": false,
                      "_render": true
                    },
                    {
                      "ty": "tr",
                      "p": {
                        "a": 0,
                        "k": [
                          549,
                          521
                        ],
                        "ix": 2
                      },
                      "a": {
                        "a": 0,
                        "k": [
                          0,
                          0
                        ],
                        "ix": 1
                      },
                      "s": {
                        "a": 0,
                        "k": [
                          100,
                          100
                        ],
                        "ix": 3
                      },
                      "r": {
                        "a": 0,
                        "k": 0,
                        "ix": 6
                      },
                      "o": {
                        "a": 0,
                        "k": 100,
                        "ix": 7
                      },
                      "sk": {
                        "a": 0,
                        "k": 0,
                        "ix": 4
                      },
                      "sa": {
                        "a": 0,
                        "k": 0,
                        "ix": 5
                      },
                      "nm": "Transform",
                      "_render": true
                    }
                  ],
                  "nm": "Group 1",
                  "np": 2,
                  "cix": 2,
                  "bm": 0,
                  "ix": 1,
                  "mn": "ADBE Vector Group",
                  "hd": false,
                  "_render": true
                },
                {
                  "ty": "gr",
                  "it": [
                    {
                      "ind": 0,
                      "ty": "sh",
                      "ix": 1,
                      "ks": {
                        "a": 0,
                        "k": {
                          "i": [
                            [
                              -4,
                              0
                            ],
                            [
                              4,
                              0
                            ]
                          ],
                          "o": [
                            [
                              -4,
                              0
                            ],
                            [
                              4,
                              0
                            ]
                          ],
                          "v": [
                            [
                              -4,
                              0
                            ],
                            [
                              4,
                              0
                            ]
                          ],
                          "c": false
                        },
                        "ix": 2
                      },
                      "nm": "Path 1",
                      "mn": "ADBE Vector Shape - Group",
                      "hd": false,
                      "_render": true
                    },
                    {
                      "ty": "st",
                      "c": {
                        "a": 0,
                        "k": [
                          0,
                          0,
                          0,
                          1
                        ],
                        "ix": 3
                      },
                      "o": {
                        "a": 0,
                        "k": 100,
                        "ix": 4
                      },
                      "w": {
                        "a": 0,
                        "k": 3.8,
                        "ix": 5
                      },
                      "lc": 2,
                      "lj": 1,
                      "ml": 10,
                      "bm": 0,
                      "nm": "Stroke 1",
                      "mn": "ADBE Vector Graphic - Stroke",
                      "hd": false,
                      "_render": true
                    },
                    {
                      "ty": "tr",
                      "p": {
                        "a": 0,
                        "k": [
                          531,
                          521
                        ],
                        "ix": 2
                      },
                      "a": {
                        "a": 0,
                        "k": [
                          0,
                          0
                        ],
                        "ix": 1
                      },
                      "s": {
                        "a": 0,
                        "k": [
                          100,
                          100
                        ],
                        "ix": 3
                      },
                      "r": {
                        "a": 0,
                        "k": 0,
                        "ix": 6
                      },
                      "o": {
                        "a": 0,
                        "k": 100,
                        "ix": 7
                      },
                      "sk": {
                        "a": 0,
                        "k": 0,
                        "ix": 4
                      },
                      "sa": {
                        "a": 0,
                        "k": 0,
                        "ix": 5
                      },
                      "nm": "Transform",
                      "_render": true
                    }
                  ],
                  "nm": "Group 2",
                  "np": 2,
                  "cix": 2,
                  "bm": 0,
                  "ix": 2,
                  "mn": "ADBE Vector Group",
                  "hd": false,
                  "_render": true
                },
                {
                  "ty": "tr",
                  "p": {
                    "a": 0,
                    "k": [
                      531,
                      521
                    ],
                    "ix": 2
                  },
                  "a": {
                    "a": 0,
                    "k": [
                      531,
                      521
                    ],
                    "ix": 1
                  },
                  "s": {
                    "a": 0,
                    "k": [
                      100,
                      100
                    ],
                    "ix": 3
                  },
                  "r": {
                    "a": 0,
                    "k": 0,
                    "ix": 6
                  },
                  "o": {
                    "a": 0,
                    "k": 100,
                    "ix": 7
                  },
                  "sk": {
                    "a": 0,
                    "k": 0,
                    "ix": 4
                  },
                  "sa": {
                    "a": 0,
                    "k": 0,
                    "ix": 5
                  },
                  "nm": "Transform",
                  "_render": true
                }
              ],
              "nm": "Group 1",
              "np": 2,
              "cix": 2,
              "bm": 0,
              "ix": 1,
              "mn": "ADBE Vector Group",
              "hd": false,
              "_render": true
            },
            {
              "ty": "gr",
              "it": [
                {
                  "ty": "gr",
                  "it": [
                    {
                      "ind": 0,
                      "ty": "sh",
                      "ix": 1,
                      "ks": {
                        "a": 0,
                        "k": {
                          "i": [
                            [
                              -4,
                              0
                            ],
                            [
                              4,
                              0
                            ]
                          ],
                          "o": [
                            [
                              -4,
                              0
                            ],
                            [
                              4,
                              0
                            ]
                          ],
                          "v": [
                            [
                              -4,
                              0
                            ],
                            [
                              4,
                              0
                            ]
                          ],
                          "c": false
                        },
                        "ix": 2
                      },
                      "nm": "Path 1",
                      "mn": "ADBE Vector Shape - Group",
                      "hd": false,
                      "_render": true
                    },
                    {
                      "ty": "st",
                      "c": {
                        "a": 0,
                        "k": [
                          0,
                          0,
                          0,
                          1
                        ],
                        "ix": 3
                      },
                      "o": {
                        "a": 0,
                        "k": 100,
                        "ix": 4
                      },
                      "w": {
                        "a": 0,
                        "k": 3.8,
                        "ix": 5
                      },
                      "lc": 2,
                      "lj": 1,
                      "ml": 10,
                      "bm": 0,
                      "nm": "Stroke 1",
                      "mn": "ADBE Vector Graphic - Stroke",
                      "hd": false,
                      "_render": true
                    },
                    {
                      "ty": "tr",
                      "p": {
                        "a": 0,
                        "k": [
                          549,
                          529
                        ],
                        "ix": 2
                      },
                      "a": {
                        "a": 0,
                        "k": [
                          0,
                          0
                        ],
                        "ix": 1
                      },
                      "s": {
                        "a": 0,
                        "k": [
                          100,
                          100
                        ],
                        "ix": 3
                      },
                      "r": {
                        "a": 0,
                        "k": 0,
                        "ix": 6
                      },
                      "o": {
                        "a": 0,
                        "k": 100,
                        "ix": 7
                      },
                      "sk": {
                        "a": 0,
                        "k": 0,
                        "ix": 4
                      },
                      "sa": {
                        "a": 0,
                        "k": 0,
                        "ix": 5
                      },
                      "nm": "Transform",
                      "_render": true
                    }
                  ],
                  "nm": "Group 1",
                  "np": 2,
                  "cix": 2,
                  "bm": 0,
                  "ix": 1,
                  "mn": "ADBE Vector Group",
                  "hd": false,
                  "_render": true
                },
                {
                  "ty": "gr",
                  "it": [
                    {
                      "ind": 0,
                      "ty": "sh",
                      "ix": 1,
                      "ks": {
                        "a": 0,
                        "k": {
                          "i": [
                            [
                              -4,
                              0
                            ],
                            [
                              4,
                              0
                            ]
                          ],
                          "o": [
                            [
                              -4,
                              0
                            ],
                            [
                              4,
                              0
                            ]
                          ],
                          "v": [
                            [
                              -4,
                              0
                            ],
                            [
                              4,
                              0
                            ]
                          ],
                          "c": false
                        },
                        "ix": 2
                      },
                      "nm": "Path 1",
                      "mn": "ADBE Vector Shape - Group",
                      "hd": false,
                      "_render": true
                    },
                    {
                      "ty": "st",
                      "c": {
                        "a": 0,
                        "k": [
                          0,
                          0,
                          0,
                          1
                        ],
                        "ix": 3
                      },
                      "o": {
                        "a": 0,
                        "k": 100,
                        "ix": 4
                      },
                      "w": {
                        "a": 0,
                        "k": 3.8,
                        "ix": 5
                      },
                      "lc": 2,
                      "lj": 1,
                      "ml": 10,
                      "bm": 0,
                      "nm": "Stroke 1",
                      "mn": "ADBE Vector Graphic - Stroke",
                      "hd": false,
                      "_render": true
                    },
                    {
                      "ty": "tr",
                      "p": {
                        "a": 0,
                        "k": [
                          531,
                          529
                        ],
                        "ix": 2
                      },
                      "a": {
                        "a": 0,
                        "k": [
                          0,
                          0
                        ],
                        "ix": 1
                      },
                      "s": {
                        "a": 0,
                        "k": [
                          100,
                          100
                        ],
                        "ix": 3
                      },
                      "r": {
                        "a": 0,
                        "k": 0,
                        "ix": 6
                      },
                      "o": {
                        "a": 0,
                        "k": 100,
                        "ix": 7
                      },
                      "sk": {
                        "a": 0,
                        "k": 0,
                        "ix": 4
                      },
                      "sa": {
                        "a": 0,
                        "k": 0,
                        "ix": 5
                      },
                      "nm": "Transform",
                      "_render": true
                    }
                  ],
                  "nm": "Group 2",
                  "np": 2,
                  "cix": 2,
                  "bm": 0,
                  "ix": 2,
                  "mn": "ADBE Vector Group",
                  "hd": false,
                  "_render": true
                },
                {
                  "ty": "tr",
                  "p": {
                    "a": 0,
                    "k": [
                      531,
                      529
                    ],
                    "ix": 2
                  },
                  "a": {
                    "a": 0,
                    "k": [
                      531,
                      529
                    ],
                    "ix": 1
                  },
                  "s": {
                    "a": 0,
                    "k": [
                      100,
                      100
                    ],
                    "ix": 3
                  },
                  "r": {
                    "a": 0,
                    "k": 0,
                    "ix": 6
                  },
                  "o": {
                    "a": 0,
                    "k": 100,
                    "ix": 7
                  },
                  "sk": {
                    "a": 0,
                    "k": 0,
                    "ix": 4
                  },
                  "sa": {
                    "a": 0,
                    "k": 0,
                    "ix": 5
                  },
                  "nm": "Transform",
                  "_render": true
                }
              ],
              "nm": "Group 2",
              "np": 2,
              "cix": 2,
              "bm": 0,
              "ix": 2,
              "mn": "ADBE Vector Group",
              "hd": false,
              "_render": true
            },
            {
              "ty": "gr",
              "it": [
                {
                  "ty": "gr",
                  "it": [
                    {
                      "ind": 0,
                      "ty": "sh",
                      "ix": 1,
                      "ks": {
                        "a": 0,
                        "k": {
                          "i": [
                            [
                              -4,
                              0
                            ],
                            [
                              4,
                              0
                            ]
                          ],
                          "o": [
                            [
                              -4,
                              0
                            ],
                            [
                              4,
                              0
                            ]
                          ],
                          "v": [
                            [
                              -4,
                              0
                            ],
                            [
                              4,
                              0
                            ]
                          ],
                          "c": false
                        },
                        "ix": 2
                      },
                      "nm": "Path 1",
                      "mn": "ADBE Vector Shape - Group",
                      "hd": false,
                      "_render": true
                    },
                    {
                      "ty": "st",
                      "c": {
                        "a": 0,
                        "k": [
                          0,
                          0,
                          0,
                          1
                        ],
                        "ix": 3
                      },
                      "o": {
                        "a": 0,
                        "k": 100,
                        "ix": 4
                      },
                      "w": {
                        "a": 0,
                        "k": 3.8,
                        "ix": 5
                      },
                      "lc": 2,
                      "lj": 1,
                      "ml": 10,
                      "bm": 0,
                      "nm": "Stroke 1",
                      "mn": "ADBE Vector Graphic - Stroke",
                      "hd": false,
                      "_render": true
                    },
                    {
                      "ty": "tr",
                      "p": {
                        "a": 0,
                        "k": [
                          549,
                          537
                        ],
                        "ix": 2
                      },
                      "a": {
                        "a": 0,
                        "k": [
                          0,
                          0
                        ],
                        "ix": 1
                      },
                      "s": {
                        "a": 0,
                        "k": [
                          100,
                          100
                        ],
                        "ix": 3
                      },
                      "r": {
                        "a": 0,
                        "k": 0,
                        "ix": 6
                      },
                      "o": {
                        "a": 0,
                        "k": 100,
                        "ix": 7
                      },
                      "sk": {
                        "a": 0,
                        "k": 0,
                        "ix": 4
                      },
                      "sa": {
                        "a": 0,
                        "k": 0,
                        "ix": 5
                      },
                      "nm": "Transform",
                      "_render": true
                    }
                  ],
                  "nm": "Group 1",
                  "np": 2,
                  "cix": 2,
                  "bm": 0,
                  "ix": 1,
                  "mn": "ADBE Vector Group",
                  "hd": false,
                  "_render": true
                },
                {
                  "ty": "gr",
                  "it": [
                    {
                      "ind": 0,
                      "ty": "sh",
                      "ix": 1,
                      "ks": {
                        "a": 0,
                        "k": {
                          "i": [
                            [
                              -4,
                              0
                            ],
                            [
                              4,
                              0
                            ]
                          ],
                          "o": [
                            [
                              -4,
                              0
                            ],
                            [
                              4,
                              0
                            ]
                          ],
                          "v": [
                            [
                              -4,
                              0
                            ],
                            [
                              4,
                              0
                            ]
                          ],
                          "c": false
                        },
                        "ix": 2
                      },
                      "nm": "Path 1",
                      "mn": "ADBE Vector Shape - Group",
                      "hd": false,
                      "_render": true
                    },
                    {
                      "ty": "st",
                      "c": {
                        "a": 0,
                        "k": [
                          0,
                          0,
                          0,
                          1
                        ],
                        "ix": 3
                      },
                      "o": {
                        "a": 0,
                        "k": 100,
                        "ix": 4
                      },
                      "w": {
                        "a": 0,
                        "k": 3.8,
                        "ix": 5
                      },
                      "lc": 2,
                      "lj": 1,
                      "ml": 10,
                      "bm": 0,
                      "nm": "Stroke 1",
                      "mn": "ADBE Vector Graphic - Stroke",
                      "hd": false,
                      "_render": true
                    },
                    {
                      "ty": "tr",
                      "p": {
                        "a": 0,
                        "k": [
                          531,
                          537
                        ],
                        "ix": 2
                      },
                      "a": {
                        "a": 0,
                        "k": [
                          0,
                          0
                        ],
                        "ix": 1
                      },
                      "s": {
                        "a": 0,
                        "k": [
                          100,
                          100
                        ],
                        "ix": 3
                      },
                      "r": {
                        "a": 0,
                        "k": 0,
                        "ix": 6
                      },
                      "o": {
                        "a": 0,
                        "k": 100,
                        "ix": 7
                      },
                      "sk": {
                        "a": 0,
                        "k": 0,
                        "ix": 4
                      },
                      "sa": {
                        "a": 0,
                        "k": 0,
                        "ix": 5
                      },
                      "nm": "Transform",
                      "_render": true
                    }
                  ],
                  "nm": "Group 2",
                  "np": 2,
                  "cix": 2,
                  "bm": 0,
                  "ix": 2,
                  "mn": "ADBE Vector Group",
                  "hd": false,
                  "_render": true
                },
                {
                  "ty": "tr",
                  "p": {
                    "a": 0,
                    "k": [
                      531,
                      537
                    ],
                    "ix": 2
                  },
                  "a": {
                    "a": 0,
                    "k": [
                      531,
                      537
                    ],
                    "ix": 1
                  },
                  "s": {
                    "a": 0,
                    "k": [
                      100,
                      100
                    ],
                    "ix": 3
                  },
                  "r": {
                    "a": 0,
                    "k": 0,
                    "ix": 6
                  },
                  "o": {
                    "a": 0,
                    "k": 100,
                    "ix": 7
                  },
                  "sk": {
                    "a": 0,
                    "k": 0,
                    "ix": 4
                  },
                  "sa": {
                    "a": 0,
                    "k": 0,
                    "ix": 5
                  },
                  "nm": "Transform",
                  "_render": true
                }
              ],
              "nm": "Group 3",
              "np": 2,
              "cix": 2,
              "bm": 0,
              "ix": 3,
              "mn": "ADBE Vector Group",
              "hd": false,
              "_render": true
            },
            {
              "ty": "tm",
              "s": {
                "a": 0,
                "k": 0,
                "ix": 1
              },
              "e": {
                "a": 1,
                "k": [
                  {
                    "i": {
                      "x": [
                        0.19
                      ],
                      "y": [
                        1
                      ]
                    },
                    "o": {
                      "x": [
                        0.333
                      ],
                      "y": [
                        0
                      ]
                    },
                    "t": 0,
                    "s": [
                      100
                    ]
                  },
                  {
                    "i": {
                      "x": [
                        0.19
                      ],
                      "y": [
                        1
                      ]
                    },
                    "o": {
                      "x": [
                        0.333
                      ],
                      "y": [
                        0
                      ]
                    },
                    "t": 23.047,
                    "s": [
                      0
                    ]
                  },
                  {
                    "i": {
                      "x": [
                        0.19
                      ],
                      "y": [
                        1
                      ]
                    },
                    "o": {
                      "x": [
                        0.333
                      ],
                      "y": [
                        0
                      ]
                    },
                    "t": 44,
                    "s": [
                      0
                    ]
                  },
                  {
                    "i": {
                      "x": [
                        0.19
                      ],
                      "y": [
                        1
                      ]
                    },
                    "o": {
                      "x": [
                        0.333
                      ],
                      "y": [
                        0
                      ]
                    },
                    "t": 56.572,
                    "s": [
                      0
                    ]
                  },
                  {
                    "t": 88,
                    "s": [
                      100
                    ]
                  }
                ],
                "ix": 2
              },
              "o": {
                "a": 0,
                "k": 0,
                "ix": 3
              },
              "m": 1,
              "ix": 4,
              "nm": "Trim Paths 1",
              "mn": "ADBE Vector Filter - Trim",
              "hd": false,
              "_render": true
            },
            {
              "ty": "tr",
              "p": {
                "a": 0,
                "k": [
                  540,
                  529
                ],
                "ix": 2
              },
              "a": {
                "a": 0,
                "k": [
                  540,
                  529
                ],
                "ix": 1
              },
              "s": {
                "a": 0,
                "k": [
                  100,
                  100
                ],
                "ix": 3
              },
              "r": {
                "a": 0,
                "k": 0,
                "ix": 6
              },
              "o": {
                "a": 0,
                "k": 100,
                "ix": 7
              },
              "sk": {
                "a": 0,
                "k": 0,
                "ix": 4
              },
              "sa": {
                "a": 0,
                "k": 0,
                "ix": 5
              },
              "nm": "Transform",
              "_render": true
            }
          ],
          "nm": "Group 6",
          "np": 4,
          "cix": 2,
          "bm": 0,
          "ix": 1,
          "mn": "ADBE Vector Group",
          "hd": false,
          "_render": true
        },
        {
          "ty": "gr",
          "it": [
            {
              "ind": 0,
              "ty": "sh",
              "ix": 1,
              "ks": {
                "a": 0,
                "k": {
                  "i": [
                    [
                      7,
                      11.422
                    ],
                    [
                      -7,
                      11.422
                    ],
                    [
                      -7,
                      -7.407
                    ],
                    [
                      -6.5760000000000005,
                      -8.76
                    ],
                    [
                      -0.7,
                      -11.278
                    ],
                    [
                      0.25299999999999995,
                      -11.47
                    ],
                    [
                      5.923,
                      -9.04
                    ],
                    [
                      7,
                      -8.118
                    ]
                  ],
                  "o": [
                    [
                      7,
                      11.422
                    ],
                    [
                      -7,
                      11.422
                    ],
                    [
                      -7,
                      -8.118
                    ],
                    [
                      -5.923,
                      -9.04
                    ],
                    [
                      -0.25299999999999995,
                      -11.47
                    ],
                    [
                      0.7,
                      -11.278
                    ],
                    [
                      6.5760000000000005,
                      -8.76
                    ],
                    [
                      7,
                      -7.407
                    ]
                  ],
                  "v": [
                    [
                      7,
                      11.422
                    ],
                    [
                      -7,
                      11.422
                    ],
                    [
                      -7,
                      -7.407
                    ],
                    [
                      -5.923,
                      -9.04
                    ],
                    [
                      -0.7,
                      -11.278
                    ],
                    [
                      0.7,
                      -11.278
                    ],
                    [
                      5.923,
                      -9.04
                    ],
                    [
                      7,
                      -7.407
                    ]
                  ],
                  "c": true
                },
                "ix": 2
              },
              "nm": "Path 1",
              "mn": "ADBE Vector Shape - Group",
              "hd": false,
              "_render": true
            },
            {
              "ty": "st",
              "c": {
                "a": 0,
                "k": [
                  0,
                  0,
                  0,
                  1
                ],
                "ix": 3
              },
              "o": {
                "a": 0,
                "k": 100,
                "ix": 4
              },
              "w": {
                "a": 0,
                "k": 3.8,
                "ix": 5
              },
              "lc": 2,
              "lj": 1,
              "ml": 10,
              "bm": 0,
              "nm": "Stroke 1",
              "mn": "ADBE Vector Graphic - Stroke",
              "hd": false,
              "_render": true
            },
            {
              "ty": "tr",
              "p": {
                "a": 0,
                "k": [
                  540,
                  557.578
                ],
                "ix": 2
              },
              "a": {
                "a": 0,
                "k": [
                  0,
                  0
                ],
                "ix": 1
              },
              "s": {
                "a": 0,
                "k": [
                  100,
                  100
                ],
                "ix": 3
              },
              "r": {
                "a": 0,
                "k": 0,
                "ix": 6
              },
              "o": {
                "a": 0,
                "k": 100,
                "ix": 7
              },
              "sk": {
                "a": 0,
                "k": 0,
                "ix": 4
              },
              "sa": {
                "a": 0,
                "k": 0,
                "ix": 5
              },
              "nm": "Transform",
              "_render": true
            }
          ],
          "nm": "Group 4",
          "np": 2,
          "cix": 2,
          "bm": 0,
          "ix": 2,
          "mn": "ADBE Vector Group",
          "hd": false,
          "_render": true
        },
        {
          "ty": "gr",
          "it": [
            {
              "ind": 0,
              "ty": "sh",
              "ix": 1,
              "ks": {
                "a": 1,
                "k": [
                  {
                    "i": {
                      "x": 0.19,
                      "y": 1
                    },
                    "o": {
                      "x": 0.333,
                      "y": 0
                    },
                    "t": 18.857,
                    "s": [
                      {
                        "i": [
                          [
                            18.746,
                            29
                          ],
                          [
                            -17.479,
                            29
                          ],
                          [
                            -19.773,
                            27.973
                          ],
                          [
                            -19.773,
                            -26.706
                          ],
                          [
                            -18.746,
                            -29
                          ],
                          [
                            17.479,
                            -29
                          ],
                          [
                            19.773,
                            -27.973
                          ],
                          [
                            19.773,
                            26.706
                          ]
                        ],
                        "o": [
                          [
                            17.479,
                            29
                          ],
                          [
                            -18.746,
                            29
                          ],
                          [
                            -19.773,
                            26.706
                          ],
                          [
                            -19.773,
                            -27.973
                          ],
                          [
                            -17.479,
                            -29
                          ],
                          [
                            18.746,
                            -29
                          ],
                          [
                            19.773,
                            -26.706
                          ],
                          [
                            19.773,
                            27.973
                          ]
                        ],
                        "v": [
                          [
                            17.479,
                            29
                          ],
                          [
                            -17.479,
                            29
                          ],
                          [
                            -19.773,
                            26.706
                          ],
                          [
                            -19.773,
                            -26.706
                          ],
                          [
                            -17.479,
                            -29
                          ],
                          [
                            17.479,
                            -29
                          ],
                          [
                            19.773,
                            -26.706
                          ],
                          [
                            19.773,
                            26.706
                          ]
                        ],
                        "c": true
                      }
                    ]
                  },
                  {
                    "i": {
                      "x": 0.19,
                      "y": 1
                    },
                    "o": {
                      "x": 0.333,
                      "y": 0
                    },
                    "t": 41.902,
                    "s": [
                      {
                        "i": [
                          [
                            18.746,
                            29
                          ],
                          [
                            -17.479,
                            29
                          ],
                          [
                            -19.773,
                            27.973
                          ],
                          [
                            -19.884,
                            -0.097
                          ],
                          [
                            -18.857,
                            -2.391
                          ],
                          [
                            17.368,
                            -2.391
                          ],
                          [
                            19.662,
                            -1.3639999999999999
                          ],
                          [
                            19.773,
                            26.706
                          ]
                        ],
                        "o": [
                          [
                            17.479,
                            29
                          ],
                          [
                            -18.746,
                            29
                          ],
                          [
                            -19.773,
                            26.706
                          ],
                          [
                            -19.884,
                            -1.3639999999999999
                          ],
                          [
                            -17.59,
                            -2.391
                          ],
                          [
                            18.634999999999998,
                            -2.391
                          ],
                          [
                            19.662,
                            -0.097
                          ],
                          [
                            19.773,
                            27.973
                          ]
                        ],
                        "v": [
                          [
                            17.479,
                            29
                          ],
                          [
                            -17.479,
                            29
                          ],
                          [
                            -19.773,
                            26.706
                          ],
                          [
                            -19.884,
                            -0.097
                          ],
                          [
                            -17.59,
                            -2.391
                          ],
                          [
                            17.368,
                            -2.391
                          ],
                          [
                            19.662,
                            -0.097
                          ],
                          [
                            19.773,
                            26.706
                          ]
                        ],
                        "c": true
                      }
                    ]
                  },
                  {
                    "t": 64.951171875,
                    "s": [
                      {
                        "i": [
                          [
                            18.746,
                            29
                          ],
                          [
                            -17.479,
                            29
                          ],
                          [
                            -19.773,
                            27.973
                          ],
                          [
                            -19.773,
                            -26.706
                          ],
                          [
                            -18.746,
                            -29
                          ],
                          [
                            17.479,
                            -29
                          ],
                          [
                            19.773,
                            -27.973
                          ],
                          [
                            19.773,
                            26.706
                          ]
                        ],
                        "o": [
                          [
                            17.479,
                            29
                          ],
                          [
                            -18.746,
                            29
                          ],
                          [
                            -19.773,
                            26.706
                          ],
                          [
                            -19.773,
                            -27.973
                          ],
                          [
                            -17.479,
                            -29
                          ],
                          [
                            18.746,
                            -29
                          ],
                          [
                            19.773,
                            -26.706
                          ],
                          [
                            19.773,
                            27.973
                          ]
                        ],
                        "v": [
                          [
                            17.479,
                            29
                          ],
                          [
                            -17.479,
                            29
                          ],
                          [
                            -19.773,
                            26.706
                          ],
                          [
                            -19.773,
                            -26.706
                          ],
                          [
                            -17.479,
                            -29
                          ],
                          [
                            17.479,
                            -29
                          ],
                          [
                            19.773,
                            -26.706
                          ],
                          [
                            19.773,
                            26.706
                          ]
                        ],
                        "c": true
                      }
                    ]
                  }
                ],
                "ix": 2
              },
              "nm": "Path 1",
              "mn": "ADBE Vector Shape - Group",
              "hd": false,
              "_render": true
            },
            {
              "ty": "st",
              "c": {
                "a": 0,
                "k": [
                  0,
                  0,
                  0,
                  1
                ],
                "ix": 3
              },
              "o": {
                "a": 0,
                "k": 100,
                "ix": 4
              },
              "w": {
                "a": 0,
                "k": 3.8,
                "ix": 5
              },
              "lc": 2,
              "lj": 1,
              "ml": 10,
              "bm": 0,
              "nm": "Stroke 1",
              "mn": "ADBE Vector Graphic - Stroke",
              "hd": false,
              "_render": true
            },
            {
              "ty": "tr",
              "p": {
                "a": 0,
                "k": [
                  540,
                  540
                ],
                "ix": 2
              },
              "a": {
                "a": 0,
                "k": [
                  0,
                  0
                ],
                "ix": 1
              },
              "s": {
                "a": 0,
                "k": [
                  100,
                  100
                ],
                "ix": 3
              },
              "r": {
                "a": 0,
                "k": 0,
                "ix": 6
              },
              "o": {
                "a": 0,
                "k": 100,
                "ix": 7
              },
              "sk": {
                "a": 0,
                "k": 0,
                "ix": 4
              },
              "sa": {
                "a": 0,
                "k": 0,
                "ix": 5
              },
              "nm": "Transform",
              "_render": true
            }
          ],
          "nm": "Group 5",
          "np": 2,
          "cix": 2,
          "bm": 0,
          "ix": 3,
          "mn": "ADBE Vector Group",
          "hd": false,
          "_render": true
        }
      ],
      "ip": 0,
      "op": 120,
      "st": 0,
      "ct": 1,
      "bm": 0,
      "completed": true
    }
  ],
  "markers": [],
  "__complete": true
}