{
  "v": "5.9.6",
  "fr": 60,
  "ip": 0,
  "op": 120,
  "w": 750,
  "h": 750,
  "nm": "Comp 1",
  "ddd": 0,
  "assets": [],
  "layers": [
    {
      "ddd": 0,
      "ind": 1,
      "ty": 4,
      "nm": "Layer 2",
      "sr": 1,
      "ks": {
        "o": {
          "a": 0,
          "k": 100,
          "ix": 11
        },
        "r": {
          "a": 1,
          "k": [
            {
              "i": {
                "x": [
                  0.33
                ],
                "y": [
                  1
                ]
              },
              "o": {
                "x": [
                  0.67
                ],
                "y": [
                  0
                ]
              },
              "t": 0,
              "s": [
                0
              ]
            },
            {
              "i": {
                "x": [
                  0.33
                ],
                "y": [
                  1
                ]
              },
              "o": {
                "x": [
                  0.67
                ],
                "y": [
                  0
                ]
              },
              "t": 8.342,
              "s": [
                -13
              ]
            },
            {
              "i": {
                "x": [
                  0.33
                ],
                "y": [
                  1
                ]
              },
              "o": {
                "x": [
                  0.67
                ],
                "y": [
                  0
                ]
              },
              "t": 16.684,
              "s": [
                13
              ]
            },
            {
              "i": {
                "x": [
                  0.33
                ],
                "y": [
                  1
                ]
              },
              "o": {
                "x": [
                  0.67
                ],
                "y": [
                  0
                ]
              },
              "t": 25.025,
              "s": [
                -13
              ]
            },
            {
              "i": {
                "x": [
                  0.33
                ],
                "y": [
                  1
                ]
              },
              "o": {
                "x": [
                  0.67
                ],
                "y": [
                  0
                ]
              },
              "t": 33.365,
              "s": [
                13
              ]
            },
            {
              "i": {
                "x": [
                  0.33
                ],
                "y": [
                  1
                ]
              },
              "o": {
                "x": [
                  0.67
                ],
                "y": [
                  0
                ]
              },
              "t": 41.709,
              "s": [
                -13
              ]
            },
            {
              "t": 50.05078125,
              "s": [
                0
              ]
            }
          ],
          "ix": 10
        },
        "p": {
          "a": 0,
          "k": [
            343.215,
            399.45,
            0
          ],
          "ix": 2,
          "l": 2
        },
        "a": {
          "a": 0,
          "k": [
            -31.785,
            24.45,
            0
          ],
          "ix": 1,
          "l": 2
        },
        "s": {
          "a": 0,
          "k": [
            100,
            100,
            100
          ],
          "ix": 6,
          "l": 2
        }
      },
      "ao": 0,
      "shapes": [
        {
          "ty": "gr",
          "it": [
            {
              "ind": 0,
              "ty": "sh",
              "ix": 1,
              "ks": {
                "a": 0,
                "k": {
                  "i": [
                    [
                      -246.643,
                      -128.443
                    ],
                    [
                      119.819,
                      222.897
                    ],
                    [
                      162.473,
                      238.147
                    ],
                    [
                      232.29,
                      165.326
                    ],
                    [
                      246.35,
                      126
                    ],
                    [
                      178.247,
                      60.708
                    ],
                    [
                      138.922,
                      46.647000000000006
                    ],
                    [
                      96.229,
                      91.177
                    ],
                    [
                      -91.365,
                      -88.676
                    ],
                    [
                      -69.958,
                      -111.004
                    ],
                    [
                      -53.227999999999994,
                      -157.795
                    ],
                    [
                      -119.97,
                      -221.782
                    ],
                    [
                      -166.76,
                      -238.512
                    ],
                    [
                      -231.392,
                      -171.097
                    ]
                  ],
                  "o": [
                    [
                      -230.161,
                      -112.641
                    ],
                    [
                      136.301,
                      238.69899999999998
                    ],
                    [
                      178.275,
                      221.665
                    ],
                    [
                      246.85899999999998,
                      150.13
                    ],
                    [
                      231.154,
                      111.431
                    ],
                    [
                      163.05100000000002,
                      46.138999999999996
                    ],
                    [
                      124.353,
                      61.843
                    ],
                    [
                      96.229,
                      91.177
                    ],
                    [
                      -91.365,
                      -88.676
                    ],
                    [
                      -52.623999999999995,
                      -129.085
                    ],
                    [
                      -71.309,
                      -175.129
                    ],
                    [
                      -138.051,
                      -239.116
                    ],
                    [
                      -184.094,
                      -220.431
                    ],
                    [
                      -247.194,
                      -154.615
                    ]
                  ],
                  "v": [
                    [
                      -230.161,
                      -112.641
                    ],
                    [
                      119.819,
                      222.897
                    ],
                    [
                      178.275,
                      221.665
                    ],
                    [
                      232.29,
                      165.326
                    ],
                    [
                      231.154,
                      111.431
                    ],
                    [
                      178.247,
                      60.708
                    ],
                    [
                      124.353,
                      61.843
                    ],
                    [
                      96.229,
                      91.177
                    ],
                    [
                      -91.365,
                      -88.676
                    ],
                    [
                      -69.958,
                      -111.004
                    ],
                    [
                      -71.309,
                      -175.129
                    ],
                    [
                      -119.97,
                      -221.782
                    ],
                    [
                      -184.094,
                      -220.431
                    ],
                    [
                      -231.392,
                      -171.097
                    ]
                  ],
                  "c": true
                },
                "ix": 2
              },
              "nm": "Path 1",
              "mn": "ADBE Vector Shape - Group",
              "hd": false,
              "_render": true
            },
            {
              "ty": "st",
              "c": {
                "a": 0,
                "k": [
                  0,
                  0,
                  0,
                  1
                ],
                "ix": 3
              },
              "o": {
                "a": 0,
                "k": 100,
                "ix": 4
              },
              "w": {
                "a": 0,
                "k": 35,
                "ix": 5
              },
              "lc": 2,
              "lj": 2,
              "bm": 0,
              "nm": "Stroke 1",
              "mn": "ADBE Vector Graphic - Stroke",
              "hd": false,
              "_render": true
            },
            {
              "ty": "tr",
              "p": {
                "a": 0,
                "k": [
                  0,
                  0
                ],
                "ix": 2
              },
              "a": {
                "a": 0,
                "k": [
                  0,
                  0
                ],
                "ix": 1
              },
              "s": {
                "a": 0,
                "k": [
                  100,
                  100
                ],
                "ix": 3
              },
              "r": {
                "a": 0,
                "k": 0,
                "ix": 6
              },
              "o": {
                "a": 0,
                "k": 100,
                "ix": 7
              },
              "sk": {
                "a": 0,
                "k": 0,
                "ix": 4
              },
              "sa": {
                "a": 0,
                "k": 0,
                "ix": 5
              },
              "nm": "Transform",
              "_render": true
            }
          ],
          "nm": "Group 1",
          "np": 2,
          "cix": 2,
          "bm": 0,
          "ix": 1,
          "mn": "ADBE Vector Group",
          "hd": false,
          "_render": true
        }
      ],
      "ip": 0,
      "op": 120.12012012012,
      "st": 0,
      "ct": 1,
      "bm": 0,
      "completed": true
    }
  ],
  "markers": [],
  "__complete": true
}