{
  "v": "5.9.6",
  "fr": 60,
  "ip": 0,
  "op": 120,
  "w": 750,
  "h": 750,
  "nm": "Comp 1",
  "ddd": 0,
  "assets": [],
  "layers": [
    {
      "ddd": 0,
      "ind": 1,
      "ty": 4,
      "nm": "Layer 1",
      "sr": 1,
      "ks": {
        "o": {
          "a": 0,
          "k": 100,
          "ix": 11
        },
        "r": {
          "a": 0,
          "k": 0,
          "ix": 10
        },
        "p": {
          "a": 0,
          "k": [
            375,
            375,
            0
          ],
          "ix": 2,
          "l": 2
        },
        "a": {
          "a": 0,
          "k": [
            609.018,
            495.285,
            0
          ],
          "ix": 1,
          "l": 2
        },
        "s": {
          "a": 0,
          "k": [
            100,
            100,
            100
          ],
          "ix": 6,
          "l": 2
        }
      },
      "ao": 0,
      "shapes": [
        {
          "ty": "gr",
          "it": [
            {
              "ind": 0,
              "ty": "sh",
              "ix": 1,
              "ks": {
                "a": 1,
                "k": [
                  {
                    "i": {
                      "x": 0.4,
                      "y": 1
                    },
                    "o": {
                      "x": 0.6,
                      "y": 0
                    },
                    "t": 0,
                    "s": [
                      {
                        "i": [
                          [
                            167.931,
                            -121.33500000000001
                          ],
                          [
                            167.931,
                            63.856
                          ],
                          [
                            121.33500000000001,
                            167.931
                          ],
                          [
                            -63.856,
                            167.931
                          ],
                          [
                            -167.931,
                            121.33500000000001
                          ],
                          [
                            -167.931,
                            -63.856
                          ],
                          [
                            -121.33500000000001,
                            -167.931
                          ],
                          [
                            63.856,
                            -167.931
                          ]
                        ],
                        "o": [
                          [
                            167.931,
                            -63.856
                          ],
                          [
                            167.931,
                            121.33500000000001
                          ],
                          [
                            63.856,
                            167.931
                          ],
                          [
                            -121.33500000000001,
                            167.931
                          ],
                          [
                            -167.931,
                            63.856
                          ],
                          [
                            -167.931,
                            -121.33500000000001
                          ],
                          [
                            -63.856,
                            -167.931
                          ],
                          [
                            121.33500000000001,
                            -167.931
                          ]
                        ],
                        "v": [
                          [
                            167.931,
                            -63.856
                          ],
                          [
                            167.931,
                            63.856
                          ],
                          [
                            63.856,
                            167.931
                          ],
                          [
                            -63.856,
                            167.931
                          ],
                          [
                            -167.931,
                            63.856
                          ],
                          [
                            -167.931,
                            -63.856
                          ],
                          [
                            -63.856,
                            -167.931
                          ],
                          [
                            63.856,
                            -167.931
                          ]
                        ],
                        "c": true
                      }
                    ]
                  },
                  {
                    "i": {
                      "x": 0.4,
                      "y": 1
                    },
                    "o": {
                      "x": 0.6,
                      "y": 0
                    },
                    "t": 16.682,
                    "s": [
                      {
                        "i": [
                          [
                            89.242,
                            -62.373999999999995
                          ],
                          [
                            89.242,
                            34.692
                          ],
                          [
                            64.819,
                            89.242
                          ],
                          [
                            -32.247,
                            89.242
                          ],
                          [
                            -86.797,
                            64.819
                          ],
                          [
                            -86.797,
                            -32.247
                          ],
                          [
                            -62.373999999999995,
                            -86.797
                          ],
                          [
                            34.692,
                            -86.797
                          ]
                        ],
                        "o": [
                          [
                            89.242,
                            -32.247
                          ],
                          [
                            89.242,
                            64.819
                          ],
                          [
                            34.692,
                            89.242
                          ],
                          [
                            -62.373999999999995,
                            89.242
                          ],
                          [
                            -86.797,
                            34.692
                          ],
                          [
                            -86.797,
                            -62.373999999999995
                          ],
                          [
                            -32.247,
                            -86.797
                          ],
                          [
                            64.819,
                            -86.797
                          ]
                        ],
                        "v": [
                          [
                            89.242,
                            -32.247
                          ],
                          [
                            89.242,
                            34.692
                          ],
                          [
                            34.692,
                            89.242
                          ],
                          [
                            -32.247,
                            89.242
                          ],
                          [
                            -86.797,
                            34.692
                          ],
                          [
                            -86.797,
                            -32.247
                          ],
                          [
                            -32.247,
                            -86.797
                          ],
                          [
                            34.692,
                            -86.797
                          ]
                        ],
                        "c": true
                      }
                    ]
                  },
                  {
                    "i": {
                      "x": 0.4,
                      "y": 1
                    },
                    "o": {
                      "x": 0.6,
                      "y": 0
                    },
                    "t": 33.369,
                    "s": [
                      {
                        "i": [
                          [
                            89.242,
                            -62.373999999999995
                          ],
                          [
                            89.242,
                            34.692
                          ],
                          [
                            64.819,
                            89.242
                          ],
                          [
                            -32.247,
                            89.242
                          ],
                          [
                            -86.797,
                            64.819
                          ],
                          [
                            -86.797,
                            -32.247
                          ],
                          [
                            -62.373999999999995,
                            -86.797
                          ],
                          [
                            34.692,
                            -86.797
                          ]
                        ],
                        "o": [
                          [
                            89.242,
                            -32.247
                          ],
                          [
                            89.242,
                            64.819
                          ],
                          [
                            34.692,
                            89.242
                          ],
                          [
                            -62.373999999999995,
                            89.242
                          ],
                          [
                            -86.797,
                            34.692
                          ],
                          [
                            -86.797,
                            -62.373999999999995
                          ],
                          [
                            -32.247,
                            -86.797
                          ],
                          [
                            64.819,
                            -86.797
                          ]
                        ],
                        "v": [
                          [
                            89.242,
                            -32.247
                          ],
                          [
                            89.242,
                            34.692
                          ],
                          [
                            34.692,
                            89.242
                          ],
                          [
                            -32.247,
                            89.242
                          ],
                          [
                            -86.797,
                            34.692
                          ],
                          [
                            -86.797,
                            -32.247
                          ],
                          [
                            -32.247,
                            -86.797
                          ],
                          [
                            34.692,
                            -86.797
                          ]
                        ],
                        "c": true
                      }
                    ]
                  },
                  {
                    "t": 50.05078125,
                    "s": [
                      {
                        "i": [
                          [
                            167.931,
                            -121.33500000000001
                          ],
                          [
                            167.931,
                            63.856
                          ],
                          [
                            121.33500000000001,
                            167.931
                          ],
                          [
                            -63.856,
                            167.931
                          ],
                          [
                            -167.931,
                            121.33500000000001
                          ],
                          [
                            -167.931,
                            -63.856
                          ],
                          [
                            -121.33500000000001,
                            -167.931
                          ],
                          [
                            63.856,
                            -167.931
                          ]
                        ],
                        "o": [
                          [
                            167.931,
                            -63.856
                          ],
                          [
                            167.931,
                            121.33500000000001
                          ],
                          [
                            63.856,
                            167.931
                          ],
                          [
                            -121.33500000000001,
                            167.931
                          ],
                          [
                            -167.931,
                            63.856
                          ],
                          [
                            -167.931,
                            -121.33500000000001
                          ],
                          [
                            -63.856,
                            -167.931
                          ],
                          [
                            121.33500000000001,
                            -167.931
                          ]
                        ],
                        "v": [
                          [
                            167.931,
                            -63.856
                          ],
                          [
                            167.931,
                            63.856
                          ],
                          [
                            63.856,
                            167.931
                          ],
                          [
                            -63.856,
                            167.931
                          ],
                          [
                            -167.931,
                            63.856
                          ],
                          [
                            -167.931,
                            -63.856
                          ],
                          [
                            -63.856,
                            -167.931
                          ],
                          [
                            63.856,
                            -167.931
                          ]
                        ],
                        "c": true
                      }
                    ]
                  }
                ],
                "ix": 2
              },
              "nm": "Path 1",
              "mn": "ADBE Vector Shape - Group",
              "hd": false,
              "_render": true
            },
            {
              "ty": "st",
              "c": {
                "a": 0,
                "k": [
                  0,
                  0,
                  0,
                  1
                ],
                "ix": 3
              },
              "o": {
                "a": 0,
                "k": 100,
                "ix": 4
              },
              "w": {
                "a": 0,
                "k": 40,
                "ix": 5
              },
              "lc": 2,
              "lj": 2,
              "bm": 0,
              "nm": "Stroke 1",
              "mn": "ADBE Vector Graphic - Stroke",
              "hd": false,
              "_render": true
            },
            {
              "ty": "tr",
              "p": {
                "a": 0,
                "k": [
                  609.018,
                  495.285
                ],
                "ix": 2
              },
              "a": {
                "a": 0,
                "k": [
                  0,
                  0
                ],
                "ix": 1
              },
              "s": {
                "a": 0,
                "k": [
                  100,
                  100
                ],
                "ix": 3
              },
              "r": {
                "a": 0,
                "k": 0,
                "ix": 6
              },
              "o": {
                "a": 0,
                "k": 100,
                "ix": 7
              },
              "sk": {
                "a": 0,
                "k": 0,
                "ix": 4
              },
              "sa": {
                "a": 0,
                "k": 0,
                "ix": 5
              },
              "nm": "Transform",
              "_render": true
            }
          ],
          "nm": "Group 1",
          "np": 2,
          "cix": 2,
          "bm": 0,
          "ix": 1,
          "mn": "ADBE Vector Group",
          "hd": false,
          "_render": true
        },
        {
          "ty": "gr",
          "it": [
            {
              "ind": 0,
              "ty": "sh",
              "ix": 1,
              "ks": {
                "a": 0,
                "k": {
                  "i": [
                    [
                      -73.75,
                      73.75
                    ],
                    [
                      -7.712000000000003,
                      -73.75
                    ]
                  ],
                  "o": [
                    [
                      -73.75,
                      -7.712000000000003
                    ],
                    [
                      73.75,
                      -73.75
                    ]
                  ],
                  "v": [
                    [
                      -73.75,
                      73.75
                    ],
                    [
                      73.75,
                      -73.75
                    ]
                  ],
                  "c": false
                },
                "ix": 2
              },
              "nm": "Path 1",
              "mn": "ADBE Vector Shape - Group",
              "hd": false,
              "_render": true
            },
            {
              "ty": "st",
              "c": {
                "a": 0,
                "k": [
                  0,
                  0,
                  0,
                  1
                ],
                "ix": 3
              },
              "o": {
                "a": 0,
                "k": 100,
                "ix": 4
              },
              "w": {
                "a": 0,
                "k": 40,
                "ix": 5
              },
              "lc": 2,
              "lj": 2,
              "bm": 0,
              "nm": "Stroke 1",
              "mn": "ADBE Vector Graphic - Stroke",
              "hd": false,
              "_render": true
            },
            {
              "ty": "tr",
              "p": {
                "a": 0,
                "k": [
                  444.768,
                  331.035
                ],
                "ix": 2
              },
              "a": {
                "a": 0,
                "k": [
                  0,
                  0
                ],
                "ix": 1
              },
              "s": {
                "a": 0,
                "k": [
                  100,
                  100
                ],
                "ix": 3
              },
              "r": {
                "a": 0,
                "k": 0,
                "ix": 6
              },
              "o": {
                "a": 0,
                "k": 100,
                "ix": 7
              },
              "sk": {
                "a": 0,
                "k": 0,
                "ix": 4
              },
              "sa": {
                "a": 0,
                "k": 0,
                "ix": 5
              },
              "nm": "Transform",
              "_render": true
            }
          ],
          "nm": "Group 2",
          "np": 2,
          "cix": 2,
          "bm": 0,
          "ix": 2,
          "mn": "ADBE Vector Group",
          "hd": false,
          "_render": true
        },
        {
          "ty": "gr",
          "it": [
            {
              "ind": 0,
              "ty": "sh",
              "ix": 1,
              "ks": {
                "a": 0,
                "k": {
                  "i": [
                    [
                      -73.75,
                      -73.75
                    ],
                    [
                      73.75,
                      -7.712000000000003
                    ]
                  ],
                  "o": [
                    [
                      7.712000000000003,
                      -73.75
                    ],
                    [
                      73.75,
                      73.75
                    ]
                  ],
                  "v": [
                    [
                      -73.75,
                      -73.75
                    ],
                    [
                      73.75,
                      73.75
                    ]
                  ],
                  "c": false
                },
                "ix": 2
              },
              "nm": "Path 1",
              "mn": "ADBE Vector Shape - Group",
              "hd": false,
              "_render": true
            },
            {
              "ty": "st",
              "c": {
                "a": 0,
                "k": [
                  0,
                  0,
                  0,
                  1
                ],
                "ix": 3
              },
              "o": {
                "a": 0,
                "k": 100,
                "ix": 4
              },
              "w": {
                "a": 0,
                "k": 40,
                "ix": 5
              },
              "lc": 2,
              "lj": 2,
              "bm": 0,
              "nm": "Stroke 1",
              "mn": "ADBE Vector Graphic - Stroke",
              "hd": false,
              "_render": true
            },
            {
              "ty": "tr",
              "p": {
                "a": 0,
                "k": [
                  773.268,
                  331.035
                ],
                "ix": 2
              },
              "a": {
                "a": 0,
                "k": [
                  0,
                  0
                ],
                "ix": 1
              },
              "s": {
                "a": 0,
                "k": [
                  100,
                  100
                ],
                "ix": 3
              },
              "r": {
                "a": 0,
                "k": 0,
                "ix": 6
              },
              "o": {
                "a": 0,
                "k": 100,
                "ix": 7
              },
              "sk": {
                "a": 0,
                "k": 0,
                "ix": 4
              },
              "sa": {
                "a": 0,
                "k": 0,
                "ix": 5
              },
              "nm": "Transform",
              "_render": true
            }
          ],
          "nm": "Group 3",
          "np": 2,
          "cix": 2,
          "bm": 0,
          "ix": 3,
          "mn": "ADBE Vector Group",
          "hd": false,
          "_render": true
        },
        {
          "ty": "gr",
          "it": [
            {
              "ind": 0,
              "ty": "sh",
              "ix": 1,
              "ks": {
                "a": 0,
                "k": {
                  "i": [
                    [
                      73.75,
                      -73.75
                    ],
                    [
                      7.712000000000003,
                      73.75
                    ]
                  ],
                  "o": [
                    [
                      73.75,
                      7.712000000000003
                    ],
                    [
                      -73.75,
                      73.75
                    ]
                  ],
                  "v": [
                    [
                      73.75,
                      -73.75
                    ],
                    [
                      -73.75,
                      73.75
                    ]
                  ],
                  "c": false
                },
                "ix": 2
              },
              "nm": "Path 1",
              "mn": "ADBE Vector Shape - Group",
              "hd": false,
              "_render": true
            },
            {
              "ty": "st",
              "c": {
                "a": 0,
                "k": [
                  0,
                  0,
                  0,
                  1
                ],
                "ix": 3
              },
              "o": {
                "a": 0,
                "k": 100,
                "ix": 4
              },
              "w": {
                "a": 0,
                "k": 40,
                "ix": 5
              },
              "lc": 2,
              "lj": 2,
              "bm": 0,
              "nm": "Stroke 1",
              "mn": "ADBE Vector Graphic - Stroke",
              "hd": false,
              "_render": true
            },
            {
              "ty": "tr",
              "p": {
                "a": 0,
                "k": [
                  773.268,
                  659.535
                ],
                "ix": 2
              },
              "a": {
                "a": 0,
                "k": [
                  0,
                  0
                ],
                "ix": 1
              },
              "s": {
                "a": 0,
                "k": [
                  100,
                  100
                ],
                "ix": 3
              },
              "r": {
                "a": 0,
                "k": 0,
                "ix": 6
              },
              "o": {
                "a": 0,
                "k": 100,
                "ix": 7
              },
              "sk": {
                "a": 0,
                "k": 0,
                "ix": 4
              },
              "sa": {
                "a": 0,
                "k": 0,
                "ix": 5
              },
              "nm": "Transform",
              "_render": true
            }
          ],
          "nm": "Group 4",
          "np": 2,
          "cix": 2,
          "bm": 0,
          "ix": 4,
          "mn": "ADBE Vector Group",
          "hd": false,
          "_render": true
        },
        {
          "ty": "gr",
          "it": [
            {
              "ind": 0,
              "ty": "sh",
              "ix": 1,
              "ks": {
                "a": 0,
                "k": {
                  "i": [
                    [
                      73.75,
                      73.75
                    ],
                    [
                      -73.75,
                      7.712000000000003
                    ]
                  ],
                  "o": [
                    [
                      -7.712000000000003,
                      73.75
                    ],
                    [
                      -73.75,
                      -73.75
                    ]
                  ],
                  "v": [
                    [
                      73.75,
                      73.75
                    ],
                    [
                      -73.75,
                      -73.75
                    ]
                  ],
                  "c": false
                },
                "ix": 2
              },
              "nm": "Path 1",
              "mn": "ADBE Vector Shape - Group",
              "hd": false,
              "_render": true
            },
            {
              "ty": "st",
              "c": {
                "a": 0,
                "k": [
                  0,
                  0,
                  0,
                  1
                ],
                "ix": 3
              },
              "o": {
                "a": 0,
                "k": 100,
                "ix": 4
              },
              "w": {
                "a": 0,
                "k": 40,
                "ix": 5
              },
              "lc": 2,
              "lj": 2,
              "bm": 0,
              "nm": "Stroke 1",
              "mn": "ADBE Vector Graphic - Stroke",
              "hd": false,
              "_render": true
            },
            {
              "ty": "tr",
              "p": {
                "a": 0,
                "k": [
                  444.768,
                  659.535
                ],
                "ix": 2
              },
              "a": {
                "a": 0,
                "k": [
                  0,
                  0
                ],
                "ix": 1
              },
              "s": {
                "a": 0,
                "k": [
                  100,
                  100
                ],
                "ix": 3
              },
              "r": {
                "a": 0,
                "k": 0,
                "ix": 6
              },
              "o": {
                "a": 0,
                "k": 100,
                "ix": 7
              },
              "sk": {
                "a": 0,
                "k": 0,
                "ix": 4
              },
              "sa": {
                "a": 0,
                "k": 0,
                "ix": 5
              },
              "nm": "Transform",
              "_render": true
            }
          ],
          "nm": "Group 5",
          "np": 2,
          "cix": 2,
          "bm": 0,
          "ix": 5,
          "mn": "ADBE Vector Group",
          "hd": false,
          "_render": true
        }
      ],
      "ip": 0,
      "op": 120.12012012012,
      "st": 0,
      "ct": 1,
      "bm": 0,
      "completed": true
    }
  ],
  "markers": [],
  "__complete": true
}