{
  "v": "5.9.6",
  "fr": 60,
  "ip": 0,
  "op": 120,
  "w": 750,
  "h": 750,
  "nm": "Comp 1",
  "ddd": 0,
  "assets": [],
  "layers": [
    {
      "ddd": 0,
      "ind": 1,
      "ty": 4,
      "nm": "Layer 1",
      "sr": 1,
      "ks": {
        "o": {
          "a": 0,
          "k": 100,
          "ix": 11
        },
        "r": {
          "a": 1,
          "k": [
            {
              "i": {
                "x": [
                  0.4
                ],
                "y": [
                  1
                ]
              },
              "o": {
                "x": [
                  0.6
                ],
                "y": [
                  0
                ]
              },
              "t": 0,
              "s": [
                0
              ]
            },
            {
              "i": {
                "x": [
                  0.4
                ],
                "y": [
                  1
                ]
              },
              "o": {
                "x": [
                  0.6
                ],
                "y": [
                  0
                ]
              },
              "t": 20.02,
              "s": [
                -34
              ]
            },
            {
              "i": {
                "x": [
                  0.4
                ],
                "y": [
                  1
                ]
              },
              "o": {
                "x": [
                  0.6
                ],
                "y": [
                  0
                ]
              },
              "t": 28.027,
              "s": [
                -34
              ]
            },
            {
              "i": {
                "x": [
                  0.4
                ],
                "y": [
                  1
                ]
              },
              "o": {
                "x": [
                  0.6
                ],
                "y": [
                  0
                ]
              },
              "t": 48.049,
              "s": [
                8
              ]
            },
            {
              "t": 68.068359375,
              "s": [
                0
              ]
            }
          ],
          "ix": 10
        },
        "p": {
          "a": 0,
          "k": [
            475.244,
            587.714,
            0
          ],
          "ix": 2,
          "l": 2
        },
        "a": {
          "a": 0,
          "k": [
            600.244,
            715.014,
            0
          ],
          "ix": 1,
          "l": 2
        },
        "s": {
          "a": 0,
          "k": [
            100,
            100,
            100
          ],
          "ix": 6,
          "l": 2
        }
      },
      "ao": 0,
      "shapes": [
        {
          "ty": "gr",
          "it": [
            {
              "ind": 0,
              "ty": "sh",
              "ix": 1,
              "ks": {
                "a": 0,
                "k": {
                  "i": [
                    [
                      -59.647,
                      0
                    ],
                    [
                      59.647,
                      0
                    ]
                  ],
                  "o": [
                    [
                      -59.647,
                      0
                    ],
                    [
                      59.647,
                      0
                    ]
                  ],
                  "v": [
                    [
                      -59.647,
                      0
                    ],
                    [
                      59.647,
                      0
                    ]
                  ],
                  "c": false
                },
                "ix": 2
              },
              "nm": "Path 1",
              "mn": "ADBE Vector Shape - Group",
              "hd": false,
              "_render": true
            },
            {
              "ty": "st",
              "c": {
                "a": 0,
                "k": [
                  0,
                  0,
                  0,
                  1
                ],
                "ix": 3
              },
              "o": {
                "a": 0,
                "k": 100,
                "ix": 4
              },
              "w": {
                "a": 0,
                "k": 35,
                "ix": 5
              },
              "lc": 2,
              "lj": 2,
              "bm": 0,
              "nm": "Stroke 1",
              "mn": "ADBE Vector Graphic - Stroke",
              "hd": false,
              "_render": true
            },
            {
              "ty": "tr",
              "p": {
                "a": 0,
                "k": [
                  437.029,
                  493.912
                ],
                "ix": 2
              },
              "a": {
                "a": 0,
                "k": [
                  0,
                  0
                ],
                "ix": 1
              },
              "s": {
                "a": 0,
                "k": [
                  100,
                  100
                ],
                "ix": 3
              },
              "r": {
                "a": 0,
                "k": 0,
                "ix": 6
              },
              "o": {
                "a": 0,
                "k": 100,
                "ix": 7
              },
              "sk": {
                "a": 0,
                "k": 0,
                "ix": 4
              },
              "sa": {
                "a": 0,
                "k": 0,
                "ix": 5
              },
              "nm": "Transform",
              "_render": true
            }
          ],
          "nm": "Group 1",
          "np": 2,
          "cix": 2,
          "bm": 0,
          "ix": 1,
          "mn": "ADBE Vector Group",
          "hd": false,
          "_render": true
        },
        {
          "ty": "gr",
          "it": [
            {
              "ind": 0,
              "ty": "sh",
              "ix": 1,
              "ks": {
                "a": 0,
                "k": {
                  "i": [
                    [
                      -119.294,
                      0
                    ],
                    [
                      119.294,
                      0
                    ]
                  ],
                  "o": [
                    [
                      -119.294,
                      0
                    ],
                    [
                      119.294,
                      0
                    ]
                  ],
                  "v": [
                    [
                      -119.294,
                      0
                    ],
                    [
                      119.294,
                      0
                    ]
                  ],
                  "c": false
                },
                "ix": 2
              },
              "nm": "Path 1",
              "mn": "ADBE Vector Shape - Group",
              "hd": false,
              "_render": true
            },
            {
              "ty": "st",
              "c": {
                "a": 0,
                "k": [
                  0,
                  0,
                  0,
                  1
                ],
                "ix": 3
              },
              "o": {
                "a": 0,
                "k": 100,
                "ix": 4
              },
              "w": {
                "a": 0,
                "k": 35,
                "ix": 5
              },
              "lc": 2,
              "lj": 2,
              "bm": 0,
              "nm": "Stroke 1",
              "mn": "ADBE Vector Graphic - Stroke",
              "hd": false,
              "_render": true
            },
            {
              "ty": "tr",
              "p": {
                "a": 0,
                "k": [
                  496.676,
                  398.618
                ],
                "ix": 2
              },
              "a": {
                "a": 0,
                "k": [
                  0,
                  0
                ],
                "ix": 1
              },
              "s": {
                "a": 0,
                "k": [
                  100,
                  100
                ],
                "ix": 3
              },
              "r": {
                "a": 0,
                "k": 0,
                "ix": 6
              },
              "o": {
                "a": 0,
                "k": 100,
                "ix": 7
              },
              "sk": {
                "a": 0,
                "k": 0,
                "ix": 4
              },
              "sa": {
                "a": 0,
                "k": 0,
                "ix": 5
              },
              "nm": "Transform",
              "_render": true
            }
          ],
          "nm": "Group 2",
          "np": 2,
          "cix": 2,
          "bm": 0,
          "ix": 2,
          "mn": "ADBE Vector Group",
          "hd": false,
          "_render": true
        },
        {
          "ty": "gr",
          "it": [
            {
              "ind": 0,
              "ty": "sh",
              "ix": 1,
              "ks": {
                "a": 0,
                "k": {
                  "i": [
                    [
                      144.39600000000002,
                      -230.414
                    ],
                    [
                      -69.412,
                      -230.414
                    ],
                    [
                      -205.184,
                      -169.628
                    ],
                    [
                      -205.184,
                      3.35
                    ],
                    [
                      -144.39600000000002,
                      139.122
                    ],
                    [
                      3.756,
                      142.203
                    ],
                    [
                      108.659,
                      230.414
                    ],
                    [
                      107.9,
                      133.579
                    ],
                    [
                      107.9,
                      133.579
                    ],
                    [
                      205.184,
                      64.965
                    ],
                    [
                      205.184,
                      -94.643
                    ]
                  ],
                  "o": [
                    [
                      69.412,
                      -230.414
                    ],
                    [
                      -144.39600000000002,
                      -230.414
                    ],
                    [
                      -205.184,
                      -94.643
                    ],
                    [
                      -205.184,
                      78.335
                    ],
                    [
                      -69.412,
                      139.122
                    ],
                    [
                      3.756,
                      142.203
                    ],
                    [
                      108.659,
                      230.414
                    ],
                    [
                      107.9,
                      133.579
                    ],
                    [
                      164.138,
                      116.98400000000001
                    ],
                    [
                      205.184,
                      3.35
                    ],
                    [
                      205.184,
                      -169.628
                    ]
                  ],
                  "v": [
                    [
                      69.412,
                      -230.414
                    ],
                    [
                      -69.412,
                      -230.414
                    ],
                    [
                      -205.184,
                      -94.643
                    ],
                    [
                      -205.184,
                      3.35
                    ],
                    [
                      -69.412,
                      139.122
                    ],
                    [
                      3.756,
                      142.203
                    ],
                    [
                      108.659,
                      230.414
                    ],
                    [
                      107.9,
                      133.579
                    ],
                    [
                      107.9,
                      133.579
                    ],
                    [
                      205.184,
                      3.35
                    ],
                    [
                      205.184,
                      -94.643
                    ]
                  ],
                  "c": true
                },
                "ix": 2
              },
              "nm": "Path 1",
              "mn": "ADBE Vector Shape - Group",
              "hd": false,
              "_render": true
            },
            {
              "ty": "st",
              "c": {
                "a": 0,
                "k": [
                  0,
                  0,
                  0,
                  1
                ],
                "ix": 3
              },
              "o": {
                "a": 0,
                "k": 100,
                "ix": 4
              },
              "w": {
                "a": 0,
                "k": 35,
                "ix": 5
              },
              "lc": 2,
              "lj": 2,
              "bm": 0,
              "nm": "Stroke 1",
              "mn": "ADBE Vector Graphic - Stroke",
              "hd": false,
              "_render": true
            },
            {
              "ty": "tr",
              "p": {
                "a": 0,
                "k": [
                  500,
                  502.3
                ],
                "ix": 2
              },
              "a": {
                "a": 0,
                "k": [
                  0,
                  0
                ],
                "ix": 1
              },
              "s": {
                "a": 0,
                "k": [
                  100,
                  100
                ],
                "ix": 3
              },
              "r": {
                "a": 0,
                "k": 0,
                "ix": 6
              },
              "o": {
                "a": 0,
                "k": 100,
                "ix": 7
              },
              "sk": {
                "a": 0,
                "k": 0,
                "ix": 4
              },
              "sa": {
                "a": 0,
                "k": 0,
                "ix": 5
              },
              "nm": "Transform",
              "_render": true
            }
          ],
          "nm": "Group 3",
          "np": 2,
          "cix": 2,
          "bm": 0,
          "ix": 3,
          "mn": "ADBE Vector Group",
          "hd": false,
          "_render": true
        }
      ],
      "ip": 0,
      "op": 120.12012012012,
      "st": 0,
      "ct": 1,
      "bm": 0,
      "completed": true
    }
  ],
  "markers": [],
  "__complete": true
}