{
  "v": "5.9.6",
  "fr": 60,
  "ip": 0,
  "op": 120,
  "w": 750,
  "h": 750,
  "nm": "Comp 1",
  "ddd": 0,
  "assets": [],
  "layers": [
    {
      "ddd": 0,
      "ind": 1,
      "ty": 4,
      "nm": "Layer 2",
      "sr": 1,
      "ks": {
        "o": {
          "a": 0,
          "k": 100,
          "ix": 11
        },
        "r": {
          "a": 0,
          "k": 0,
          "ix": 10
        },
        "p": {
          "a": 0,
          "k": [
            375,
            375,
            0
          ],
          "ix": 2,
          "l": 2
        },
        "a": {
          "a": 0,
          "k": [
            0,
            0,
            0
          ],
          "ix": 1,
          "l": 2
        },
        "s": {
          "a": 0,
          "k": [
            100,
            100,
            100
          ],
          "ix": 6,
          "l": 2
        }
      },
      "ao": 0,
      "shapes": [
        {
          "ty": "gr",
          "it": [
            {
              "ind": 0,
              "ty": "sh",
              "ix": 1,
              "ks": {
                "a": 1,
                "k": [
                  {
                    "i": {
                      "x": 0.4,
                      "y": 1
                    },
                    "o": {
                      "x": 0.6,
                      "y": 0
                    },
                    "t": 0,
                    "s": [
                      {
                        "i": [
                          [
                            195.59300000000002,
                            -127.729
                          ],
                          [
                            180.616,
                            -141.679
                          ],
                          [
                            142.19,
                            -154.797
                          ],
                          [
                            -45.568,
                            46.778
                          ],
                          [
                            -130.099,
                            -31.959
                          ],
                          [
                            -168.525,
                            -45.077
                          ],
                          [
                            -182.475,
                            -30.1
                          ],
                          [
                            -195.59300000000002,
                            8.326
                          ],
                          [
                            -96.085,
                            101.013
                          ],
                          [
                            -96.201,
                            101.138
                          ],
                          [
                            -41.754,
                            151.62
                          ],
                          [
                            -41.754,
                            151.62
                          ],
                          [
                            -41.754,
                            151.62
                          ],
                          [
                            8.764,
                            97.386
                          ],
                          [
                            8.667,
                            97.296
                          ],
                          [
                            182.475,
                            -89.303
                          ]
                        ],
                        "o": [
                          [
                            180.616,
                            -141.679
                          ],
                          [
                            165.639,
                            -155.629
                          ],
                          [
                            128.24,
                            -139.82
                          ],
                          [
                            -45.568,
                            46.778
                          ],
                          [
                            -145.076,
                            -45.909
                          ],
                          [
                            -182.475,
                            -30.1
                          ],
                          [
                            -196.42499999999998,
                            -15.123000000000001
                          ],
                          [
                            -180.616,
                            22.276
                          ],
                          [
                            -96.085,
                            101.013
                          ],
                          [
                            -96.201,
                            101.138
                          ],
                          [
                            -41.754,
                            151.62
                          ],
                          [
                            -41.754,
                            151.62
                          ],
                          [
                            -41.754,
                            151.62
                          ],
                          [
                            8.764,
                            97.386
                          ],
                          [
                            8.667,
                            97.296
                          ],
                          [
                            196.42499999999998,
                            -104.28
                          ]
                        ],
                        "v": [
                          [
                            180.616,
                            -141.679
                          ],
                          [
                            180.616,
                            -141.679
                          ],
                          [
                            128.24,
                            -139.82
                          ],
                          [
                            -45.568,
                            46.778
                          ],
                          [
                            -130.099,
                            -31.959
                          ],
                          [
                            -182.475,
                            -30.1
                          ],
                          [
                            -182.475,
                            -30.1
                          ],
                          [
                            -180.616,
                            22.276
                          ],
                          [
                            -96.085,
                            101.013
                          ],
                          [
                            -96.201,
                            101.138
                          ],
                          [
                            -41.754,
                            151.62
                          ],
                          [
                            -41.754,
                            151.62
                          ],
                          [
                            -41.754,
                            151.62
                          ],
                          [
                            8.764,
                            97.386
                          ],
                          [
                            8.667,
                            97.296
                          ],
                          [
                            182.475,
                            -89.303
                          ]
                        ],
                        "c": true
                      }
                    ]
                  },
                  {
                    "i": {
                      "x": 0.4,
                      "y": 1
                    },
                    "o": {
                      "x": 0.6,
                      "y": 0
                    },
                    "t": 20.02,
                    "s": [
                      {
                        "i": [
                          [
                            66.009,
                            9.19
                          ],
                          [
                            51.032,
                            -4.76
                          ],
                          [
                            12.606,
                            -17.878
                          ],
                          [
                            -45.568,
                            46.778
                          ],
                          [
                            -130.099,
                            -31.959
                          ],
                          [
                            -168.525,
                            -45.077
                          ],
                          [
                            -182.475,
                            -30.1
                          ],
                          [
                            -195.59300000000002,
                            8.326
                          ],
                          [
                            -96.085,
                            101.013
                          ],
                          [
                            -96.201,
                            101.138
                          ],
                          [
                            -41.754,
                            151.62
                          ],
                          [
                            -41.754,
                            151.62
                          ],
                          [
                            -41.754,
                            151.62
                          ],
                          [
                            8.764,
                            97.386
                          ],
                          [
                            8.667,
                            97.296
                          ],
                          [
                            52.891,
                            47.616
                          ]
                        ],
                        "o": [
                          [
                            51.032,
                            -4.76
                          ],
                          [
                            36.056,
                            -18.71
                          ],
                          [
                            -1.344,
                            -2.901
                          ],
                          [
                            -45.568,
                            46.778
                          ],
                          [
                            -145.076,
                            -45.909
                          ],
                          [
                            -182.475,
                            -30.1
                          ],
                          [
                            -196.42499999999998,
                            -15.123000000000001
                          ],
                          [
                            -180.616,
                            22.276
                          ],
                          [
                            -96.085,
                            101.013
                          ],
                          [
                            -96.201,
                            101.138
                          ],
                          [
                            -41.754,
                            151.62
                          ],
                          [
                            -41.754,
                            151.62
                          ],
                          [
                            -41.754,
                            151.62
                          ],
                          [
                            8.764,
                            97.386
                          ],
                          [
                            8.667,
                            97.296
                          ],
                          [
                            66.841,
                            32.638999999999996
                          ]
                        ],
                        "v": [
                          [
                            51.032,
                            -4.76
                          ],
                          [
                            51.032,
                            -4.76
                          ],
                          [
                            -1.344,
                            -2.901
                          ],
                          [
                            -45.568,
                            46.778
                          ],
                          [
                            -130.099,
                            -31.959
                          ],
                          [
                            -182.475,
                            -30.1
                          ],
                          [
                            -182.475,
                            -30.1
                          ],
                          [
                            -180.616,
                            22.276
                          ],
                          [
                            -96.085,
                            101.013
                          ],
                          [
                            -96.201,
                            101.138
                          ],
                          [
                            -41.754,
                            151.62
                          ],
                          [
                            -41.754,
                            151.62
                          ],
                          [
                            -41.754,
                            151.62
                          ],
                          [
                            8.764,
                            97.386
                          ],
                          [
                            8.667,
                            97.296
                          ],
                          [
                            52.891,
                            47.616
                          ]
                        ],
                        "c": true
                      }
                    ]
                  },
                  {
                    "t": 40.041015625,
                    "s": [
                      {
                        "i": [
                          [
                            195.59300000000002,
                            -127.729
                          ],
                          [
                            180.616,
                            -141.679
                          ],
                          [
                            142.19,
                            -154.797
                          ],
                          [
                            -45.568,
                            46.778
                          ],
                          [
                            -130.099,
                            -31.959
                          ],
                          [
                            -168.525,
                            -45.077
                          ],
                          [
                            -182.475,
                            -30.1
                          ],
                          [
                            -195.59300000000002,
                            8.326
                          ],
                          [
                            -96.085,
                            101.013
                          ],
                          [
                            -96.201,
                            101.138
                          ],
                          [
                            -41.754,
                            151.62
                          ],
                          [
                            -41.754,
                            151.62
                          ],
                          [
                            -41.754,
                            151.62
                          ],
                          [
                            8.764,
                            97.386
                          ],
                          [
                            8.667,
                            97.296
                          ],
                          [
                            182.475,
                            -89.303
                          ]
                        ],
                        "o": [
                          [
                            180.616,
                            -141.679
                          ],
                          [
                            165.639,
                            -155.629
                          ],
                          [
                            128.24,
                            -139.82
                          ],
                          [
                            -45.568,
                            46.778
                          ],
                          [
                            -145.076,
                            -45.909
                          ],
                          [
                            -182.475,
                            -30.1
                          ],
                          [
                            -196.42499999999998,
                            -15.123000000000001
                          ],
                          [
                            -180.616,
                            22.276
                          ],
                          [
                            -96.085,
                            101.013
                          ],
                          [
                            -96.201,
                            101.138
                          ],
                          [
                            -41.754,
                            151.62
                          ],
                          [
                            -41.754,
                            151.62
                          ],
                          [
                            -41.754,
                            151.62
                          ],
                          [
                            8.764,
                            97.386
                          ],
                          [
                            8.667,
                            97.296
                          ],
                          [
                            196.42499999999998,
                            -104.28
                          ]
                        ],
                        "v": [
                          [
                            180.616,
                            -141.679
                          ],
                          [
                            180.616,
                            -141.679
                          ],
                          [
                            128.24,
                            -139.82
                          ],
                          [
                            -45.568,
                            46.778
                          ],
                          [
                            -130.099,
                            -31.959
                          ],
                          [
                            -182.475,
                            -30.1
                          ],
                          [
                            -182.475,
                            -30.1
                          ],
                          [
                            -180.616,
                            22.276
                          ],
                          [
                            -96.085,
                            101.013
                          ],
                          [
                            -96.201,
                            101.138
                          ],
                          [
                            -41.754,
                            151.62
                          ],
                          [
                            -41.754,
                            151.62
                          ],
                          [
                            -41.754,
                            151.62
                          ],
                          [
                            8.764,
                            97.386
                          ],
                          [
                            8.667,
                            97.296
                          ],
                          [
                            182.475,
                            -89.303
                          ]
                        ],
                        "c": true
                      }
                    ]
                  }
                ],
                "ix": 2
              },
              "nm": "Path 1",
              "mn": "ADBE Vector Shape - Group",
              "hd": false,
              "_render": true
            },
            {
              "ty": "st",
              "c": {
                "a": 0,
                "k": [
                  0,
                  0,
                  0,
                  1
                ],
                "ix": 3
              },
              "o": {
                "a": 0,
                "k": 100,
                "ix": 4
              },
              "w": {
                "a": 0,
                "k": 35,
                "ix": 5
              },
              "lc": 2,
              "lj": 2,
              "bm": 0,
              "nm": "Stroke 1",
              "mn": "ADBE Vector Graphic - Stroke",
              "hd": false,
              "_render": true
            },
            {
              "ty": "tr",
              "p": {
                "a": 0,
                "k": [
                  0,
                  0
                ],
                "ix": 2
              },
              "a": {
                "a": 0,
                "k": [
                  0,
                  0
                ],
                "ix": 1
              },
              "s": {
                "a": 0,
                "k": [
                  100,
                  100
                ],
                "ix": 3
              },
              "r": {
                "a": 0,
                "k": 0,
                "ix": 6
              },
              "o": {
                "a": 0,
                "k": 100,
                "ix": 7
              },
              "sk": {
                "a": 0,
                "k": 0,
                "ix": 4
              },
              "sa": {
                "a": 0,
                "k": 0,
                "ix": 5
              },
              "nm": "Transform",
              "_render": true
            }
          ],
          "nm": "Group 1",
          "np": 2,
          "cix": 2,
          "bm": 0,
          "ix": 1,
          "mn": "ADBE Vector Group",
          "hd": false,
          "_render": true
        }
      ],
      "ip": 0,
      "op": 120.12012012012,
      "st": 0,
      "ct": 1,
      "bm": 0,
      "completed": true
    }
  ],
  "markers": [],
  "__complete": true
}