{
  "v": "5.9.6",
  "fr": 60,
  "ip": 0,
  "op": 120,
  "w": 750,
  "h": 750,
  "nm": "Comp 1",
  "ddd": 0,
  "assets": [],
  "layers": [
    {
      "ddd": 0,
      "ind": 1,
      "ty": 4,
      "nm": "Layer 1",
      "sr": 1,
      "ks": {
        "o": {
          "a": 0,
          "k": 100,
          "ix": 11
        },
        "r": {
          "a": 0,
          "k": 0,
          "ix": 10
        },
        "p": {
          "a": 0,
          "k": [
            375,
            375,
            0
          ],
          "ix": 2,
          "l": 2
        },
        "a": {
          "a": 0,
          "k": [
            473.079,
            520.26,
            0
          ],
          "ix": 1,
          "l": 2
        },
        "s": {
          "a": 0,
          "k": [
            100,
            100,
            100
          ],
          "ix": 6,
          "l": 2
        }
      },
      "ao": 0,
      "shapes": [
        {
          "ty": "gr",
          "it": [
            {
              "ind": 0,
              "ty": "sh",
              "ix": 1,
              "ks": {
                "a": 1,
                "k": [
                  {
                    "i": {
                      "x": 0.667,
                      "y": 1
                    },
                    "o": {
                      "x": 1,
                      "y": 0
                    },
                    "t": 0,
                    "s": [
                      {
                        "i": [
                          [
                            -50.351,
                            -50.351
                          ],
                          [
                            7.613,
                            -50.351
                          ],
                          [
                            50.351,
                            -31.217
                          ],
                          [
                            50.351,
                            7.613
                          ],
                          [
                            31.217,
                            50.351
                          ],
                          [
                            -7.613,
                            50.351
                          ],
                          [
                            -50.351,
                            31.217
                          ]
                        ],
                        "o": [
                          [
                            -50.351,
                            -50.351
                          ],
                          [
                            31.217,
                            -50.351
                          ],
                          [
                            50.351,
                            -7.613
                          ],
                          [
                            50.351,
                            31.217
                          ],
                          [
                            7.613,
                            50.351
                          ],
                          [
                            -31.217,
                            50.351
                          ],
                          [
                            -50.351,
                            7.613
                          ]
                        ],
                        "v": [
                          [
                            -50.351,
                            -50.351
                          ],
                          [
                            7.613,
                            -50.351
                          ],
                          [
                            50.351,
                            -7.613
                          ],
                          [
                            50.351,
                            7.613
                          ],
                          [
                            7.613,
                            50.351
                          ],
                          [
                            -7.613,
                            50.351
                          ],
                          [
                            -50.351,
                            7.613
                          ]
                        ],
                        "c": true
                      }
                    ]
                  },
                  {
                    "i": {
                      "x": 0,
                      "y": 1
                    },
                    "o": {
                      "x": 0.333,
                      "y": 0
                    },
                    "t": 25.025,
                    "s": [
                      {
                        "i": [
                          [
                            -96.29,
                            -96.29
                          ],
                          [
                            -61.272,
                            -96.29
                          ],
                          [
                            -35.452,
                            -84.73
                          ],
                          [
                            -35.452,
                            -61.272
                          ],
                          [
                            -47.012,
                            -35.452
                          ],
                          [
                            -70.47,
                            -35.452
                          ],
                          [
                            -96.29,
                            -47.012
                          ]
                        ],
                        "o": [
                          [
                            -96.29,
                            -96.29
                          ],
                          [
                            -47.012,
                            -96.29
                          ],
                          [
                            -35.452,
                            -70.47
                          ],
                          [
                            -35.452,
                            -47.012
                          ],
                          [
                            -61.272,
                            -35.452
                          ],
                          [
                            -84.73,
                            -35.452
                          ],
                          [
                            -96.29,
                            -61.272
                          ]
                        ],
                        "v": [
                          [
                            -96.29,
                            -96.29
                          ],
                          [
                            -61.272,
                            -96.29
                          ],
                          [
                            -35.452,
                            -70.47
                          ],
                          [
                            -35.452,
                            -61.272
                          ],
                          [
                            -61.272,
                            -35.452
                          ],
                          [
                            -70.47,
                            -35.452
                          ],
                          [
                            -96.29,
                            -61.272
                          ]
                        ],
                        "c": true
                      }
                    ]
                  },
                  {
                    "t": 50.05078125,
                    "s": [
                      {
                        "i": [
                          [
                            -50.351,
                            -50.351
                          ],
                          [
                            7.613,
                            -50.351
                          ],
                          [
                            50.351,
                            -31.217
                          ],
                          [
                            50.351,
                            7.613
                          ],
                          [
                            31.217,
                            50.351
                          ],
                          [
                            -7.613,
                            50.351
                          ],
                          [
                            -50.351,
                            31.217
                          ]
                        ],
                        "o": [
                          [
                            -50.351,
                            -50.351
                          ],
                          [
                            31.217,
                            -50.351
                          ],
                          [
                            50.351,
                            -7.613
                          ],
                          [
                            50.351,
                            31.217
                          ],
                          [
                            7.613,
                            50.351
                          ],
                          [
                            -31.217,
                            50.351
                          ],
                          [
                            -50.351,
                            7.613
                          ]
                        ],
                        "v": [
                          [
                            -50.351,
                            -50.351
                          ],
                          [
                            7.613,
                            -50.351
                          ],
                          [
                            50.351,
                            -7.613
                          ],
                          [
                            50.351,
                            7.613
                          ],
                          [
                            7.613,
                            50.351
                          ],
                          [
                            -7.613,
                            50.351
                          ],
                          [
                            -50.351,
                            7.613
                          ]
                        ],
                        "c": true
                      }
                    ]
                  }
                ],
                "ix": 2
              },
              "nm": "Path 1",
              "mn": "ADBE Vector Shape - Group",
              "hd": false,
              "_render": true
            },
            {
              "ty": "st",
              "c": {
                "a": 0,
                "k": [
                  0,
                  0,
                  0,
                  1
                ],
                "ix": 3
              },
              "o": {
                "a": 0,
                "k": 100,
                "ix": 4
              },
              "w": {
                "a": 0,
                "k": 35,
                "ix": 5
              },
              "lc": 2,
              "lj": 2,
              "bm": 0,
              "nm": "Stroke 1",
              "mn": "ADBE Vector Graphic - Stroke",
              "hd": false,
              "_render": true
            },
            {
              "ty": "tr",
              "p": {
                "a": 0,
                "k": [
                  644.531,
                  691.713
                ],
                "ix": 2
              },
              "a": {
                "a": 0,
                "k": [
                  0,
                  0
                ],
                "ix": 1
              },
              "s": {
                "a": 0,
                "k": [
                  100,
                  100
                ],
                "ix": 3
              },
              "r": {
                "a": 0,
                "k": 0,
                "ix": 6
              },
              "o": {
                "a": 0,
                "k": 100,
                "ix": 7
              },
              "sk": {
                "a": 0,
                "k": 0,
                "ix": 4
              },
              "sa": {
                "a": 0,
                "k": 0,
                "ix": 5
              },
              "nm": "Transform",
              "_render": true
            }
          ],
          "nm": "Group 1",
          "np": 2,
          "cix": 2,
          "bm": 0,
          "ix": 1,
          "mn": "ADBE Vector Group",
          "hd": false,
          "_render": true
        },
        {
          "ty": "gr",
          "it": [
            {
              "ind": 0,
              "ty": "sh",
              "ix": 1,
              "ks": {
                "a": 1,
                "k": [
                  {
                    "i": {
                      "x": 0.667,
                      "y": 1
                    },
                    "o": {
                      "x": 1,
                      "y": 0
                    },
                    "t": 0,
                    "s": [
                      {
                        "i": [
                          [
                            50.351,
                            -50.351
                          ],
                          [
                            -7.613,
                            -50.351
                          ],
                          [
                            -50.351,
                            -31.217
                          ],
                          [
                            -50.351,
                            7.613
                          ],
                          [
                            -31.217,
                            50.351
                          ],
                          [
                            7.613,
                            50.351
                          ],
                          [
                            50.351,
                            31.217
                          ]
                        ],
                        "o": [
                          [
                            50.351,
                            -50.351
                          ],
                          [
                            -31.217,
                            -50.351
                          ],
                          [
                            -50.351,
                            -7.613
                          ],
                          [
                            -50.351,
                            31.217
                          ],
                          [
                            -7.613,
                            50.351
                          ],
                          [
                            31.217,
                            50.351
                          ],
                          [
                            50.351,
                            7.613
                          ]
                        ],
                        "v": [
                          [
                            50.351,
                            -50.351
                          ],
                          [
                            -7.613,
                            -50.351
                          ],
                          [
                            -50.351,
                            -7.613
                          ],
                          [
                            -50.351,
                            7.613
                          ],
                          [
                            -7.613,
                            50.351
                          ],
                          [
                            7.613,
                            50.351
                          ],
                          [
                            50.351,
                            7.613
                          ]
                        ],
                        "c": true
                      }
                    ]
                  },
                  {
                    "i": {
                      "x": 0,
                      "y": 1
                    },
                    "o": {
                      "x": 0.333,
                      "y": 0
                    },
                    "t": 25.025,
                    "s": [
                      {
                        "i": [
                          [
                            100.29,
                            -96.29
                          ],
                          [
                            65.272,
                            -96.29
                          ],
                          [
                            39.452,
                            -84.73
                          ],
                          [
                            39.452,
                            -61.272
                          ],
                          [
                            51.01200000000001,
                            -35.452
                          ],
                          [
                            74.47,
                            -35.452
                          ],
                          [
                            100.29,
                            -47.012
                          ]
                        ],
                        "o": [
                          [
                            100.29,
                            -96.29
                          ],
                          [
                            51.01200000000001,
                            -96.29
                          ],
                          [
                            39.452,
                            -70.47
                          ],
                          [
                            39.452,
                            -47.012
                          ],
                          [
                            65.272,
                            -35.452
                          ],
                          [
                            88.73,
                            -35.452
                          ],
                          [
                            100.29,
                            -61.272
                          ]
                        ],
                        "v": [
                          [
                            100.29,
                            -96.29
                          ],
                          [
                            65.272,
                            -96.29
                          ],
                          [
                            39.452,
                            -70.47
                          ],
                          [
                            39.452,
                            -61.272
                          ],
                          [
                            65.272,
                            -35.452
                          ],
                          [
                            74.47,
                            -35.452
                          ],
                          [
                            100.29,
                            -61.272
                          ]
                        ],
                        "c": true
                      }
                    ]
                  },
                  {
                    "t": 50.05078125,
                    "s": [
                      {
                        "i": [
                          [
                            50.351,
                            -50.351
                          ],
                          [
                            -7.613,
                            -50.351
                          ],
                          [
                            -50.351,
                            -31.217
                          ],
                          [
                            -50.351,
                            7.613
                          ],
                          [
                            -31.217,
                            50.351
                          ],
                          [
                            7.613,
                            50.351
                          ],
                          [
                            50.351,
                            31.217
                          ]
                        ],
                        "o": [
                          [
                            50.351,
                            -50.351
                          ],
                          [
                            -31.217,
                            -50.351
                          ],
                          [
                            -50.351,
                            -7.613
                          ],
                          [
                            -50.351,
                            31.217
                          ],
                          [
                            -7.613,
                            50.351
                          ],
                          [
                            31.217,
                            50.351
                          ],
                          [
                            50.351,
                            7.613
                          ]
                        ],
                        "v": [
                          [
                            50.351,
                            -50.351
                          ],
                          [
                            -7.613,
                            -50.351
                          ],
                          [
                            -50.351,
                            -7.613
                          ],
                          [
                            -50.351,
                            7.613
                          ],
                          [
                            -7.613,
                            50.351
                          ],
                          [
                            7.613,
                            50.351
                          ],
                          [
                            50.351,
                            7.613
                          ]
                        ],
                        "c": true
                      }
                    ]
                  }
                ],
                "ix": 2
              },
              "nm": "Path 1",
              "mn": "ADBE Vector Shape - Group",
              "hd": false,
              "_render": true
            },
            {
              "ty": "st",
              "c": {
                "a": 0,
                "k": [
                  0,
                  0,
                  0,
                  1
                ],
                "ix": 3
              },
              "o": {
                "a": 0,
                "k": 100,
                "ix": 4
              },
              "w": {
                "a": 0,
                "k": 35,
                "ix": 5
              },
              "lc": 2,
              "lj": 2,
              "bm": 0,
              "nm": "Stroke 1",
              "mn": "ADBE Vector Graphic - Stroke",
              "hd": false,
              "_render": true
            },
            {
              "ty": "tr",
              "p": {
                "a": 0,
                "k": [
                  301.627,
                  691.713
                ],
                "ix": 2
              },
              "a": {
                "a": 0,
                "k": [
                  0,
                  0
                ],
                "ix": 1
              },
              "s": {
                "a": 0,
                "k": [
                  100,
                  100
                ],
                "ix": 3
              },
              "r": {
                "a": 0,
                "k": 0,
                "ix": 6
              },
              "o": {
                "a": 0,
                "k": 100,
                "ix": 7
              },
              "sk": {
                "a": 0,
                "k": 0,
                "ix": 4
              },
              "sa": {
                "a": 0,
                "k": 0,
                "ix": 5
              },
              "nm": "Transform",
              "_render": true
            }
          ],
          "nm": "Group 2",
          "np": 2,
          "cix": 2,
          "bm": 0,
          "ix": 2,
          "mn": "ADBE Vector Group",
          "hd": false,
          "_render": true
        },
        {
          "ty": "gr",
          "it": [
            {
              "ind": 0,
              "ty": "sh",
              "ix": 1,
              "ks": {
                "a": 1,
                "k": [
                  {
                    "i": {
                      "x": 0.667,
                      "y": 1
                    },
                    "o": {
                      "x": 1,
                      "y": 0
                    },
                    "t": 0,
                    "s": [
                      {
                        "i": [
                          [
                            -50.351,
                            50.351
                          ],
                          [
                            7.613,
                            50.351
                          ],
                          [
                            50.351,
                            31.217
                          ],
                          [
                            50.351,
                            -7.613
                          ],
                          [
                            31.217,
                            -50.351
                          ],
                          [
                            -7.613,
                            -50.351
                          ],
                          [
                            -50.351,
                            -31.217
                          ]
                        ],
                        "o": [
                          [
                            -50.351,
                            50.351
                          ],
                          [
                            31.217,
                            50.351
                          ],
                          [
                            50.351,
                            7.613
                          ],
                          [
                            50.351,
                            -31.217
                          ],
                          [
                            7.613,
                            -50.351
                          ],
                          [
                            -31.217,
                            -50.351
                          ],
                          [
                            -50.351,
                            -7.613
                          ]
                        ],
                        "v": [
                          [
                            -50.351,
                            50.351
                          ],
                          [
                            7.613,
                            50.351
                          ],
                          [
                            50.351,
                            7.613
                          ],
                          [
                            50.351,
                            -7.613
                          ],
                          [
                            7.613,
                            -50.351
                          ],
                          [
                            -7.613,
                            -50.351
                          ],
                          [
                            -50.351,
                            -7.613
                          ]
                        ],
                        "c": true
                      }
                    ]
                  },
                  {
                    "i": {
                      "x": 0,
                      "y": 1
                    },
                    "o": {
                      "x": 0.333,
                      "y": 0
                    },
                    "t": 25.025,
                    "s": [
                      {
                        "i": [
                          [
                            -96.29,
                            100.29
                          ],
                          [
                            -61.272,
                            100.29
                          ],
                          [
                            -35.452,
                            88.73
                          ],
                          [
                            -35.452,
                            65.272
                          ],
                          [
                            -47.012,
                            39.452
                          ],
                          [
                            -70.47,
                            39.452
                          ],
                          [
                            -96.29,
                            51.01200000000001
                          ]
                        ],
                        "o": [
                          [
                            -96.29,
                            100.29
                          ],
                          [
                            -47.012,
                            100.29
                          ],
                          [
                            -35.452,
                            74.47
                          ],
                          [
                            -35.452,
                            51.01200000000001
                          ],
                          [
                            -61.272,
                            39.452
                          ],
                          [
                            -84.73,
                            39.452
                          ],
                          [
                            -96.29,
                            65.272
                          ]
                        ],
                        "v": [
                          [
                            -96.29,
                            100.29
                          ],
                          [
                            -61.272,
                            100.29
                          ],
                          [
                            -35.452,
                            74.47
                          ],
                          [
                            -35.452,
                            65.272
                          ],
                          [
                            -61.272,
                            39.452
                          ],
                          [
                            -70.47,
                            39.452
                          ],
                          [
                            -96.29,
                            65.272
                          ]
                        ],
                        "c": true
                      }
                    ]
                  },
                  {
                    "t": 50.05078125,
                    "s": [
                      {
                        "i": [
                          [
                            -50.351,
                            50.351
                          ],
                          [
                            7.613,
                            50.351
                          ],
                          [
                            50.351,
                            31.217
                          ],
                          [
                            50.351,
                            -7.613
                          ],
                          [
                            31.217,
                            -50.351
                          ],
                          [
                            -7.613,
                            -50.351
                          ],
                          [
                            -50.351,
                            -31.217
                          ]
                        ],
                        "o": [
                          [
                            -50.351,
                            50.351
                          ],
                          [
                            31.217,
                            50.351
                          ],
                          [
                            50.351,
                            7.613
                          ],
                          [
                            50.351,
                            -31.217
                          ],
                          [
                            7.613,
                            -50.351
                          ],
                          [
                            -31.217,
                            -50.351
                          ],
                          [
                            -50.351,
                            -7.613
                          ]
                        ],
                        "v": [
                          [
                            -50.351,
                            50.351
                          ],
                          [
                            7.613,
                            50.351
                          ],
                          [
                            50.351,
                            7.613
                          ],
                          [
                            50.351,
                            -7.613
                          ],
                          [
                            7.613,
                            -50.351
                          ],
                          [
                            -7.613,
                            -50.351
                          ],
                          [
                            -50.351,
                            -7.613
                          ]
                        ],
                        "c": true
                      }
                    ]
                  }
                ],
                "ix": 2
              },
              "nm": "Path 1",
              "mn": "ADBE Vector Shape - Group",
              "hd": false,
              "_render": true
            },
            {
              "ty": "st",
              "c": {
                "a": 0,
                "k": [
                  0,
                  0,
                  0,
                  1
                ],
                "ix": 3
              },
              "o": {
                "a": 0,
                "k": 100,
                "ix": 4
              },
              "w": {
                "a": 0,
                "k": 35,
                "ix": 5
              },
              "lc": 2,
              "lj": 2,
              "bm": 0,
              "nm": "Stroke 1",
              "mn": "ADBE Vector Graphic - Stroke",
              "hd": false,
              "_render": true
            },
            {
              "ty": "tr",
              "p": {
                "a": 0,
                "k": [
                  644.531,
                  348.808
                ],
                "ix": 2
              },
              "a": {
                "a": 0,
                "k": [
                  0,
                  0
                ],
                "ix": 1
              },
              "s": {
                "a": 0,
                "k": [
                  100,
                  100
                ],
                "ix": 3
              },
              "r": {
                "a": 0,
                "k": 0,
                "ix": 6
              },
              "o": {
                "a": 0,
                "k": 100,
                "ix": 7
              },
              "sk": {
                "a": 0,
                "k": 0,
                "ix": 4
              },
              "sa": {
                "a": 0,
                "k": 0,
                "ix": 5
              },
              "nm": "Transform",
              "_render": true
            }
          ],
          "nm": "Group 3",
          "np": 2,
          "cix": 2,
          "bm": 0,
          "ix": 3,
          "mn": "ADBE Vector Group",
          "hd": false,
          "_render": true
        },
        {
          "ty": "gr",
          "it": [
            {
              "ind": 0,
              "ty": "sh",
              "ix": 1,
              "ks": {
                "a": 1,
                "k": [
                  {
                    "i": {
                      "x": 0.667,
                      "y": 1
                    },
                    "o": {
                      "x": 1,
                      "y": 0
                    },
                    "t": 0,
                    "s": [
                      {
                        "i": [
                          [
                            50.351,
                            50.351
                          ],
                          [
                            -7.613,
                            50.351
                          ],
                          [
                            -50.351,
                            31.217
                          ],
                          [
                            -50.351,
                            -7.613
                          ],
                          [
                            -31.217,
                            -50.351
                          ],
                          [
                            7.613,
                            -50.351
                          ],
                          [
                            50.351,
                            -31.217
                          ]
                        ],
                        "o": [
                          [
                            50.351,
                            50.351
                          ],
                          [
                            -31.217,
                            50.351
                          ],
                          [
                            -50.351,
                            7.613
                          ],
                          [
                            -50.351,
                            -31.217
                          ],
                          [
                            -7.613,
                            -50.351
                          ],
                          [
                            31.217,
                            -50.351
                          ],
                          [
                            50.351,
                            -7.613
                          ]
                        ],
                        "v": [
                          [
                            50.351,
                            50.351
                          ],
                          [
                            -7.613,
                            50.351
                          ],
                          [
                            -50.351,
                            7.613
                          ],
                          [
                            -50.351,
                            -7.613
                          ],
                          [
                            -7.613,
                            -50.351
                          ],
                          [
                            7.613,
                            -50.351
                          ],
                          [
                            50.351,
                            -7.613
                          ]
                        ],
                        "c": true
                      }
                    ]
                  },
                  {
                    "i": {
                      "x": 0,
                      "y": 1
                    },
                    "o": {
                      "x": 0.333,
                      "y": 0
                    },
                    "t": 25.025,
                    "s": [
                      {
                        "i": [
                          [
                            100.29,
                            100.29
                          ],
                          [
                            65.272,
                            100.29
                          ],
                          [
                            39.452,
                            88.73
                          ],
                          [
                            39.452,
                            65.272
                          ],
                          [
                            51.01200000000001,
                            39.452
                          ],
                          [
                            74.47,
                            39.452
                          ],
                          [
                            100.29,
                            51.01200000000001
                          ]
                        ],
                        "o": [
                          [
                            100.29,
                            100.29
                          ],
                          [
                            51.01200000000001,
                            100.29
                          ],
                          [
                            39.452,
                            74.47
                          ],
                          [
                            39.452,
                            51.01200000000001
                          ],
                          [
                            65.272,
                            39.452
                          ],
                          [
                            88.73,
                            39.452
                          ],
                          [
                            100.29,
                            65.272
                          ]
                        ],
                        "v": [
                          [
                            100.29,
                            100.29
                          ],
                          [
                            65.272,
                            100.29
                          ],
                          [
                            39.452,
                            74.47
                          ],
                          [
                            39.452,
                            65.272
                          ],
                          [
                            65.272,
                            39.452
                          ],
                          [
                            74.47,
                            39.452
                          ],
                          [
                            100.29,
                            65.272
                          ]
                        ],
                        "c": true
                      }
                    ]
                  },
                  {
                    "t": 50.05078125,
                    "s": [
                      {
                        "i": [
                          [
                            50.351,
                            50.351
                          ],
                          [
                            -7.613,
                            50.351
                          ],
                          [
                            -50.351,
                            31.217
                          ],
                          [
                            -50.351,
                            -7.613
                          ],
                          [
                            -31.217,
                            -50.351
                          ],
                          [
                            7.613,
                            -50.351
                          ],
                          [
                            50.351,
                            -31.217
                          ]
                        ],
                        "o": [
                          [
                            50.351,
                            50.351
                          ],
                          [
                            -31.217,
                            50.351
                          ],
                          [
                            -50.351,
                            7.613
                          ],
                          [
                            -50.351,
                            -31.217
                          ],
                          [
                            -7.613,
                            -50.351
                          ],
                          [
                            31.217,
                            -50.351
                          ],
                          [
                            50.351,
                            -7.613
                          ]
                        ],
                        "v": [
                          [
                            50.351,
                            50.351
                          ],
                          [
                            -7.613,
                            50.351
                          ],
                          [
                            -50.351,
                            7.613
                          ],
                          [
                            -50.351,
                            -7.613
                          ],
                          [
                            -7.613,
                            -50.351
                          ],
                          [
                            7.613,
                            -50.351
                          ],
                          [
                            50.351,
                            -7.613
                          ]
                        ],
                        "c": true
                      }
                    ]
                  }
                ],
                "ix": 2
              },
              "nm": "Path 1",
              "mn": "ADBE Vector Shape - Group",
              "hd": false,
              "_render": true
            },
            {
              "ty": "st",
              "c": {
                "a": 0,
                "k": [
                  0,
                  0,
                  0,
                  1
                ],
                "ix": 3
              },
              "o": {
                "a": 0,
                "k": 100,
                "ix": 4
              },
              "w": {
                "a": 0,
                "k": 35,
                "ix": 5
              },
              "lc": 2,
              "lj": 2,
              "bm": 0,
              "nm": "Stroke 1",
              "mn": "ADBE Vector Graphic - Stroke",
              "hd": false,
              "_render": true
            },
            {
              "ty": "tr",
              "p": {
                "a": 0,
                "k": [
                  301.627,
                  348.808
                ],
                "ix": 2
              },
              "a": {
                "a": 0,
                "k": [
                  0,
                  0
                ],
                "ix": 1
              },
              "s": {
                "a": 0,
                "k": [
                  100,
                  100
                ],
                "ix": 3
              },
              "r": {
                "a": 0,
                "k": 0,
                "ix": 6
              },
              "o": {
                "a": 0,
                "k": 100,
                "ix": 7
              },
              "sk": {
                "a": 0,
                "k": 0,
                "ix": 4
              },
              "sa": {
                "a": 0,
                "k": 0,
                "ix": 5
              },
              "nm": "Transform",
              "_render": true
            }
          ],
          "nm": "Group 4",
          "np": 2,
          "cix": 2,
          "bm": 0,
          "ix": 4,
          "mn": "ADBE Vector Group",
          "hd": false,
          "_render": true
        },
        {
          "ty": "gr",
          "it": [
            {
              "ind": 0,
              "ty": "sh",
              "ix": 1,
              "ks": {
                "a": 1,
                "k": [
                  {
                    "i": {
                      "x": 0.667,
                      "y": 1
                    },
                    "o": {
                      "x": 1,
                      "y": 0
                    },
                    "t": 0,
                    "s": [
                      {
                        "i": [
                          [
                            121.102,
                            -121.102
                          ],
                          [
                            121.102,
                            121.102
                          ],
                          [
                            -121.102,
                            121.102
                          ],
                          [
                            -121.102,
                            -121.102
                          ]
                        ],
                        "o": [
                          [
                            121.102,
                            -121.102
                          ],
                          [
                            121.102,
                            121.102
                          ],
                          [
                            -121.102,
                            121.102
                          ],
                          [
                            -121.102,
                            -121.102
                          ]
                        ],
                        "v": [
                          [
                            121.102,
                            -121.102
                          ],
                          [
                            121.102,
                            121.102
                          ],
                          [
                            -121.102,
                            121.102
                          ],
                          [
                            -121.102,
                            -121.102
                          ]
                        ],
                        "c": true
                      }
                    ]
                  },
                  {
                    "i": {
                      "x": 0,
                      "y": 1
                    },
                    "o": {
                      "x": 0.333,
                      "y": 0
                    },
                    "t": 25.025,
                    "s": [
                      {
                        "i": [
                          [
                            75.162,
                            -71.162
                          ],
                          [
                            75.162,
                            75.162
                          ],
                          [
                            -71.162,
                            75.162
                          ],
                          [
                            -71.162,
                            -71.162
                          ]
                        ],
                        "o": [
                          [
                            75.162,
                            -71.162
                          ],
                          [
                            75.162,
                            75.162
                          ],
                          [
                            -71.162,
                            75.162
                          ],
                          [
                            -71.162,
                            -71.162
                          ]
                        ],
                        "v": [
                          [
                            75.162,
                            -71.162
                          ],
                          [
                            75.162,
                            75.162
                          ],
                          [
                            -71.162,
                            75.162
                          ],
                          [
                            -71.162,
                            -71.162
                          ]
                        ],
                        "c": true
                      }
                    ]
                  },
                  {
                    "t": 50.05078125,
                    "s": [
                      {
                        "i": [
                          [
                            121.102,
                            -121.102
                          ],
                          [
                            121.102,
                            121.102
                          ],
                          [
                            -121.102,
                            121.102
                          ],
                          [
                            -121.102,
                            -121.102
                          ]
                        ],
                        "o": [
                          [
                            121.102,
                            -121.102
                          ],
                          [
                            121.102,
                            121.102
                          ],
                          [
                            -121.102,
                            121.102
                          ],
                          [
                            -121.102,
                            -121.102
                          ]
                        ],
                        "v": [
                          [
                            121.102,
                            -121.102
                          ],
                          [
                            121.102,
                            121.102
                          ],
                          [
                            -121.102,
                            121.102
                          ],
                          [
                            -121.102,
                            -121.102
                          ]
                        ],
                        "c": true
                      }
                    ]
                  }
                ],
                "ix": 2
              },
              "nm": "Path 1",
              "mn": "ADBE Vector Shape - Group",
              "hd": false,
              "_render": true
            },
            {
              "ty": "st",
              "c": {
                "a": 0,
                "k": [
                  0,
                  0,
                  0,
                  1
                ],
                "ix": 3
              },
              "o": {
                "a": 0,
                "k": 100,
                "ix": 4
              },
              "w": {
                "a": 0,
                "k": 35,
                "ix": 5
              },
              "lc": 2,
              "lj": 2,
              "bm": 0,
              "nm": "Stroke 1",
              "mn": "ADBE Vector Graphic - Stroke",
              "hd": false,
              "_render": true
            },
            {
              "ty": "tr",
              "p": {
                "a": 0,
                "k": [
                  473.079,
                  520.26
                ],
                "ix": 2
              },
              "a": {
                "a": 0,
                "k": [
                  0,
                  0
                ],
                "ix": 1
              },
              "s": {
                "a": 0,
                "k": [
                  100,
                  100
                ],
                "ix": 3
              },
              "r": {
                "a": 0,
                "k": 0,
                "ix": 6
              },
              "o": {
                "a": 0,
                "k": 100,
                "ix": 7
              },
              "sk": {
                "a": 0,
                "k": 0,
                "ix": 4
              },
              "sa": {
                "a": 0,
                "k": 0,
                "ix": 5
              },
              "nm": "Transform",
              "_render": true
            }
          ],
          "nm": "Group 5",
          "np": 2,
          "cix": 2,
          "bm": 0,
          "ix": 5,
          "mn": "ADBE Vector Group",
          "hd": false,
          "_render": true
        }
      ],
      "ip": 0,
      "op": 120.12012012012,
      "st": 0,
      "ct": 1,
      "bm": 0,
      "completed": true
    }
  ],
  "markers": [],
  "__complete": true
}