{
  "v": "5.9.6",
  "fr": 29.9700012207031,
  "ip": 0,
  "op": 60.0000024438501,
  "w": 1000,
  "h": 1000,
  "nm": "Comp 1",
  "ddd": 0,
  "assets": [],
  "layers": [
    {
      "ddd": 0,
      "ind": 1,
      "ty": 4,
      "nm": "Layer 2",
      "sr": 1,
      "ks": {
        "o": {
          "a": 0,
          "k": 100,
          "ix": 11
        },
        "r": {
          "a": 0,
          "k": 0,
          "ix": 10
        },
        "p": {
          "a": 1,
          "k": [
            {
              "i": {
                "x": 0.31,
                "y": 1
              },
              "o": {
                "x": 0.69,
                "y": 0
              },
              "t": 0,
              "s": [
                500,
                500,
                0
              ],
              "to": null,
              "ti": null
            },
            {
              "i": {
                "x": 0.31,
                "y": 1
              },
              "o": {
                "x": 0.69,
                "y": 0
              },
              "t": 10,
              "s": [
                420,
                500,
                0
              ],
              "to": null,
              "ti": null
            },
            {
              "t": 20.0000008146167,
              "s": [
                500,
                500,
                0
              ]
            }
          ],
          "ix": 2,
          "l": 2
        },
        "a": {
          "a": 0,
          "k": [
            491.735,
            506.83,
            0
          ],
          "ix": 1,
          "l": 2
        },
        "s": {
          "a": 0,
          "k": [
            100,
            100,
            100
          ],
          "ix": 6,
          "l": 2
        }
      },
      "ao": 0,
      "shapes": [
        {
          "ty": "gr",
          "it": [
            {
              "ind": 0,
              "ty": "sh",
              "ix": 1,
              "ks": {
                "a": 1,
                "k": [
                  {
                    "i": {
                      "x": 0.667,
                      "y": 1
                    },
                    "o": {
                      "x": 0.333,
                      "y": 0
                    },
                    "t": 0,
                    "s": [
                      {
                        "i": [
                          [
                            0,
                            -133.751
                          ],
                          [
                            0,
                            133.751
                          ]
                        ],
                        "o": [
                          [
                            0,
                            -133.751
                          ],
                          [
                            0,
                            133.751
                          ]
                        ],
                        "v": [
                          [
                            0,
                            -133.751
                          ],
                          [
                            0,
                            133.751
                          ]
                        ],
                        "c": false
                      }
                    ]
                  },
                  {
                    "i": {
                      "x": 0.667,
                      "y": 1
                    },
                    "o": {
                      "x": 0.333,
                      "y": 0
                    },
                    "t": 10,
                    "s": [
                      {
                        "i": [
                          [
                            -76.471,
                            -133.751
                          ],
                          [
                            -76.471,
                            133.751
                          ]
                        ],
                        "o": [
                          [
                            -76.471,
                            -133.751
                          ],
                          [
                            -76.471,
                            133.751
                          ]
                        ],
                        "v": [
                          [
                            -76.471,
                            -133.751
                          ],
                          [
                            -76.471,
                            133.751
                          ]
                        ],
                        "c": false
                      }
                    ]
                  },
                  {
                    "t": 20.0000008146167,
                    "s": [
                      {
                        "i": [
                          [
                            0,
                            -133.751
                          ],
                          [
                            0,
                            133.751
                          ]
                        ],
                        "o": [
                          [
                            0,
                            -133.751
                          ],
                          [
                            0,
                            133.751
                          ]
                        ],
                        "v": [
                          [
                            0,
                            -133.751
                          ],
                          [
                            0,
                            133.751
                          ]
                        ],
                        "c": false
                      }
                    ]
                  }
                ],
                "ix": 2
              },
              "nm": "Path 1",
              "mn": "ADBE Vector Shape - Group",
              "hd": false,
              "_render": true
            },
            {
              "ty": "st",
              "c": {
                "a": 0,
                "k": [
                  0,
                  0,
                  0,
                  1
                ],
                "ix": 3
              },
              "o": {
                "a": 0,
                "k": 100,
                "ix": 4
              },
              "w": {
                "a": 0,
                "k": 35,
                "ix": 5
              },
              "lc": 2,
              "lj": 2,
              "bm": 0,
              "nm": "Stroke 1",
              "mn": "ADBE Vector Graphic - Stroke",
              "hd": false,
              "_render": true
            },
            {
              "ty": "tr",
              "p": {
                "a": 0,
                "k": [
                  788.206,
                  606.383
                ],
                "ix": 2
              },
              "a": {
                "a": 0,
                "k": [
                  0,
                  0
                ],
                "ix": 1
              },
              "s": {
                "a": 0,
                "k": [
                  100,
                  100
                ],
                "ix": 3
              },
              "r": {
                "a": 0,
                "k": 0,
                "ix": 6
              },
              "o": {
                "a": 0,
                "k": 100,
                "ix": 7
              },
              "sk": {
                "a": 0,
                "k": 0,
                "ix": 4
              },
              "sa": {
                "a": 0,
                "k": 0,
                "ix": 5
              },
              "nm": "Transform",
              "_render": true
            }
          ],
          "nm": "Group 1",
          "np": 2,
          "cix": 2,
          "bm": 0,
          "ix": 1,
          "mn": "ADBE Vector Group",
          "hd": false,
          "_render": true
        },
        {
          "ty": "gr",
          "it": [
            {
              "ind": 0,
              "ty": "sh",
              "ix": 1,
              "ks": {
                "a": 1,
                "k": [
                  {
                    "i": {
                      "x": 0.667,
                      "y": 1
                    },
                    "o": {
                      "x": 0.333,
                      "y": 0
                    },
                    "t": 0,
                    "s": [
                      {
                        "i": [
                          [
                            0,
                            -133.751
                          ],
                          [
                            0,
                            133.751
                          ]
                        ],
                        "o": [
                          [
                            0,
                            -133.751
                          ],
                          [
                            0,
                            133.751
                          ]
                        ],
                        "v": [
                          [
                            0,
                            -133.751
                          ],
                          [
                            0,
                            133.751
                          ]
                        ],
                        "c": false
                      }
                    ]
                  },
                  {
                    "i": {
                      "x": 0.667,
                      "y": 1
                    },
                    "o": {
                      "x": 0.333,
                      "y": 0
                    },
                    "t": 10,
                    "s": [
                      {
                        "i": [
                          [
                            76.471,
                            -133.751
                          ],
                          [
                            76.471,
                            133.751
                          ]
                        ],
                        "o": [
                          [
                            76.471,
                            -133.751
                          ],
                          [
                            76.471,
                            133.751
                          ]
                        ],
                        "v": [
                          [
                            76.471,
                            -133.751
                          ],
                          [
                            76.471,
                            133.751
                          ]
                        ],
                        "c": false
                      }
                    ]
                  },
                  {
                    "t": 20.0000008146167,
                    "s": [
                      {
                        "i": [
                          [
                            0,
                            -133.751
                          ],
                          [
                            0,
                            133.751
                          ]
                        ],
                        "o": [
                          [
                            0,
                            -133.751
                          ],
                          [
                            0,
                            133.751
                          ]
                        ],
                        "v": [
                          [
                            0,
                            -133.751
                          ],
                          [
                            0,
                            133.751
                          ]
                        ],
                        "c": false
                      }
                    ]
                  }
                ],
                "ix": 2
              },
              "nm": "Path 1",
              "mn": "ADBE Vector Shape - Group",
              "hd": false,
              "_render": true
            },
            {
              "ty": "st",
              "c": {
                "a": 0,
                "k": [
                  0,
                  0,
                  0,
                  1
                ],
                "ix": 3
              },
              "o": {
                "a": 0,
                "k": 100,
                "ix": 4
              },
              "w": {
                "a": 0,
                "k": 35,
                "ix": 5
              },
              "lc": 2,
              "lj": 2,
              "bm": 0,
              "nm": "Stroke 1",
              "mn": "ADBE Vector Graphic - Stroke",
              "hd": false,
              "_render": true
            },
            {
              "ty": "tr",
              "p": {
                "a": 0,
                "k": [
                  195.265,
                  606.383
                ],
                "ix": 2
              },
              "a": {
                "a": 0,
                "k": [
                  0,
                  0
                ],
                "ix": 1
              },
              "s": {
                "a": 0,
                "k": [
                  100,
                  100
                ],
                "ix": 3
              },
              "r": {
                "a": 0,
                "k": 0,
                "ix": 6
              },
              "o": {
                "a": 0,
                "k": 100,
                "ix": 7
              },
              "sk": {
                "a": 0,
                "k": 0,
                "ix": 4
              },
              "sa": {
                "a": 0,
                "k": 0,
                "ix": 5
              },
              "nm": "Transform",
              "_render": true
            }
          ],
          "nm": "Group 2",
          "np": 2,
          "cix": 2,
          "bm": 0,
          "ix": 2,
          "mn": "ADBE Vector Group",
          "hd": false,
          "_render": true
        },
        {
          "ty": "gr",
          "it": [
            {
              "ind": 0,
              "ty": "sh",
              "ix": 1,
              "ks": {
                "a": 1,
                "k": [
                  {
                    "i": {
                      "x": 0.667,
                      "y": 1
                    },
                    "o": {
                      "x": 0.333,
                      "y": 0
                    },
                    "t": 0,
                    "s": [
                      {
                        "i": [
                          [
                            -72,
                            0
                          ],
                          [
                            72,
                            0
                          ]
                        ],
                        "o": [
                          [
                            -72,
                            0
                          ],
                          [
                            72,
                            0
                          ]
                        ],
                        "v": [
                          [
                            -72,
                            0
                          ],
                          [
                            72,
                            0
                          ]
                        ],
                        "c": false
                      }
                    ]
                  },
                  {
                    "i": {
                      "x": 0.667,
                      "y": 1
                    },
                    "o": {
                      "x": 0.333,
                      "y": 0
                    },
                    "t": 10,
                    "s": [
                      {
                        "i": [
                          [
                            -51.244,
                            0
                          ],
                          [
                            55.613,
                            0
                          ]
                        ],
                        "o": [
                          [
                            -51.244,
                            0
                          ],
                          [
                            55.613,
                            0
                          ]
                        ],
                        "v": [
                          [
                            -51.244,
                            0
                          ],
                          [
                            55.613,
                            0
                          ]
                        ],
                        "c": false
                      }
                    ]
                  },
                  {
                    "t": 20.0000008146167,
                    "s": [
                      {
                        "i": [
                          [
                            -72,
                            0
                          ],
                          [
                            72,
                            0
                          ]
                        ],
                        "o": [
                          [
                            -72,
                            0
                          ],
                          [
                            72,
                            0
                          ]
                        ],
                        "v": [
                          [
                            -72,
                            0
                          ],
                          [
                            72,
                            0
                          ]
                        ],
                        "c": false
                      }
                    ]
                  }
                ],
                "ix": 2
              },
              "nm": "Path 1",
              "mn": "ADBE Vector Shape - Group",
              "hd": false,
              "_render": true
            },
            {
              "ty": "st",
              "c": {
                "a": 0,
                "k": [
                  0,
                  0,
                  0,
                  1
                ],
                "ix": 3
              },
              "o": {
                "a": 0,
                "k": 100,
                "ix": 4
              },
              "w": {
                "a": 0,
                "k": 35,
                "ix": 5
              },
              "lc": 2,
              "lj": 2,
              "bm": 0,
              "nm": "Stroke 1",
              "mn": "ADBE Vector Graphic - Stroke",
              "hd": false,
              "_render": true
            },
            {
              "ty": "tr",
              "p": {
                "a": 0,
                "k": [
                  483.265,
                  373.079
                ],
                "ix": 2
              },
              "a": {
                "a": 0,
                "k": [
                  0,
                  0
                ],
                "ix": 1
              },
              "s": {
                "a": 0,
                "k": [
                  100,
                  100
                ],
                "ix": 3
              },
              "r": {
                "a": 0,
                "k": 0,
                "ix": 6
              },
              "o": {
                "a": 0,
                "k": 100,
                "ix": 7
              },
              "sk": {
                "a": 0,
                "k": 0,
                "ix": 4
              },
              "sa": {
                "a": 0,
                "k": 0,
                "ix": 5
              },
              "nm": "Transform",
              "_render": true
            }
          ],
          "nm": "Group 3",
          "np": 2,
          "cix": 2,
          "bm": 0,
          "ix": 3,
          "mn": "ADBE Vector Group",
          "hd": false,
          "_render": true
        },
        {
          "ty": "gr",
          "it": [
            {
              "ind": 0,
              "ty": "sh",
              "ix": 1,
              "ks": {
                "a": 1,
                "k": [
                  {
                    "i": {
                      "x": 0.667,
                      "y": 1
                    },
                    "o": {
                      "x": 0.333,
                      "y": 0
                    },
                    "t": 0,
                    "s": [
                      {
                        "i": [
                          [
                            -249.539,
                            -99.553
                          ],
                          [
                            191.647,
                            -99.553
                          ],
                          [
                            296.471,
                            -47.274
                          ],
                          [
                            296.471,
                            99.553
                          ],
                          [
                            -296.471,
                            99.553
                          ],
                          [
                            -296.471,
                            17.217
                          ]
                        ],
                        "o": [
                          [
                            -191.647,
                            -99.553
                          ],
                          [
                            249.539,
                            -99.553
                          ],
                          [
                            296.471,
                            17.217
                          ],
                          [
                            296.471,
                            99.553
                          ],
                          [
                            -296.471,
                            99.553
                          ],
                          [
                            -296.471,
                            -47.274
                          ]
                        ],
                        "v": [
                          [
                            -191.647,
                            -99.553
                          ],
                          [
                            191.647,
                            -99.553
                          ],
                          [
                            296.471,
                            17.217
                          ],
                          [
                            296.471,
                            99.553
                          ],
                          [
                            -296.471,
                            99.553
                          ],
                          [
                            -296.471,
                            17.217
                          ]
                        ],
                        "c": true
                      }
                    ]
                  },
                  {
                    "i": {
                      "x": 0.667,
                      "y": 1
                    },
                    "o": {
                      "x": 0.333,
                      "y": 0
                    },
                    "t": 10,
                    "s": [
                      {
                        "i": [
                          [
                            -185.174,
                            -99.553
                          ],
                          [
                            142.214,
                            -99.553
                          ],
                          [
                            220,
                            -47.274
                          ],
                          [
                            220,
                            99.553
                          ],
                          [
                            -220,
                            99.553
                          ],
                          [
                            -220,
                            17.217
                          ]
                        ],
                        "o": [
                          [
                            -142.214,
                            -99.553
                          ],
                          [
                            185.174,
                            -99.553
                          ],
                          [
                            220,
                            17.217
                          ],
                          [
                            220,
                            99.553
                          ],
                          [
                            -220,
                            99.553
                          ],
                          [
                            -220,
                            -47.274
                          ]
                        ],
                        "v": [
                          [
                            -142.214,
                            -99.553
                          ],
                          [
                            142.214,
                            -99.553
                          ],
                          [
                            220,
                            17.217
                          ],
                          [
                            220,
                            99.553
                          ],
                          [
                            -220,
                            99.553
                          ],
                          [
                            -220,
                            17.217
                          ]
                        ],
                        "c": true
                      }
                    ]
                  },
                  {
                    "t": 20.0000008146167,
                    "s": [
                      {
                        "i": [
                          [
                            -249.539,
                            -99.553
                          ],
                          [
                            191.647,
                            -99.553
                          ],
                          [
                            296.471,
                            -47.274
                          ],
                          [
                            296.471,
                            99.553
                          ],
                          [
                            -296.471,
                            99.553
                          ],
                          [
                            -296.471,
                            17.217
                          ]
                        ],
                        "o": [
                          [
                            -191.647,
                            -99.553
                          ],
                          [
                            249.539,
                            -99.553
                          ],
                          [
                            296.471,
                            17.217
                          ],
                          [
                            296.471,
                            99.553
                          ],
                          [
                            -296.471,
                            99.553
                          ],
                          [
                            -296.471,
                            -47.274
                          ]
                        ],
                        "v": [
                          [
                            -191.647,
                            -99.553
                          ],
                          [
                            191.647,
                            -99.553
                          ],
                          [
                            296.471,
                            17.217
                          ],
                          [
                            296.471,
                            99.553
                          ],
                          [
                            -296.471,
                            99.553
                          ],
                          [
                            -296.471,
                            17.217
                          ]
                        ],
                        "c": true
                      }
                    ]
                  }
                ],
                "ix": 2
              },
              "nm": "Path 1",
              "mn": "ADBE Vector Shape - Group",
              "hd": false,
              "_render": true
            },
            {
              "ty": "st",
              "c": {
                "a": 0,
                "k": [
                  0,
                  0,
                  0,
                  1
                ],
                "ix": 3
              },
              "o": {
                "a": 0,
                "k": 100,
                "ix": 4
              },
              "w": {
                "a": 0,
                "k": 35,
                "ix": 5
              },
              "lc": 2,
              "lj": 2,
              "bm": 0,
              "nm": "Stroke 1",
              "mn": "ADBE Vector Graphic - Stroke",
              "hd": false,
              "_render": true
            },
            {
              "ty": "tr",
              "p": {
                "a": 0,
                "k": [
                  491.735,
                  373.079
                ],
                "ix": 2
              },
              "a": {
                "a": 0,
                "k": [
                  0,
                  0
                ],
                "ix": 1
              },
              "s": {
                "a": 0,
                "k": [
                  100,
                  100
                ],
                "ix": 3
              },
              "r": {
                "a": 0,
                "k": 0,
                "ix": 6
              },
              "o": {
                "a": 0,
                "k": 100,
                "ix": 7
              },
              "sk": {
                "a": 0,
                "k": 0,
                "ix": 4
              },
              "sa": {
                "a": 0,
                "k": 0,
                "ix": 5
              },
              "nm": "Transform",
              "_render": true
            }
          ],
          "nm": "Group 4",
          "np": 2,
          "cix": 2,
          "bm": 0,
          "ix": 4,
          "mn": "ADBE Vector Group",
          "hd": false,
          "_render": true
        }
      ],
      "ip": 0,
      "op": 60.0000024438501,
      "st": 0,
      "ct": 1,
      "bm": 0,
      "completed": true
    },
    {
      "ddd": 0,
      "ind": 2,
      "ty": 4,
      "nm": "Shape Layer 1",
      "td": 1,
      "sr": 1,
      "ks": {
        "o": {
          "a": 0,
          "k": 100,
          "ix": 11
        },
        "r": {
          "a": 0,
          "k": 0,
          "ix": 10
        },
        "p": {
          "a": 0,
          "k": [
            347,
            294,
            0
          ],
          "ix": 2,
          "l": 2
        },
        "a": {
          "a": 0,
          "k": [
            -153,
            -206,
            0
          ],
          "ix": 1,
          "l": 2
        },
        "s": {
          "a": 0,
          "k": [
            100,
            100,
            100
          ],
          "ix": 6,
          "l": 2
        }
      },
      "ao": 0,
      "shapes": [
        {
          "ty": "gr",
          "it": [
            {
              "ty": "rc",
              "d": 1,
              "s": {
                "a": 0,
                "k": [
                  386,
                  332
                ],
                "ix": 2
              },
              "p": {
                "a": 0,
                "k": [
                  0,
                  0
                ],
                "ix": 3
              },
              "r": {
                "a": 0,
                "k": 0,
                "ix": 4
              },
              "nm": "Rectangle Path 1",
              "mn": "ADBE Vector Shape - Rect",
              "hd": false,
              "_render": true
            },
            {
              "ty": "st",
              "c": {
                "a": 0,
                "k": [
                  0.298038976333,
                  0.933332974303,
                  0.709803981407,
                  1
                ],
                "ix": 3
              },
              "o": {
                "a": 0,
                "k": 100,
                "ix": 4
              },
              "w": {
                "a": 0,
                "k": 35,
                "ix": 5
              },
              "lc": 1,
              "lj": 1,
              "ml": 4,
              "bm": 0,
              "nm": "Stroke 1",
              "mn": "ADBE Vector Graphic - Stroke",
              "hd": false,
              "_render": true
            },
            {
              "ty": "fl",
              "c": {
                "a": 0,
                "k": [
                  1,
                  1,
                  1,
                  1
                ],
                "ix": 4
              },
              "o": {
                "a": 0,
                "k": 100,
                "ix": 5
              },
              "r": 1,
              "bm": 0,
              "nm": "Fill 1",
              "mn": "ADBE Vector Graphic - Fill",
              "hd": false,
              "_render": true
            },
            {
              "ty": "tr",
              "p": {
                "a": 0,
                "k": [
                  -153,
                  -206
                ],
                "ix": 2
              },
              "a": {
                "a": 0,
                "k": [
                  0,
                  0
                ],
                "ix": 1
              },
              "s": {
                "a": 0,
                "k": [
                  100,
                  100
                ],
                "ix": 3
              },
              "r": {
                "a": 0,
                "k": 0,
                "ix": 6
              },
              "o": {
                "a": 0,
                "k": 100,
                "ix": 7
              },
              "sk": {
                "a": 0,
                "k": 0,
                "ix": 4
              },
              "sa": {
                "a": 0,
                "k": 0,
                "ix": 5
              },
              "nm": "Transform",
              "_render": true
            }
          ],
          "nm": "Rectangle 1",
          "np": 3,
          "cix": 2,
          "bm": 0,
          "ix": 1,
          "mn": "ADBE Vector Group",
          "hd": false,
          "_render": true
        }
      ],
      "ip": 0,
      "op": 60.0000024438501,
      "st": 0,
      "ct": 1,
      "bm": 0,
      "completed": true
    },
    {
      "ddd": 0,
      "ind": 3,
      "ty": 4,
      "nm": "Layer 1",
      "tt": 2,
      "sr": 1,
      "ks": {
        "o": {
          "a": 0,
          "k": 100,
          "ix": 11
        },
        "r": {
          "a": 0,
          "k": 0,
          "ix": 10
        },
        "p": {
          "a": 1,
          "k": [
            {
              "i": {
                "x": 0.667,
                "y": 1
              },
              "o": {
                "x": 0.333,
                "y": 0
              },
              "t": 0,
              "s": [
                500,
                500,
                0
              ],
              "to": null,
              "ti": null
            },
            {
              "i": {
                "x": 0.667,
                "y": 1
              },
              "o": {
                "x": 0.333,
                "y": 0
              },
              "t": 10,
              "s": [
                564,
                500,
                0
              ],
              "to": null,
              "ti": null
            },
            {
              "t": 20.0000008146167,
              "s": [
                500,
                500,
                0
              ]
            }
          ],
          "ix": 2,
          "l": 2
        },
        "a": {
          "a": 0,
          "k": [
            491.735,
            506.83,
            0
          ],
          "ix": 1,
          "l": 2
        },
        "s": {
          "a": 0,
          "k": [
            100,
            100,
            100
          ],
          "ix": 6,
          "l": 2
        }
      },
      "ao": 0,
      "shapes": [
        {
          "ty": "gr",
          "it": [
            {
              "ind": 0,
              "ty": "sh",
              "ix": 1,
              "ks": {
                "a": 0,
                "k": {
                  "i": [
                    [
                      0,
                      -133.751
                    ],
                    [
                      0,
                      133.751
                    ]
                  ],
                  "o": [
                    [
                      0,
                      -133.751
                    ],
                    [
                      0,
                      133.751
                    ]
                  ],
                  "v": [
                    [
                      0,
                      -133.751
                    ],
                    [
                      0,
                      133.751
                    ]
                  ],
                  "c": false
                },
                "ix": 2
              },
              "nm": "Path 1",
              "mn": "ADBE Vector Shape - Group",
              "hd": false,
              "_render": true
            },
            {
              "ty": "st",
              "c": {
                "a": 0,
                "k": [
                  0,
                  0,
                  0,
                  1
                ],
                "ix": 3
              },
              "o": {
                "a": 0,
                "k": 100,
                "ix": 4
              },
              "w": {
                "a": 0,
                "k": 35,
                "ix": 5
              },
              "lc": 2,
              "lj": 2,
              "bm": 0,
              "nm": "Stroke 1",
              "mn": "ADBE Vector Graphic - Stroke",
              "hd": false,
              "_render": true
            },
            {
              "ty": "tr",
              "p": {
                "a": 0,
                "k": [
                  788.206,
                  606.383
                ],
                "ix": 2
              },
              "a": {
                "a": 0,
                "k": [
                  0,
                  0
                ],
                "ix": 1
              },
              "s": {
                "a": 0,
                "k": [
                  100,
                  100
                ],
                "ix": 3
              },
              "r": {
                "a": 0,
                "k": 0,
                "ix": 6
              },
              "o": {
                "a": 0,
                "k": 100,
                "ix": 7
              },
              "sk": {
                "a": 0,
                "k": 0,
                "ix": 4
              },
              "sa": {
                "a": 0,
                "k": 0,
                "ix": 5
              },
              "nm": "Transform",
              "_render": true
            }
          ],
          "nm": "Group 1",
          "np": 2,
          "cix": 2,
          "bm": 0,
          "ix": 1,
          "mn": "ADBE Vector Group",
          "hd": false,
          "_render": true
        },
        {
          "ty": "gr",
          "it": [
            {
              "ind": 0,
              "ty": "sh",
              "ix": 1,
              "ks": {
                "a": 0,
                "k": {
                  "i": [
                    [
                      0,
                      -133.751
                    ],
                    [
                      0,
                      133.751
                    ]
                  ],
                  "o": [
                    [
                      0,
                      -133.751
                    ],
                    [
                      0,
                      133.751
                    ]
                  ],
                  "v": [
                    [
                      0,
                      -133.751
                    ],
                    [
                      0,
                      133.751
                    ]
                  ],
                  "c": false
                },
                "ix": 2
              },
              "nm": "Path 1",
              "mn": "ADBE Vector Shape - Group",
              "hd": false,
              "_render": true
            },
            {
              "ty": "st",
              "c": {
                "a": 0,
                "k": [
                  0,
                  0,
                  0,
                  1
                ],
                "ix": 3
              },
              "o": {
                "a": 0,
                "k": 100,
                "ix": 4
              },
              "w": {
                "a": 0,
                "k": 35,
                "ix": 5
              },
              "lc": 2,
              "lj": 2,
              "bm": 0,
              "nm": "Stroke 1",
              "mn": "ADBE Vector Graphic - Stroke",
              "hd": false,
              "_render": true
            },
            {
              "ty": "tr",
              "p": {
                "a": 0,
                "k": [
                  195.265,
                  606.383
                ],
                "ix": 2
              },
              "a": {
                "a": 0,
                "k": [
                  0,
                  0
                ],
                "ix": 1
              },
              "s": {
                "a": 0,
                "k": [
                  100,
                  100
                ],
                "ix": 3
              },
              "r": {
                "a": 0,
                "k": 0,
                "ix": 6
              },
              "o": {
                "a": 0,
                "k": 100,
                "ix": 7
              },
              "sk": {
                "a": 0,
                "k": 0,
                "ix": 4
              },
              "sa": {
                "a": 0,
                "k": 0,
                "ix": 5
              },
              "nm": "Transform",
              "_render": true
            }
          ],
          "nm": "Group 2",
          "np": 2,
          "cix": 2,
          "bm": 0,
          "ix": 2,
          "mn": "ADBE Vector Group",
          "hd": false,
          "_render": true
        },
        {
          "ty": "gr",
          "it": [
            {
              "ind": 0,
              "ty": "sh",
              "ix": 1,
              "ks": {
                "a": 0,
                "k": {
                  "i": [
                    [
                      -249.539,
                      -99.553
                    ],
                    [
                      191.647,
                      -99.553
                    ],
                    [
                      296.471,
                      -47.274
                    ],
                    [
                      296.471,
                      99.553
                    ],
                    [
                      -296.471,
                      99.553
                    ],
                    [
                      -296.471,
                      17.217
                    ]
                  ],
                  "o": [
                    [
                      -191.647,
                      -99.553
                    ],
                    [
                      249.539,
                      -99.553
                    ],
                    [
                      296.471,
                      17.217
                    ],
                    [
                      296.471,
                      99.553
                    ],
                    [
                      -296.471,
                      99.553
                    ],
                    [
                      -296.471,
                      -47.274
                    ]
                  ],
                  "v": [
                    [
                      -191.647,
                      -99.553
                    ],
                    [
                      191.647,
                      -99.553
                    ],
                    [
                      296.471,
                      17.217
                    ],
                    [
                      296.471,
                      99.553
                    ],
                    [
                      -296.471,
                      99.553
                    ],
                    [
                      -296.471,
                      17.217
                    ]
                  ],
                  "c": true
                },
                "ix": 2
              },
              "nm": "Path 1",
              "mn": "ADBE Vector Shape - Group",
              "hd": false,
              "_render": true
            },
            {
              "ty": "st",
              "c": {
                "a": 0,
                "k": [
                  0,
                  0,
                  0,
                  1
                ],
                "ix": 3
              },
              "o": {
                "a": 0,
                "k": 100,
                "ix": 4
              },
              "w": {
                "a": 0,
                "k": 35,
                "ix": 5
              },
              "lc": 2,
              "lj": 2,
              "bm": 0,
              "nm": "Stroke 1",
              "mn": "ADBE Vector Graphic - Stroke",
              "hd": false,
              "_render": true
            },
            {
              "ty": "tr",
              "p": {
                "a": 0,
                "k": [
                  491.735,
                  373.079
                ],
                "ix": 2
              },
              "a": {
                "a": 0,
                "k": [
                  0,
                  0
                ],
                "ix": 1
              },
              "s": {
                "a": 0,
                "k": [
                  100,
                  100
                ],
                "ix": 3
              },
              "r": {
                "a": 0,
                "k": 0,
                "ix": 6
              },
              "o": {
                "a": 0,
                "k": 100,
                "ix": 7
              },
              "sk": {
                "a": 0,
                "k": 0,
                "ix": 4
              },
              "sa": {
                "a": 0,
                "k": 0,
                "ix": 5
              },
              "nm": "Transform",
              "_render": true
            }
          ],
          "nm": "Group 4",
          "np": 2,
          "cix": 2,
          "bm": 0,
          "ix": 4,
          "mn": "ADBE Vector Group",
          "hd": false,
          "_render": true
        }
      ],
      "ip": 0,
      "op": 60.0000024438501,
      "st": 0,
      "ct": 1,
      "bm": 0,
      "completed": true
    }
  ],
  "markers": [],
  "__complete": true
}