{
  "v": "5.9.6",
  "fr": 60,
  "ip": 0,
  "op": 120,
  "w": 750,
  "h": 750,
  "nm": "Comp 1",
  "ddd": 0,
  "assets": [],
  "layers": [
    {
      "ddd": 0,
      "ind": 1,
      "ty": 4,
      "nm": "Group 1",
      "sr": 1,
      "ks": {
        "o": {
          "a": 0,
          "k": 100,
          "ix": 11
        },
        "r": {
          "a": 0,
          "k": 0,
          "ix": 10
        },
        "p": {
          "a": 0,
          "k": [
            375,
            294,
            0
          ],
          "ix": 2,
          "l": 2
        },
        "a": {
          "a": 0,
          "k": [
            540,
            531,
            0
          ],
          "ix": 1,
          "l": 2
        },
        "s": {
          "a": 0,
          "k": [
            900,
            900,
            100
          ],
          "ix": 6,
          "l": 2
        }
      },
      "ao": 0,
      "shapes": [
        {
          "ty": "gr",
          "it": [
            {
              "ty": "gr",
              "it": [
                {
                  "ty": "gr",
                  "it": [
                    {
                      "ind": 0,
                      "ty": "sh",
                      "ix": 1,
                      "ks": {
                        "a": 0,
                        "k": {
                          "i": [
                            [
                              -4.5,
                              0
                            ],
                            [
                              4.5,
                              0
                            ]
                          ],
                          "o": [
                            [
                              -4.5,
                              0
                            ],
                            [
                              4.5,
                              0
                            ]
                          ],
                          "v": [
                            [
                              -4.5,
                              0
                            ],
                            [
                              4.5,
                              0
                            ]
                          ],
                          "c": false
                        },
                        "ix": 2
                      },
                      "nm": "Path 1",
                      "mn": "ADBE Vector Shape - Group",
                      "hd": false,
                      "_render": true
                    },
                    {
                      "ty": "st",
                      "c": {
                        "a": 0,
                        "k": [
                          0,
                          0,
                          0,
                          1
                        ],
                        "ix": 3
                      },
                      "o": {
                        "a": 0,
                        "k": 100,
                        "ix": 4
                      },
                      "w": {
                        "a": 0,
                        "k": 3.8,
                        "ix": 5
                      },
                      "lc": 2,
                      "lj": 1,
                      "ml": 10,
                      "bm": 0,
                      "nm": "Stroke 1",
                      "mn": "ADBE Vector Graphic - Stroke",
                      "hd": false,
                      "_render": true
                    },
                    {
                      "ty": "tr",
                      "p": {
                        "a": 0,
                        "k": [
                          540,
                          528.5
                        ],
                        "ix": 2
                      },
                      "a": {
                        "a": 0,
                        "k": [
                          0,
                          0
                        ],
                        "ix": 1
                      },
                      "s": {
                        "a": 0,
                        "k": [
                          100,
                          100
                        ],
                        "ix": 3
                      },
                      "r": {
                        "a": 0,
                        "k": 0,
                        "ix": 6
                      },
                      "o": {
                        "a": 0,
                        "k": 100,
                        "ix": 7
                      },
                      "sk": {
                        "a": 0,
                        "k": 0,
                        "ix": 4
                      },
                      "sa": {
                        "a": 0,
                        "k": 0,
                        "ix": 5
                      },
                      "nm": "Transform",
                      "_render": true
                    }
                  ],
                  "nm": "Group 1",
                  "np": 2,
                  "cix": 2,
                  "bm": 0,
                  "ix": 1,
                  "mn": "ADBE Vector Group",
                  "hd": false,
                  "_render": true
                },
                {
                  "ty": "gr",
                  "it": [
                    {
                      "ind": 0,
                      "ty": "sh",
                      "ix": 1,
                      "ks": {
                        "a": 0,
                        "k": {
                          "i": [
                            [
                              -7,
                              0
                            ],
                            [
                              7,
                              0
                            ]
                          ],
                          "o": [
                            [
                              -7,
                              0
                            ],
                            [
                              7,
                              0
                            ]
                          ],
                          "v": [
                            [
                              -7,
                              0
                            ],
                            [
                              7,
                              0
                            ]
                          ],
                          "c": false
                        },
                        "ix": 2
                      },
                      "nm": "Path 1",
                      "mn": "ADBE Vector Shape - Group",
                      "hd": false,
                      "_render": true
                    },
                    {
                      "ty": "st",
                      "c": {
                        "a": 0,
                        "k": [
                          0,
                          0,
                          0,
                          1
                        ],
                        "ix": 3
                      },
                      "o": {
                        "a": 0,
                        "k": 100,
                        "ix": 4
                      },
                      "w": {
                        "a": 0,
                        "k": 3.8,
                        "ix": 5
                      },
                      "lc": 2,
                      "lj": 1,
                      "ml": 10,
                      "bm": 0,
                      "nm": "Stroke 1",
                      "mn": "ADBE Vector Graphic - Stroke",
                      "hd": false,
                      "_render": true
                    },
                    {
                      "ty": "tr",
                      "p": {
                        "a": 0,
                        "k": [
                          540,
                          533.5
                        ],
                        "ix": 2
                      },
                      "a": {
                        "a": 0,
                        "k": [
                          0,
                          0
                        ],
                        "ix": 1
                      },
                      "s": {
                        "a": 0,
                        "k": [
                          100,
                          100
                        ],
                        "ix": 3
                      },
                      "r": {
                        "a": 0,
                        "k": 0,
                        "ix": 6
                      },
                      "o": {
                        "a": 0,
                        "k": 100,
                        "ix": 7
                      },
                      "sk": {
                        "a": 0,
                        "k": 0,
                        "ix": 4
                      },
                      "sa": {
                        "a": 0,
                        "k": 0,
                        "ix": 5
                      },
                      "nm": "Transform",
                      "_render": true
                    }
                  ],
                  "nm": "Group 2",
                  "np": 2,
                  "cix": 2,
                  "bm": 0,
                  "ix": 2,
                  "mn": "ADBE Vector Group",
                  "hd": false,
                  "_render": true
                },
                {
                  "ty": "tm",
                  "s": {
                    "a": 1,
                    "k": [
                      {
                        "i": {
                          "x": [
                            0.24
                          ],
                          "y": [
                            1
                          ]
                        },
                        "o": {
                          "x": [
                            0.167
                          ],
                          "y": [
                            0.228
                          ]
                        },
                        "t": 0,
                        "s": [
                          0
                        ]
                      },
                      {
                        "i": {
                          "x": [
                            0.24
                          ],
                          "y": [
                            1
                          ]
                        },
                        "o": {
                          "x": [
                            0.167
                          ],
                          "y": [
                            0
                          ]
                        },
                        "t": 29,
                        "s": [
                          52
                        ]
                      },
                      {
                        "t": 57,
                        "s": [
                          0
                        ]
                      }
                    ],
                    "ix": 1
                  },
                  "e": {
                    "a": 1,
                    "k": [
                      {
                        "i": {
                          "x": [
                            0.24
                          ],
                          "y": [
                            1
                          ]
                        },
                        "o": {
                          "x": [
                            0.333
                          ],
                          "y": [
                            0
                          ]
                        },
                        "t": 0,
                        "s": [
                          100
                        ]
                      },
                      {
                        "i": {
                          "x": [
                            0.24
                          ],
                          "y": [
                            1
                          ]
                        },
                        "o": {
                          "x": [
                            0.167
                          ],
                          "y": [
                            0
                          ]
                        },
                        "t": 29,
                        "s": [
                          48
                        ]
                      },
                      {
                        "t": 57,
                        "s": [
                          100
                        ]
                      }
                    ],
                    "ix": 2
                  },
                  "o": {
                    "a": 0,
                    "k": 0,
                    "ix": 3
                  },
                  "m": 1,
                  "ix": 3,
                  "nm": "Trim Paths 1",
                  "mn": "ADBE Vector Filter - Trim",
                  "hd": false,
                  "_render": true
                },
                {
                  "ty": "tr",
                  "p": {
                    "a": 0,
                    "k": [
                      540,
                      533.5
                    ],
                    "ix": 2
                  },
                  "a": {
                    "a": 0,
                    "k": [
                      540,
                      533.5
                    ],
                    "ix": 1
                  },
                  "s": {
                    "a": 0,
                    "k": [
                      100,
                      100
                    ],
                    "ix": 3
                  },
                  "r": {
                    "a": 0,
                    "k": 0,
                    "ix": 6
                  },
                  "o": {
                    "a": 0,
                    "k": 100,
                    "ix": 7
                  },
                  "sk": {
                    "a": 0,
                    "k": 0,
                    "ix": 4
                  },
                  "sa": {
                    "a": 0,
                    "k": 0,
                    "ix": 5
                  },
                  "nm": "Transform",
                  "_render": true
                }
              ],
              "nm": "Group 1",
              "np": 3,
              "cix": 2,
              "bm": 0,
              "ix": 1,
              "mn": "ADBE Vector Group",
              "hd": false,
              "_render": true
            },
            {
              "ty": "tr",
              "p": {
                "a": 0,
                "k": [
                  540,
                  541.5
                ],
                "ix": 2
              },
              "a": {
                "a": 0,
                "k": [
                  540,
                  541.5
                ],
                "ix": 1
              },
              "s": {
                "a": 0,
                "k": [
                  100,
                  100
                ],
                "ix": 3
              },
              "r": {
                "a": 0,
                "k": 0,
                "ix": 6
              },
              "o": {
                "a": 0,
                "k": 100,
                "ix": 7
              },
              "sk": {
                "a": 0,
                "k": 0,
                "ix": 4
              },
              "sa": {
                "a": 0,
                "k": 0,
                "ix": 5
              },
              "nm": "Transform",
              "_render": true
            }
          ],
          "nm": "Group 4",
          "np": 1,
          "cix": 2,
          "bm": 0,
          "ix": 1,
          "mn": "ADBE Vector Group",
          "hd": false,
          "_render": true
        }
      ],
      "ip": 0,
      "op": 120,
      "st": 0,
      "ct": 1,
      "bm": 0,
      "completed": true
    },
    {
      "ddd": 0,
      "ind": 2,
      "ty": 4,
      "nm": "Group 2",
      "sr": 1,
      "ks": {
        "o": {
          "a": 0,
          "k": 100,
          "ix": 11
        },
        "r": {
          "a": 0,
          "k": 0,
          "ix": 10
        },
        "p": {
          "a": 0,
          "k": [
            375,
            478.5,
            0
          ],
          "ix": 2,
          "l": 2
        },
        "a": {
          "a": 0,
          "k": [
            540,
            551.5,
            0
          ],
          "ix": 1,
          "l": 2
        },
        "s": {
          "a": 0,
          "k": [
            900,
            900,
            100
          ],
          "ix": 6,
          "l": 2
        }
      },
      "ao": 0,
      "shapes": [
        {
          "ty": "gr",
          "it": [
            {
              "ty": "gr",
              "it": [
                {
                  "ty": "gr",
                  "it": [
                    {
                      "ind": 0,
                      "ty": "sh",
                      "ix": 1,
                      "ks": {
                        "a": 0,
                        "k": {
                          "i": [
                            [
                              -9,
                              0
                            ],
                            [
                              9,
                              0
                            ]
                          ],
                          "o": [
                            [
                              -9,
                              0
                            ],
                            [
                              9,
                              0
                            ]
                          ],
                          "v": [
                            [
                              -9,
                              0
                            ],
                            [
                              9,
                              0
                            ]
                          ],
                          "c": false
                        },
                        "ix": 2
                      },
                      "nm": "Path 1",
                      "mn": "ADBE Vector Shape - Group",
                      "hd": false,
                      "_render": true
                    },
                    {
                      "ty": "st",
                      "c": {
                        "a": 0,
                        "k": [
                          0,
                          0,
                          0,
                          1
                        ],
                        "ix": 3
                      },
                      "o": {
                        "a": 0,
                        "k": 100,
                        "ix": 4
                      },
                      "w": {
                        "a": 0,
                        "k": 3.8,
                        "ix": 5
                      },
                      "lc": 2,
                      "lj": 1,
                      "ml": 10,
                      "bm": 0,
                      "nm": "Stroke 1",
                      "mn": "ADBE Vector Graphic - Stroke",
                      "hd": false,
                      "_render": true
                    },
                    {
                      "ty": "tr",
                      "p": {
                        "a": 0,
                        "k": [
                          540,
                          548.5
                        ],
                        "ix": 2
                      },
                      "a": {
                        "a": 0,
                        "k": [
                          0,
                          0
                        ],
                        "ix": 1
                      },
                      "s": {
                        "a": 0,
                        "k": [
                          100,
                          100
                        ],
                        "ix": 3
                      },
                      "r": {
                        "a": 0,
                        "k": 0,
                        "ix": 6
                      },
                      "o": {
                        "a": 0,
                        "k": 100,
                        "ix": 7
                      },
                      "sk": {
                        "a": 0,
                        "k": 0,
                        "ix": 4
                      },
                      "sa": {
                        "a": 0,
                        "k": 0,
                        "ix": 5
                      },
                      "nm": "Transform",
                      "_render": true
                    }
                  ],
                  "nm": "Group 1",
                  "np": 2,
                  "cix": 2,
                  "bm": 0,
                  "ix": 1,
                  "mn": "ADBE Vector Group",
                  "hd": false,
                  "_render": true
                },
                {
                  "ty": "gr",
                  "it": [
                    {
                      "ind": 0,
                      "ty": "sh",
                      "ix": 1,
                      "ks": {
                        "a": 0,
                        "k": {
                          "i": [
                            [
                              -11,
                              0
                            ],
                            [
                              11,
                              0
                            ]
                          ],
                          "o": [
                            [
                              -11,
                              0
                            ],
                            [
                              11,
                              0
                            ]
                          ],
                          "v": [
                            [
                              -11,
                              0
                            ],
                            [
                              11,
                              0
                            ]
                          ],
                          "c": false
                        },
                        "ix": 2
                      },
                      "nm": "Path 1",
                      "mn": "ADBE Vector Shape - Group",
                      "hd": false,
                      "_render": true
                    },
                    {
                      "ty": "st",
                      "c": {
                        "a": 0,
                        "k": [
                          0,
                          0,
                          0,
                          1
                        ],
                        "ix": 3
                      },
                      "o": {
                        "a": 0,
                        "k": 100,
                        "ix": 4
                      },
                      "w": {
                        "a": 0,
                        "k": 3.8,
                        "ix": 5
                      },
                      "lc": 2,
                      "lj": 1,
                      "ml": 10,
                      "bm": 0,
                      "nm": "Stroke 1",
                      "mn": "ADBE Vector Graphic - Stroke",
                      "hd": false,
                      "_render": true
                    },
                    {
                      "ty": "tr",
                      "p": {
                        "a": 0,
                        "k": [
                          540,
                          554.5
                        ],
                        "ix": 2
                      },
                      "a": {
                        "a": 0,
                        "k": [
                          0,
                          0
                        ],
                        "ix": 1
                      },
                      "s": {
                        "a": 0,
                        "k": [
                          100,
                          100
                        ],
                        "ix": 3
                      },
                      "r": {
                        "a": 0,
                        "k": 0,
                        "ix": 6
                      },
                      "o": {
                        "a": 0,
                        "k": 100,
                        "ix": 7
                      },
                      "sk": {
                        "a": 0,
                        "k": 0,
                        "ix": 4
                      },
                      "sa": {
                        "a": 0,
                        "k": 0,
                        "ix": 5
                      },
                      "nm": "Transform",
                      "_render": true
                    }
                  ],
                  "nm": "Group 2",
                  "np": 2,
                  "cix": 2,
                  "bm": 0,
                  "ix": 2,
                  "mn": "ADBE Vector Group",
                  "hd": false,
                  "_render": true
                },
                {
                  "ty": "tm",
                  "s": {
                    "a": 1,
                    "k": [
                      {
                        "i": {
                          "x": [
                            0.24
                          ],
                          "y": [
                            1
                          ]
                        },
                        "o": {
                          "x": [
                            0.167
                          ],
                          "y": [
                            0.228
                          ]
                        },
                        "t": 6,
                        "s": [
                          0
                        ]
                      },
                      {
                        "i": {
                          "x": [
                            0.24
                          ],
                          "y": [
                            1
                          ]
                        },
                        "o": {
                          "x": [
                            0.167
                          ],
                          "y": [
                            0
                          ]
                        },
                        "t": 35,
                        "s": [
                          52
                        ]
                      },
                      {
                        "t": 63,
                        "s": [
                          0
                        ]
                      }
                    ],
                    "ix": 1
                  },
                  "e": {
                    "a": 1,
                    "k": [
                      {
                        "i": {
                          "x": [
                            0.24
                          ],
                          "y": [
                            1
                          ]
                        },
                        "o": {
                          "x": [
                            0.333
                          ],
                          "y": [
                            0
                          ]
                        },
                        "t": 6,
                        "s": [
                          100
                        ]
                      },
                      {
                        "i": {
                          "x": [
                            0.24
                          ],
                          "y": [
                            1
                          ]
                        },
                        "o": {
                          "x": [
                            0.167
                          ],
                          "y": [
                            0
                          ]
                        },
                        "t": 35,
                        "s": [
                          48
                        ]
                      },
                      {
                        "t": 63,
                        "s": [
                          100
                        ]
                      }
                    ],
                    "ix": 2
                  },
                  "o": {
                    "a": 0,
                    "k": 0,
                    "ix": 3
                  },
                  "m": 1,
                  "ix": 3,
                  "nm": "Trim Paths 2",
                  "mn": "ADBE Vector Filter - Trim",
                  "hd": false,
                  "_render": true
                },
                {
                  "ty": "tr",
                  "p": {
                    "a": 0,
                    "k": [
                      540,
                      554.5
                    ],
                    "ix": 2
                  },
                  "a": {
                    "a": 0,
                    "k": [
                      540,
                      554.5
                    ],
                    "ix": 1
                  },
                  "s": {
                    "a": 0,
                    "k": [
                      100,
                      100
                    ],
                    "ix": 3
                  },
                  "r": {
                    "a": 0,
                    "k": 0,
                    "ix": 6
                  },
                  "o": {
                    "a": 0,
                    "k": 100,
                    "ix": 7
                  },
                  "sk": {
                    "a": 0,
                    "k": 0,
                    "ix": 4
                  },
                  "sa": {
                    "a": 0,
                    "k": 0,
                    "ix": 5
                  },
                  "nm": "Transform",
                  "_render": true
                }
              ],
              "nm": "Group 2",
              "np": 3,
              "cix": 2,
              "bm": 0,
              "ix": 1,
              "mn": "ADBE Vector Group",
              "hd": false,
              "_render": true
            },
            {
              "ty": "tr",
              "p": {
                "a": 0,
                "k": [
                  540,
                  541.5
                ],
                "ix": 2
              },
              "a": {
                "a": 0,
                "k": [
                  540,
                  541.5
                ],
                "ix": 1
              },
              "s": {
                "a": 0,
                "k": [
                  100,
                  100
                ],
                "ix": 3
              },
              "r": {
                "a": 0,
                "k": 0,
                "ix": 6
              },
              "o": {
                "a": 0,
                "k": 100,
                "ix": 7
              },
              "sk": {
                "a": 0,
                "k": 0,
                "ix": 4
              },
              "sa": {
                "a": 0,
                "k": 0,
                "ix": 5
              },
              "nm": "Transform",
              "_render": true
            }
          ],
          "nm": "Group 4",
          "np": 1,
          "cix": 2,
          "bm": 0,
          "ix": 1,
          "mn": "ADBE Vector Group",
          "hd": false,
          "_render": true
        }
      ],
      "ip": 0,
      "op": 126,
      "st": 6,
      "ct": 1,
      "bm": 0,
      "completed": true
    },
    {
      "ddd": 0,
      "ind": 3,
      "ty": 4,
      "nm": "Group 3",
      "sr": 1,
      "ks": {
        "o": {
          "a": 0,
          "k": 100,
          "ix": 11
        },
        "r": {
          "a": 0,
          "k": 0,
          "ix": 10
        },
        "p": {
          "a": 0,
          "k": [
            375,
            375,
            0
          ],
          "ix": 2,
          "l": 2
        },
        "a": {
          "a": 0,
          "k": [
            540,
            540,
            0
          ],
          "ix": 1,
          "l": 2
        },
        "s": {
          "a": 0,
          "k": [
            900,
            900,
            100
          ],
          "ix": 6,
          "l": 2
        }
      },
      "ao": 0,
      "shapes": [
        {
          "ty": "gr",
          "it": [
            {
              "ind": 0,
              "ty": "sh",
              "ix": 1,
              "ks": {
                "a": 0,
                "k": {
                  "i": [
                    [
                      16.349,
                      23.5
                    ],
                    [
                      -14.93,
                      23.5
                    ],
                    [
                      -17.5,
                      22.349
                    ],
                    [
                      -17.5,
                      -20.93
                    ],
                    [
                      -16.349,
                      -23.5
                    ],
                    [
                      14.93,
                      -23.5
                    ],
                    [
                      17.5,
                      -22.349
                    ],
                    [
                      17.5,
                      20.93
                    ]
                  ],
                  "o": [
                    [
                      14.93,
                      23.5
                    ],
                    [
                      -16.349,
                      23.5
                    ],
                    [
                      -17.5,
                      20.93
                    ],
                    [
                      -17.5,
                      -22.349
                    ],
                    [
                      -14.93,
                      -23.5
                    ],
                    [
                      16.349,
                      -23.5
                    ],
                    [
                      17.5,
                      -20.93
                    ],
                    [
                      17.5,
                      22.349
                    ]
                  ],
                  "v": [
                    [
                      14.93,
                      23.5
                    ],
                    [
                      -14.93,
                      23.5
                    ],
                    [
                      -17.5,
                      20.93
                    ],
                    [
                      -17.5,
                      -20.93
                    ],
                    [
                      -14.93,
                      -23.5
                    ],
                    [
                      14.93,
                      -23.5
                    ],
                    [
                      17.5,
                      -20.93
                    ],
                    [
                      17.5,
                      20.93
                    ]
                  ],
                  "c": true
                },
                "ix": 2
              },
              "nm": "Path 1",
              "mn": "ADBE Vector Shape - Group",
              "hd": false,
              "_render": true
            },
            {
              "ty": "st",
              "c": {
                "a": 0,
                "k": [
                  0,
                  0,
                  0,
                  1
                ],
                "ix": 3
              },
              "o": {
                "a": 0,
                "k": 100,
                "ix": 4
              },
              "w": {
                "a": 0,
                "k": 3.8,
                "ix": 5
              },
              "lc": 2,
              "lj": 1,
              "ml": 10,
              "bm": 0,
              "nm": "Stroke 1",
              "mn": "ADBE Vector Graphic - Stroke",
              "hd": false,
              "_render": true
            },
            {
              "ty": "tr",
              "p": {
                "a": 0,
                "k": [
                  540,
                  540
                ],
                "ix": 2
              },
              "a": {
                "a": 0,
                "k": [
                  0,
                  0
                ],
                "ix": 1
              },
              "s": {
                "a": 0,
                "k": [
                  100,
                  100
                ],
                "ix": 3
              },
              "r": {
                "a": 0,
                "k": 0,
                "ix": 6
              },
              "o": {
                "a": 0,
                "k": 100,
                "ix": 7
              },
              "sk": {
                "a": 0,
                "k": 0,
                "ix": 4
              },
              "sa": {
                "a": 0,
                "k": 0,
                "ix": 5
              },
              "nm": "Transform",
              "_render": true
            }
          ],
          "nm": "Group 3",
          "np": 2,
          "cix": 2,
          "bm": 0,
          "ix": 1,
          "mn": "ADBE Vector Group",
          "hd": false,
          "_render": true
        }
      ],
      "ip": 0,
      "op": 120,
      "st": 0,
      "ct": 1,
      "bm": 0,
      "completed": true
    }
  ],
  "markers": [],
  "__complete": true
}