{
  "v": "5.9.6",
  "fr": 60,
  "ip": 0,
  "op": 120,
  "w": 750,
  "h": 750,
  "nm": "Comp 1",
  "ddd": 0,
  "assets": [],
  "layers": [
    {
      "ddd": 0,
      "ind": 1,
      "ty": 4,
      "nm": "Layer 1",
      "sr": 1,
      "ks": {
        "o": {
          "a": 0,
          "k": 100,
          "ix": 11
        },
        "r": {
          "a": 0,
          "k": 0,
          "ix": 10
        },
        "p": {
          "a": 0,
          "k": [
            375,
            375,
            0
          ],
          "ix": 2,
          "l": 2
        },
        "a": {
          "a": 0,
          "k": [
            540,
            540,
            0
          ],
          "ix": 1,
          "l": 2
        },
        "s": {
          "a": 0,
          "k": [
            900,
            900,
            100
          ],
          "ix": 6,
          "l": 2
        }
      },
      "ao": 0,
      "shapes": [
        {
          "ty": "gr",
          "it": [
            {
              "ind": 0,
              "ty": "sh",
              "ix": 1,
              "ks": {
                "a": 0,
                "k": {
                  "i": [
                    [
                      -9.714,
                      0.247
                    ],
                    [
                      -4.082,
                      5.879
                    ],
                    [
                      -2.8600000000000003,
                      6.345
                    ],
                    [
                      9.714,
                      -6.229
                    ]
                  ],
                  "o": [
                    [
                      -9.714,
                      0.247
                    ],
                    [
                      -3.6159999999999997,
                      6.345
                    ],
                    [
                      -2.394,
                      5.879
                    ],
                    [
                      9.714,
                      -6.229
                    ]
                  ],
                  "v": [
                    [
                      -9.714,
                      0.247
                    ],
                    [
                      -4.082,
                      5.879
                    ],
                    [
                      -2.394,
                      5.879
                    ],
                    [
                      9.714,
                      -6.229
                    ]
                  ],
                  "c": false
                },
                "ix": 2
              },
              "nm": "Path 1",
              "mn": "ADBE Vector Shape - Group",
              "hd": false,
              "_render": true
            },
            {
              "ty": "st",
              "c": {
                "a": 0,
                "k": [
                  0,
                  0,
                  0,
                  1
                ],
                "ix": 3
              },
              "o": {
                "a": 0,
                "k": 100,
                "ix": 4
              },
              "w": {
                "a": 0,
                "k": 3.8,
                "ix": 5
              },
              "lc": 2,
              "lj": 1,
              "ml": 10,
              "bm": 0,
              "nm": "Stroke 1",
              "mn": "ADBE Vector Graphic - Stroke",
              "hd": false,
              "_render": true
            },
            {
              "ty": "tm",
              "s": {
                "a": 0,
                "k": 0,
                "ix": 1
              },
              "e": {
                "a": 1,
                "k": [
                  {
                    "i": {
                      "x": [
                        0.667
                      ],
                      "y": [
                        1
                      ]
                    },
                    "o": {
                      "x": [
                        1
                      ],
                      "y": [
                        0
                      ]
                    },
                    "t": 0,
                    "s": [
                      100
                    ]
                  },
                  {
                    "i": {
                      "x": [
                        0
                      ],
                      "y": [
                        1
                      ]
                    },
                    "o": {
                      "x": [
                        0.333
                      ],
                      "y": [
                        0
                      ]
                    },
                    "t": 39.5,
                    "s": [
                      7
                    ]
                  },
                  {
                    "t": 79,
                    "s": [
                      100
                    ]
                  }
                ],
                "ix": 2
              },
              "o": {
                "a": 0,
                "k": 0,
                "ix": 3
              },
              "m": 1,
              "ix": 3,
              "nm": "Trim Paths 1",
              "mn": "ADBE Vector Filter - Trim",
              "hd": false,
              "_render": true
            },
            {
              "ty": "tr",
              "p": {
                "a": 0,
                "k": [
                  541,
                  542.616
                ],
                "ix": 2
              },
              "a": {
                "a": 0,
                "k": [
                  0,
                  0
                ],
                "ix": 1
              },
              "s": {
                "a": 0,
                "k": [
                  100,
                  100
                ],
                "ix": 3
              },
              "r": {
                "a": 0,
                "k": 0,
                "ix": 6
              },
              "o": {
                "a": 0,
                "k": 100,
                "ix": 7
              },
              "sk": {
                "a": 0,
                "k": 0,
                "ix": 4
              },
              "sa": {
                "a": 0,
                "k": 0,
                "ix": 5
              },
              "nm": "Transform",
              "_render": true
            }
          ],
          "nm": "Group 1",
          "np": 3,
          "cix": 2,
          "bm": 0,
          "ix": 1,
          "mn": "ADBE Vector Group",
          "hd": false,
          "_render": true
        },
        {
          "ty": "gr",
          "it": [
            {
              "ind": 0,
              "ty": "sh",
              "ix": 1,
              "ks": {
                "a": 0,
                "k": {
                  "i": [
                    [
                      -17.733,
                      10.791
                    ],
                    [
                      -17.733,
                      -13.259
                    ],
                    [
                      -17.625,
                      -13.732000000000001
                    ],
                    [
                      -6.659,
                      -23.267000000000003
                    ],
                    [
                      -3.0300000000000002,
                      -26.977
                    ],
                    [
                      16.937,
                      -26.977
                    ],
                    [
                      17.733,
                      -26.626
                    ],
                    [
                      17.733,
                      26.181
                    ],
                    [
                      17.382,
                      26.977
                    ],
                    [
                      -16.937,
                      26.977
                    ],
                    [
                      -17.733,
                      26.626
                    ]
                  ],
                  "o": [
                    [
                      -17.733,
                      10.791
                    ],
                    [
                      -17.733,
                      -13.502
                    ],
                    [
                      -13.808,
                      -16.753
                    ],
                    [
                      -3.2329999999999997,
                      -26.896
                    ],
                    [
                      -2.814,
                      -26.977
                    ],
                    [
                      17.382,
                      -26.977
                    ],
                    [
                      17.733,
                      -26.181
                    ],
                    [
                      17.733,
                      26.626
                    ],
                    [
                      16.937,
                      26.977
                    ],
                    [
                      -17.382,
                      26.977
                    ],
                    [
                      -17.733,
                      26.181
                    ]
                  ],
                  "v": [
                    [
                      -17.733,
                      10.791
                    ],
                    [
                      -17.733,
                      -13.259
                    ],
                    [
                      -17.436,
                      -13.88
                    ],
                    [
                      -3.381,
                      -26.734
                    ],
                    [
                      -2.814,
                      -26.977
                    ],
                    [
                      16.937,
                      -26.977
                    ],
                    [
                      17.733,
                      -26.181
                    ],
                    [
                      17.733,
                      26.181
                    ],
                    [
                      16.937,
                      26.977
                    ],
                    [
                      -16.937,
                      26.977
                    ],
                    [
                      -17.733,
                      26.181
                    ]
                  ],
                  "c": true
                },
                "ix": 2
              },
              "nm": "Path 1",
              "mn": "ADBE Vector Shape - Group",
              "hd": false,
              "_render": true
            },
            {
              "ty": "st",
              "c": {
                "a": 0,
                "k": [
                  0,
                  0,
                  0,
                  1
                ],
                "ix": 3
              },
              "o": {
                "a": 0,
                "k": 100,
                "ix": 4
              },
              "w": {
                "a": 0,
                "k": 3.8,
                "ix": 5
              },
              "lc": 2,
              "lj": 1,
              "ml": 10,
              "bm": 0,
              "nm": "Stroke 1",
              "mn": "ADBE Vector Graphic - Stroke",
              "hd": false,
              "_render": true
            },
            {
              "ty": "tr",
              "p": {
                "a": 0,
                "k": [
                  540,
                  540
                ],
                "ix": 2
              },
              "a": {
                "a": 0,
                "k": [
                  0,
                  0
                ],
                "ix": 1
              },
              "s": {
                "a": 0,
                "k": [
                  100,
                  100
                ],
                "ix": 3
              },
              "r": {
                "a": 0,
                "k": 0,
                "ix": 6
              },
              "o": {
                "a": 0,
                "k": 100,
                "ix": 7
              },
              "sk": {
                "a": 0,
                "k": 0,
                "ix": 4
              },
              "sa": {
                "a": 0,
                "k": 0,
                "ix": 5
              },
              "nm": "Transform",
              "_render": true
            }
          ],
          "nm": "Group 2",
          "np": 2,
          "cix": 2,
          "bm": 0,
          "ix": 2,
          "mn": "ADBE Vector Group",
          "hd": false,
          "_render": true
        }
      ],
      "ip": 0,
      "op": 120,
      "st": 0,
      "ct": 1,
      "bm": 0,
      "completed": true
    }
  ],
  "markers": [],
  "__complete": true
}