{
  "v": "5.9.6",
  "fr": 60,
  "ip": 0,
  "op": 120,
  "w": 750,
  "h": 750,
  "nm": "Comp 1",
  "ddd": 0,
  "assets": [],
  "layers": [
    {
      "ddd": 0,
      "ind": 1,
      "ty": 4,
      "nm": "Layer 3",
      "parent": 2,
      "sr": 1,
      "ks": {
        "o": {
          "a": 0,
          "k": 100,
          "ix": 11
        },
        "r": {
          "a": 0,
          "k": 0,
          "ix": 10
        },
        "p": {
          "a": 0,
          "k": [
            539.809,
            540,
            0
          ],
          "ix": 2,
          "l": 2
        },
        "a": {
          "a": 0,
          "k": [
            539.809,
            540,
            0
          ],
          "ix": 1,
          "l": 2
        },
        "s": {
          "a": 0,
          "k": [
            100,
            100,
            100
          ],
          "ix": 6,
          "l": 2
        }
      },
      "ao": 0,
      "shapes": [
        {
          "ty": "gr",
          "it": [
            {
              "ind": 0,
              "ty": "sh",
              "ix": 1,
              "ks": {
                "a": 1,
                "k": [
                  {
                    "i": {
                      "x": 0.42,
                      "y": 1
                    },
                    "o": {
                      "x": 0.58,
                      "y": 0
                    },
                    "t": 0,
                    "s": [
                      {
                        "i": [
                          [
                            0,
                            -8.985
                          ],
                          [
                            0,
                            8.985
                          ]
                        ],
                        "o": [
                          [
                            0,
                            -8.985
                          ],
                          [
                            0,
                            8.985
                          ]
                        ],
                        "v": [
                          [
                            0,
                            -8.985
                          ],
                          [
                            0,
                            8.985
                          ]
                        ],
                        "c": false
                      }
                    ]
                  },
                  {
                    "i": {
                      "x": 0.42,
                      "y": 1
                    },
                    "o": {
                      "x": 0.58,
                      "y": 0
                    },
                    "t": 25,
                    "s": [
                      {
                        "i": [
                          [
                            -333.569,
                            -8.985
                          ],
                          [
                            -333.569,
                            8.985
                          ]
                        ],
                        "o": [
                          [
                            -333.569,
                            -8.985
                          ],
                          [
                            -333.569,
                            8.985
                          ]
                        ],
                        "v": [
                          [
                            -333.569,
                            -8.985
                          ],
                          [
                            -333.569,
                            8.985
                          ]
                        ],
                        "c": false
                      }
                    ]
                  },
                  {
                    "i": {
                      "x": 0.42,
                      "y": 1
                    },
                    "o": {
                      "x": 0.58,
                      "y": 0
                    },
                    "t": 31,
                    "s": [
                      {
                        "i": [
                          [
                            -333.569,
                            -8.985
                          ],
                          [
                            -333.569,
                            8.985
                          ]
                        ],
                        "o": [
                          [
                            -333.569,
                            -8.985
                          ],
                          [
                            -333.569,
                            8.985
                          ]
                        ],
                        "v": [
                          [
                            -333.569,
                            -8.985
                          ],
                          [
                            -333.569,
                            8.985
                          ]
                        ],
                        "c": false
                      }
                    ]
                  },
                  {
                    "t": 56,
                    "s": [
                      {
                        "i": [
                          [
                            0,
                            -8.985
                          ],
                          [
                            0,
                            8.985
                          ]
                        ],
                        "o": [
                          [
                            0,
                            -8.985
                          ],
                          [
                            0,
                            8.985
                          ]
                        ],
                        "v": [
                          [
                            0,
                            -8.985
                          ],
                          [
                            0,
                            8.985
                          ]
                        ],
                        "c": false
                      }
                    ]
                  }
                ],
                "ix": 2
              },
              "nm": "Path 1",
              "mn": "ADBE Vector Shape - Group",
              "hd": false,
              "_render": true
            },
            {
              "ty": "st",
              "c": {
                "a": 0,
                "k": [
                  0,
                  0,
                  0,
                  1
                ],
                "ix": 3
              },
              "o": {
                "a": 0,
                "k": 100,
                "ix": 4
              },
              "w": {
                "a": 0,
                "k": 35,
                "ix": 5
              },
              "lc": 2,
              "lj": 2,
              "bm": 0,
              "nm": "Stroke 1",
              "mn": "ADBE Vector Graphic - Stroke",
              "hd": false,
              "_render": true
            },
            {
              "ty": "tr",
              "p": {
                "a": 0,
                "k": [
                  629.088,
                  578.478
                ],
                "ix": 2
              },
              "a": {
                "a": 0,
                "k": [
                  0,
                  0
                ],
                "ix": 1
              },
              "s": {
                "a": 0,
                "k": [
                  100,
                  100
                ],
                "ix": 3
              },
              "r": {
                "a": 0,
                "k": 0,
                "ix": 6
              },
              "o": {
                "a": 0,
                "k": 100,
                "ix": 7
              },
              "sk": {
                "a": 0,
                "k": 0,
                "ix": 4
              },
              "sa": {
                "a": 0,
                "k": 0,
                "ix": 5
              },
              "nm": "Transform",
              "_render": true
            }
          ],
          "nm": "Group 1",
          "np": 2,
          "cix": 2,
          "bm": 0,
          "ix": 1,
          "mn": "ADBE Vector Group",
          "hd": false,
          "_render": true
        },
        {
          "ty": "gr",
          "it": [
            {
              "ind": 0,
              "ty": "sh",
              "ix": 1,
              "ks": {
                "a": 1,
                "k": [
                  {
                    "i": {
                      "x": 0.42,
                      "y": 1
                    },
                    "o": {
                      "x": 0.58,
                      "y": 0
                    },
                    "t": 0,
                    "s": [
                      {
                        "i": [
                          [
                            84.176,
                            -68.294
                          ],
                          [
                            84.176,
                            68.294
                          ],
                          [
                            -84.176,
                            68.294
                          ],
                          [
                            -84.176,
                            -68.294
                          ]
                        ],
                        "o": [
                          [
                            84.176,
                            -68.294
                          ],
                          [
                            84.176,
                            68.294
                          ],
                          [
                            -84.176,
                            68.294
                          ],
                          [
                            -84.176,
                            -68.294
                          ]
                        ],
                        "v": [
                          [
                            84.176,
                            -68.294
                          ],
                          [
                            84.176,
                            68.294
                          ],
                          [
                            -84.176,
                            68.294
                          ],
                          [
                            -84.176,
                            -68.294
                          ]
                        ],
                        "c": true
                      }
                    ]
                  },
                  {
                    "i": {
                      "x": 0.42,
                      "y": 1
                    },
                    "o": {
                      "x": 0.58,
                      "y": 0
                    },
                    "t": 25,
                    "s": [
                      {
                        "i": [
                          [
                            -242.299,
                            -68.294
                          ],
                          [
                            -242.299,
                            68.294
                          ],
                          [
                            -176.655,
                            68.294
                          ],
                          [
                            -176.655,
                            -68.294
                          ]
                        ],
                        "o": [
                          [
                            -242.299,
                            -68.294
                          ],
                          [
                            -242.299,
                            68.294
                          ],
                          [
                            -176.655,
                            68.294
                          ],
                          [
                            -176.655,
                            -68.294
                          ]
                        ],
                        "v": [
                          [
                            -242.299,
                            -68.294
                          ],
                          [
                            -242.299,
                            68.294
                          ],
                          [
                            -176.655,
                            68.294
                          ],
                          [
                            -176.655,
                            -68.294
                          ]
                        ],
                        "c": true
                      }
                    ]
                  },
                  {
                    "i": {
                      "x": 0.42,
                      "y": 1
                    },
                    "o": {
                      "x": 0.58,
                      "y": 0
                    },
                    "t": 31,
                    "s": [
                      {
                        "i": [
                          [
                            -242.299,
                            -68.294
                          ],
                          [
                            -242.299,
                            68.294
                          ],
                          [
                            -176.655,
                            68.294
                          ],
                          [
                            -176.655,
                            -68.294
                          ]
                        ],
                        "o": [
                          [
                            -242.299,
                            -68.294
                          ],
                          [
                            -242.299,
                            68.294
                          ],
                          [
                            -176.655,
                            68.294
                          ],
                          [
                            -176.655,
                            -68.294
                          ]
                        ],
                        "v": [
                          [
                            -242.299,
                            -68.294
                          ],
                          [
                            -242.299,
                            68.294
                          ],
                          [
                            -176.655,
                            68.294
                          ],
                          [
                            -176.655,
                            -68.294
                          ]
                        ],
                        "c": true
                      }
                    ]
                  },
                  {
                    "t": 56,
                    "s": [
                      {
                        "i": [
                          [
                            84.176,
                            -68.294
                          ],
                          [
                            84.176,
                            68.294
                          ],
                          [
                            -84.176,
                            68.294
                          ],
                          [
                            -84.176,
                            -68.294
                          ]
                        ],
                        "o": [
                          [
                            84.176,
                            -68.294
                          ],
                          [
                            84.176,
                            68.294
                          ],
                          [
                            -84.176,
                            68.294
                          ],
                          [
                            -84.176,
                            -68.294
                          ]
                        ],
                        "v": [
                          [
                            84.176,
                            -68.294
                          ],
                          [
                            84.176,
                            68.294
                          ],
                          [
                            -84.176,
                            68.294
                          ],
                          [
                            -84.176,
                            -68.294
                          ]
                        ],
                        "c": true
                      }
                    ]
                  }
                ],
                "ix": 2
              },
              "nm": "Path 1",
              "mn": "ADBE Vector Shape - Group",
              "hd": false,
              "_render": true
            },
            {
              "ty": "st",
              "c": {
                "a": 0,
                "k": [
                  0,
                  0,
                  0,
                  1
                ],
                "ix": 3
              },
              "o": {
                "a": 0,
                "k": 100,
                "ix": 4
              },
              "w": {
                "a": 0,
                "k": 35,
                "ix": 5
              },
              "lc": 2,
              "lj": 2,
              "bm": 0,
              "nm": "Stroke 1",
              "mn": "ADBE Vector Graphic - Stroke",
              "hd": false,
              "_render": true
            },
            {
              "ty": "tr",
              "p": {
                "a": 0,
                "k": [
                  539.809,
                  424.934
                ],
                "ix": 2
              },
              "a": {
                "a": 0,
                "k": [
                  0,
                  0
                ],
                "ix": 1
              },
              "s": {
                "a": 0,
                "k": [
                  100,
                  100
                ],
                "ix": 3
              },
              "r": {
                "a": 0,
                "k": 0,
                "ix": 6
              },
              "o": {
                "a": 0,
                "k": 100,
                "ix": 7
              },
              "sk": {
                "a": 0,
                "k": 0,
                "ix": 4
              },
              "sa": {
                "a": 0,
                "k": 0,
                "ix": 5
              },
              "nm": "Transform",
              "_render": true
            }
          ],
          "nm": "Group 2",
          "np": 2,
          "cix": 2,
          "bm": 0,
          "ix": 2,
          "mn": "ADBE Vector Group",
          "hd": false,
          "_render": true
        },
        {
          "ty": "gr",
          "it": [
            {
              "ind": 0,
              "ty": "sh",
              "ix": 1,
              "ks": {
                "a": 1,
                "k": [
                  {
                    "i": {
                      "x": 0.42,
                      "y": 1
                    },
                    "o": {
                      "x": 0.58,
                      "y": 0
                    },
                    "t": 0,
                    "s": [
                      {
                        "i": [
                          [
                            143.121,
                            263.118
                          ],
                          [
                            -133.757,
                            263.118
                          ],
                          [
                            -150.712,
                            255.52700000000002
                          ],
                          [
                            -150.712,
                            -246.163
                          ],
                          [
                            -143.121,
                            -263.118
                          ],
                          [
                            133.757,
                            -263.118
                          ],
                          [
                            150.712,
                            -255.52700000000002
                          ],
                          [
                            150.712,
                            246.163
                          ]
                        ],
                        "o": [
                          [
                            133.757,
                            263.118
                          ],
                          [
                            -143.121,
                            263.118
                          ],
                          [
                            -150.712,
                            246.163
                          ],
                          [
                            -150.712,
                            -255.52700000000002
                          ],
                          [
                            -133.757,
                            -263.118
                          ],
                          [
                            143.121,
                            -263.118
                          ],
                          [
                            150.712,
                            -246.163
                          ],
                          [
                            150.712,
                            255.52700000000002
                          ]
                        ],
                        "v": [
                          [
                            133.757,
                            263.118
                          ],
                          [
                            -133.757,
                            263.118
                          ],
                          [
                            -150.712,
                            246.163
                          ],
                          [
                            -150.712,
                            -246.163
                          ],
                          [
                            -133.757,
                            -263.118
                          ],
                          [
                            133.757,
                            -263.118
                          ],
                          [
                            150.712,
                            -246.163
                          ],
                          [
                            150.712,
                            246.163
                          ]
                        ],
                        "c": true
                      }
                    ]
                  },
                  {
                    "i": {
                      "x": 0.42,
                      "y": 1
                    },
                    "o": {
                      "x": 0.58,
                      "y": 0
                    },
                    "t": 25,
                    "s": [
                      {
                        "i": [
                          [
                            -265.283,
                            263.118
                          ],
                          [
                            -157.323,
                            263.118
                          ],
                          [
                            -150.712,
                            255.52700000000002
                          ],
                          [
                            -150.712,
                            -246.163
                          ],
                          [
                            -153.672,
                            -263.118
                          ],
                          [
                            -261.632,
                            -263.118
                          ],
                          [
                            -268.243,
                            -255.52700000000002
                          ],
                          [
                            -268.243,
                            246.163
                          ]
                        ],
                        "o": [
                          [
                            -261.632,
                            263.118
                          ],
                          [
                            -153.672,
                            263.118
                          ],
                          [
                            -150.712,
                            246.163
                          ],
                          [
                            -150.712,
                            -255.52700000000002
                          ],
                          [
                            -157.323,
                            -263.118
                          ],
                          [
                            -265.283,
                            -263.118
                          ],
                          [
                            -268.243,
                            -246.163
                          ],
                          [
                            -268.243,
                            255.52700000000002
                          ]
                        ],
                        "v": [
                          [
                            -261.632,
                            263.118
                          ],
                          [
                            -157.323,
                            263.118
                          ],
                          [
                            -150.712,
                            246.163
                          ],
                          [
                            -150.712,
                            -246.163
                          ],
                          [
                            -157.323,
                            -263.118
                          ],
                          [
                            -261.632,
                            -263.118
                          ],
                          [
                            -268.243,
                            -246.163
                          ],
                          [
                            -268.243,
                            246.163
                          ]
                        ],
                        "c": true
                      }
                    ]
                  },
                  {
                    "i": {
                      "x": 0.42,
                      "y": 1
                    },
                    "o": {
                      "x": 0.58,
                      "y": 0
                    },
                    "t": 31,
                    "s": [
                      {
                        "i": [
                          [
                            -265.283,
                            263.118
                          ],
                          [
                            -157.323,
                            263.118
                          ],
                          [
                            -150.712,
                            255.52700000000002
                          ],
                          [
                            -150.712,
                            -246.163
                          ],
                          [
                            -153.672,
                            -263.118
                          ],
                          [
                            -261.632,
                            -263.118
                          ],
                          [
                            -268.243,
                            -255.52700000000002
                          ],
                          [
                            -268.243,
                            246.163
                          ]
                        ],
                        "o": [
                          [
                            -261.632,
                            263.118
                          ],
                          [
                            -153.672,
                            263.118
                          ],
                          [
                            -150.712,
                            246.163
                          ],
                          [
                            -150.712,
                            -255.52700000000002
                          ],
                          [
                            -157.323,
                            -263.118
                          ],
                          [
                            -265.283,
                            -263.118
                          ],
                          [
                            -268.243,
                            -246.163
                          ],
                          [
                            -268.243,
                            255.52700000000002
                          ]
                        ],
                        "v": [
                          [
                            -261.632,
                            263.118
                          ],
                          [
                            -157.323,
                            263.118
                          ],
                          [
                            -150.712,
                            246.163
                          ],
                          [
                            -150.712,
                            -246.163
                          ],
                          [
                            -157.323,
                            -263.118
                          ],
                          [
                            -261.632,
                            -263.118
                          ],
                          [
                            -268.243,
                            -246.163
                          ],
                          [
                            -268.243,
                            246.163
                          ]
                        ],
                        "c": true
                      }
                    ]
                  },
                  {
                    "t": 56,
                    "s": [
                      {
                        "i": [
                          [
                            143.121,
                            263.118
                          ],
                          [
                            -133.757,
                            263.118
                          ],
                          [
                            -150.712,
                            255.52700000000002
                          ],
                          [
                            -150.712,
                            -246.163
                          ],
                          [
                            -143.121,
                            -263.118
                          ],
                          [
                            133.757,
                            -263.118
                          ],
                          [
                            150.712,
                            -255.52700000000002
                          ],
                          [
                            150.712,
                            246.163
                          ]
                        ],
                        "o": [
                          [
                            133.757,
                            263.118
                          ],
                          [
                            -143.121,
                            263.118
                          ],
                          [
                            -150.712,
                            246.163
                          ],
                          [
                            -150.712,
                            -255.52700000000002
                          ],
                          [
                            -133.757,
                            -263.118
                          ],
                          [
                            143.121,
                            -263.118
                          ],
                          [
                            150.712,
                            -246.163
                          ],
                          [
                            150.712,
                            255.52700000000002
                          ]
                        ],
                        "v": [
                          [
                            133.757,
                            263.118
                          ],
                          [
                            -133.757,
                            263.118
                          ],
                          [
                            -150.712,
                            246.163
                          ],
                          [
                            -150.712,
                            -246.163
                          ],
                          [
                            -133.757,
                            -263.118
                          ],
                          [
                            133.757,
                            -263.118
                          ],
                          [
                            150.712,
                            -246.163
                          ],
                          [
                            150.712,
                            246.163
                          ]
                        ],
                        "c": true
                      }
                    ]
                  }
                ],
                "ix": 2
              },
              "nm": "Path 1",
              "mn": "ADBE Vector Shape - Group",
              "hd": false,
              "_render": true
            },
            {
              "ty": "st",
              "c": {
                "a": 0,
                "k": [
                  0,
                  0,
                  0,
                  1
                ],
                "ix": 3
              },
              "o": {
                "a": 0,
                "k": 100,
                "ix": 4
              },
              "w": {
                "a": 0,
                "k": 35,
                "ix": 5
              },
              "lc": 2,
              "lj": 2,
              "bm": 0,
              "nm": "Stroke 1",
              "mn": "ADBE Vector Graphic - Stroke",
              "hd": false,
              "_render": true
            },
            {
              "ty": "tr",
              "p": {
                "a": 0,
                "k": [
                  539.809,
                  540
                ],
                "ix": 2
              },
              "a": {
                "a": 0,
                "k": [
                  0,
                  0
                ],
                "ix": 1
              },
              "s": {
                "a": 0,
                "k": [
                  100,
                  100
                ],
                "ix": 3
              },
              "r": {
                "a": 0,
                "k": 0,
                "ix": 6
              },
              "o": {
                "a": 0,
                "k": 100,
                "ix": 7
              },
              "sk": {
                "a": 0,
                "k": 0,
                "ix": 4
              },
              "sa": {
                "a": 0,
                "k": 0,
                "ix": 5
              },
              "nm": "Transform",
              "_render": true
            }
          ],
          "nm": "Group 3",
          "np": 2,
          "cix": 2,
          "bm": 0,
          "ix": 3,
          "mn": "ADBE Vector Group",
          "hd": false,
          "_render": true
        }
      ],
      "ip": 0,
      "op": 120,
      "st": 0,
      "ct": 1,
      "bm": 0,
      "completed": true
    },
    {
      "ddd": 0,
      "ind": 2,
      "ty": 4,
      "nm": "Layer 2",
      "sr": 1,
      "ks": {
        "o": {
          "a": 0,
          "k": 100,
          "ix": 11
        },
        "r": {
          "a": 0,
          "k": 0,
          "ix": 10
        },
        "p": {
          "a": 0,
          "k": [
            375,
            375,
            0
          ],
          "ix": 2,
          "l": 2
        },
        "a": {
          "a": 0,
          "k": [
            539.809,
            540,
            0
          ],
          "ix": 1,
          "l": 2
        },
        "s": {
          "a": 0,
          "k": [
            100,
            100,
            100
          ],
          "ix": 6,
          "l": 2
        }
      },
      "ao": 0,
      "shapes": [
        {
          "ty": "gr",
          "it": [
            {
              "ind": 0,
              "ty": "sh",
              "ix": 1,
              "ks": {
                "a": 0,
                "k": {
                  "i": [
                    [
                      143.121,
                      263.118
                    ],
                    [
                      -133.757,
                      263.118
                    ],
                    [
                      -150.712,
                      255.52700000000002
                    ],
                    [
                      -150.712,
                      -246.163
                    ],
                    [
                      -143.121,
                      -263.118
                    ],
                    [
                      133.757,
                      -263.118
                    ],
                    [
                      150.712,
                      -255.52700000000002
                    ],
                    [
                      150.712,
                      246.163
                    ]
                  ],
                  "o": [
                    [
                      133.757,
                      263.118
                    ],
                    [
                      -143.121,
                      263.118
                    ],
                    [
                      -150.712,
                      246.163
                    ],
                    [
                      -150.712,
                      -255.52700000000002
                    ],
                    [
                      -133.757,
                      -263.118
                    ],
                    [
                      143.121,
                      -263.118
                    ],
                    [
                      150.712,
                      -246.163
                    ],
                    [
                      150.712,
                      255.52700000000002
                    ]
                  ],
                  "v": [
                    [
                      133.757,
                      263.118
                    ],
                    [
                      -133.757,
                      263.118
                    ],
                    [
                      -150.712,
                      246.163
                    ],
                    [
                      -150.712,
                      -246.163
                    ],
                    [
                      -133.757,
                      -263.118
                    ],
                    [
                      133.757,
                      -263.118
                    ],
                    [
                      150.712,
                      -246.163
                    ],
                    [
                      150.712,
                      246.163
                    ]
                  ],
                  "c": true
                },
                "ix": 2
              },
              "nm": "Path 1",
              "mn": "ADBE Vector Shape - Group",
              "hd": false,
              "_render": true
            },
            {
              "ty": "st",
              "c": {
                "a": 0,
                "k": [
                  0,
                  0,
                  0,
                  1
                ],
                "ix": 3
              },
              "o": {
                "a": 0,
                "k": 100,
                "ix": 4
              },
              "w": {
                "a": 0,
                "k": 35,
                "ix": 5
              },
              "lc": 2,
              "lj": 2,
              "bm": 0,
              "nm": "Stroke 1",
              "mn": "ADBE Vector Graphic - Stroke",
              "hd": false,
              "_render": true
            },
            {
              "ty": "tr",
              "p": {
                "a": 0,
                "k": [
                  539.809,
                  540
                ],
                "ix": 2
              },
              "a": {
                "a": 0,
                "k": [
                  0,
                  0
                ],
                "ix": 1
              },
              "s": {
                "a": 0,
                "k": [
                  100,
                  100
                ],
                "ix": 3
              },
              "r": {
                "a": 0,
                "k": 0,
                "ix": 6
              },
              "o": {
                "a": 0,
                "k": 100,
                "ix": 7
              },
              "sk": {
                "a": 0,
                "k": 0,
                "ix": 4
              },
              "sa": {
                "a": 0,
                "k": 0,
                "ix": 5
              },
              "nm": "Transform",
              "_render": true
            }
          ],
          "nm": "Group 3",
          "np": 2,
          "cix": 2,
          "bm": 0,
          "ix": 1,
          "mn": "ADBE Vector Group",
          "hd": false,
          "_render": true
        }
      ],
      "ip": 0,
      "op": 120,
      "st": 0,
      "ct": 1,
      "bm": 0,
      "completed": true
    }
  ],
  "markers": [],
  "__complete": true
}