{
  "v": "5.9.6",
  "fr": 60,
  "ip": 0,
  "op": 120,
  "w": 750,
  "h": 750,
  "nm": "Comp 1",
  "ddd": 0,
  "assets": [],
  "layers": [
    {
      "ddd": 0,
      "ind": 1,
      "ty": 4,
      "nm": "Group 1",
      "sr": 1,
      "ks": {
        "o": {
          "a": 1,
          "k": [
            {
              "i": {
                "x": [
                  0.667
                ],
                "y": [
                  1
                ]
              },
              "o": {
                "x": [
                  0.333
                ],
                "y": [
                  0
                ]
              },
              "t": 8,
              "s": [
                100
              ]
            },
            {
              "i": {
                "x": [
                  0.667
                ],
                "y": [
                  1
                ]
              },
              "o": {
                "x": [
                  0.333
                ],
                "y": [
                  0
                ]
              },
              "t": 24,
              "s": [
                0
              ]
            },
            {
              "i": {
                "x": [
                  0.667
                ],
                "y": [
                  1
                ]
              },
              "o": {
                "x": [
                  0.333
                ],
                "y": [
                  0
                ]
              },
              "t": 40,
              "s": [
                100
              ]
            },
            {
              "i": {
                "x": [
                  0.667
                ],
                "y": [
                  1
                ]
              },
              "o": {
                "x": [
                  0.333
                ],
                "y": [
                  0
                ]
              },
              "t": 56,
              "s": [
                0
              ]
            },
            {
              "t": 72,
              "s": [
                100
              ]
            }
          ],
          "ix": 11
        },
        "r": {
          "a": 0,
          "k": 0,
          "ix": 10
        },
        "p": {
          "a": 0,
          "k": [
            447.919,
            523.413,
            0
          ],
          "ix": 2,
          "l": 2
        },
        "a": {
          "a": 0,
          "k": [
            578.986,
            659.207,
            0
          ],
          "ix": 1,
          "l": 2
        },
        "s": {
          "a": 0,
          "k": [
            100,
            100,
            100
          ],
          "ix": 6,
          "l": 2
        }
      },
      "ao": 0,
      "shapes": [
        {
          "ty": "gr",
          "it": [
            {
              "ind": 0,
              "ty": "sh",
              "ix": 1,
              "ks": {
                "a": 0,
                "k": {
                  "i": [
                    [
                      28.814,
                      39.88
                    ],
                    [
                      -15.164,
                      39.88
                    ],
                    [
                      -39.88,
                      28.814
                    ],
                    [
                      -39.88,
                      -15.164
                    ],
                    [
                      -28.814,
                      -39.88
                    ],
                    [
                      15.164,
                      -39.88
                    ],
                    [
                      39.88,
                      -28.814
                    ],
                    [
                      39.88,
                      15.164
                    ]
                  ],
                  "o": [
                    [
                      15.164,
                      39.88
                    ],
                    [
                      -28.814,
                      39.88
                    ],
                    [
                      -39.88,
                      15.164
                    ],
                    [
                      -39.88,
                      -28.814
                    ],
                    [
                      -15.164,
                      -39.88
                    ],
                    [
                      28.814,
                      -39.88
                    ],
                    [
                      39.88,
                      -15.164
                    ],
                    [
                      39.88,
                      28.814
                    ]
                  ],
                  "v": [
                    [
                      15.164,
                      39.88
                    ],
                    [
                      -15.164,
                      39.88
                    ],
                    [
                      -39.88,
                      15.164
                    ],
                    [
                      -39.88,
                      -15.164
                    ],
                    [
                      -15.164,
                      -39.88
                    ],
                    [
                      15.164,
                      -39.88
                    ],
                    [
                      39.88,
                      -15.164
                    ],
                    [
                      39.88,
                      15.164
                    ]
                  ],
                  "c": true
                },
                "ix": 2
              },
              "nm": "Path 1",
              "mn": "ADBE Vector Shape - Group",
              "hd": false,
              "_render": true
            },
            {
              "ty": "st",
              "c": {
                "a": 0,
                "k": [
                  0,
                  0,
                  0,
                  1
                ],
                "ix": 3
              },
              "o": {
                "a": 0,
                "k": 100,
                "ix": 4
              },
              "w": {
                "a": 0,
                "k": 35,
                "ix": 5
              },
              "lc": 1,
              "lj": 1,
              "ml": 10,
              "bm": 0,
              "nm": "Stroke 1",
              "mn": "ADBE Vector Graphic - Stroke",
              "hd": false,
              "_render": true
            },
            {
              "ty": "tr",
              "p": {
                "a": 0,
                "k": [
                  578.986,
                  659.207
                ],
                "ix": 2
              },
              "a": {
                "a": 0,
                "k": [
                  0,
                  0
                ],
                "ix": 1
              },
              "s": {
                "a": 0,
                "k": [
                  100,
                  100
                ],
                "ix": 3
              },
              "r": {
                "a": 0,
                "k": 0,
                "ix": 6
              },
              "o": {
                "a": 0,
                "k": 100,
                "ix": 7
              },
              "sk": {
                "a": 0,
                "k": 0,
                "ix": 4
              },
              "sa": {
                "a": 0,
                "k": 0,
                "ix": 5
              },
              "nm": "Transform",
              "_render": true
            }
          ],
          "nm": "Group 1",
          "np": 2,
          "cix": 2,
          "bm": 0,
          "ix": 1,
          "mn": "ADBE Vector Group",
          "hd": false,
          "_render": true
        }
      ],
      "ip": 0,
      "op": 120,
      "st": 0,
      "ct": 1,
      "bm": 0,
      "completed": true
    },
    {
      "ddd": 0,
      "ind": 2,
      "ty": 4,
      "nm": "Group 2",
      "sr": 1,
      "ks": {
        "o": {
          "a": 1,
          "k": [
            {
              "i": {
                "x": [
                  0.667
                ],
                "y": [
                  1
                ]
              },
              "o": {
                "x": [
                  0.333
                ],
                "y": [
                  0
                ]
              },
              "t": 6.4,
              "s": [
                100
              ]
            },
            {
              "i": {
                "x": [
                  0.667
                ],
                "y": [
                  1
                ]
              },
              "o": {
                "x": [
                  0.333
                ],
                "y": [
                  0
                ]
              },
              "t": 22.4,
              "s": [
                0
              ]
            },
            {
              "i": {
                "x": [
                  0.667
                ],
                "y": [
                  1
                ]
              },
              "o": {
                "x": [
                  0.333
                ],
                "y": [
                  0
                ]
              },
              "t": 38.4,
              "s": [
                100
              ]
            },
            {
              "i": {
                "x": [
                  0.667
                ],
                "y": [
                  1
                ]
              },
              "o": {
                "x": [
                  0.333
                ],
                "y": [
                  0
                ]
              },
              "t": 54.4,
              "s": [
                0
              ]
            },
            {
              "t": 70.400390625,
              "s": [
                100
              ]
            }
          ],
          "ix": 11
        },
        "r": {
          "a": 0,
          "k": 0,
          "ix": 10
        },
        "p": {
          "a": 0,
          "k": [
            302.081,
            523.413,
            0
          ],
          "ix": 2,
          "l": 2
        },
        "a": {
          "a": 0,
          "k": [
            433.147,
            659.207,
            0
          ],
          "ix": 1,
          "l": 2
        },
        "s": {
          "a": 0,
          "k": [
            100,
            100,
            100
          ],
          "ix": 6,
          "l": 2
        }
      },
      "ao": 0,
      "shapes": [
        {
          "ty": "gr",
          "it": [
            {
              "ind": 0,
              "ty": "sh",
              "ix": 1,
              "ks": {
                "a": 0,
                "k": {
                  "i": [
                    [
                      28.814,
                      39.88
                    ],
                    [
                      -15.164,
                      39.88
                    ],
                    [
                      -39.88,
                      28.814
                    ],
                    [
                      -39.88,
                      -15.164
                    ],
                    [
                      -28.814,
                      -39.88
                    ],
                    [
                      15.164,
                      -39.88
                    ],
                    [
                      39.88,
                      -28.814
                    ],
                    [
                      39.88,
                      15.164
                    ]
                  ],
                  "o": [
                    [
                      15.164,
                      39.88
                    ],
                    [
                      -28.814,
                      39.88
                    ],
                    [
                      -39.88,
                      15.164
                    ],
                    [
                      -39.88,
                      -28.814
                    ],
                    [
                      -15.164,
                      -39.88
                    ],
                    [
                      28.814,
                      -39.88
                    ],
                    [
                      39.88,
                      -15.164
                    ],
                    [
                      39.88,
                      28.814
                    ]
                  ],
                  "v": [
                    [
                      15.164,
                      39.88
                    ],
                    [
                      -15.164,
                      39.88
                    ],
                    [
                      -39.88,
                      15.164
                    ],
                    [
                      -39.88,
                      -15.164
                    ],
                    [
                      -15.164,
                      -39.88
                    ],
                    [
                      15.164,
                      -39.88
                    ],
                    [
                      39.88,
                      -15.164
                    ],
                    [
                      39.88,
                      15.164
                    ]
                  ],
                  "c": true
                },
                "ix": 2
              },
              "nm": "Path 1",
              "mn": "ADBE Vector Shape - Group",
              "hd": false,
              "_render": true
            },
            {
              "ty": "st",
              "c": {
                "a": 0,
                "k": [
                  0,
                  0,
                  0,
                  1
                ],
                "ix": 3
              },
              "o": {
                "a": 0,
                "k": 100,
                "ix": 4
              },
              "w": {
                "a": 0,
                "k": 35,
                "ix": 5
              },
              "lc": 1,
              "lj": 1,
              "ml": 10,
              "bm": 0,
              "nm": "Stroke 1",
              "mn": "ADBE Vector Graphic - Stroke",
              "hd": false,
              "_render": true
            },
            {
              "ty": "tr",
              "p": {
                "a": 0,
                "k": [
                  433.147,
                  659.207
                ],
                "ix": 2
              },
              "a": {
                "a": 0,
                "k": [
                  0,
                  0
                ],
                "ix": 1
              },
              "s": {
                "a": 0,
                "k": [
                  100,
                  100
                ],
                "ix": 3
              },
              "r": {
                "a": 0,
                "k": 0,
                "ix": 6
              },
              "o": {
                "a": 0,
                "k": 100,
                "ix": 7
              },
              "sk": {
                "a": 0,
                "k": 0,
                "ix": 4
              },
              "sa": {
                "a": 0,
                "k": 0,
                "ix": 5
              },
              "nm": "Transform",
              "_render": true
            }
          ],
          "nm": "Group 2",
          "np": 2,
          "cix": 2,
          "bm": 0,
          "ix": 1,
          "mn": "ADBE Vector Group",
          "hd": false,
          "_render": true
        }
      ],
      "ip": 0,
      "op": 120,
      "st": 0,
      "ct": 1,
      "bm": 0,
      "completed": true
    },
    {
      "ddd": 0,
      "ind": 3,
      "ty": 4,
      "nm": "Group 3",
      "sr": 1,
      "ks": {
        "o": {
          "a": 1,
          "k": [
            {
              "i": {
                "x": [
                  0.667
                ],
                "y": [
                  1
                ]
              },
              "o": {
                "x": [
                  0.333
                ],
                "y": [
                  0
                ]
              },
              "t": 4.801,
              "s": [
                100
              ]
            },
            {
              "i": {
                "x": [
                  0.667
                ],
                "y": [
                  1
                ]
              },
              "o": {
                "x": [
                  0.333
                ],
                "y": [
                  0
                ]
              },
              "t": 20.801,
              "s": [
                0
              ]
            },
            {
              "i": {
                "x": [
                  0.667
                ],
                "y": [
                  1
                ]
              },
              "o": {
                "x": [
                  0.333
                ],
                "y": [
                  0
                ]
              },
              "t": 36.801,
              "s": [
                100
              ]
            },
            {
              "i": {
                "x": [
                  0.667
                ],
                "y": [
                  1
                ]
              },
              "o": {
                "x": [
                  0.333
                ],
                "y": [
                  0
                ]
              },
              "t": 52.801,
              "s": [
                0
              ]
            },
            {
              "t": 68.80078125,
              "s": [
                100
              ]
            }
          ],
          "ix": 11
        },
        "r": {
          "a": 0,
          "k": 0,
          "ix": 10
        },
        "p": {
          "a": 0,
          "k": [
            447.919,
            373,
            0
          ],
          "ix": 2,
          "l": 2
        },
        "a": {
          "a": 0,
          "k": [
            578.986,
            508.793,
            0
          ],
          "ix": 1,
          "l": 2
        },
        "s": {
          "a": 0,
          "k": [
            100,
            100,
            100
          ],
          "ix": 6,
          "l": 2
        }
      },
      "ao": 0,
      "shapes": [
        {
          "ty": "gr",
          "it": [
            {
              "ind": 0,
              "ty": "sh",
              "ix": 1,
              "ks": {
                "a": 0,
                "k": {
                  "i": [
                    [
                      28.814,
                      39.88
                    ],
                    [
                      -15.164,
                      39.88
                    ],
                    [
                      -39.88,
                      28.814
                    ],
                    [
                      -39.88,
                      -15.164
                    ],
                    [
                      -28.814,
                      -39.88
                    ],
                    [
                      15.164,
                      -39.88
                    ],
                    [
                      39.88,
                      -28.814
                    ],
                    [
                      39.88,
                      15.164
                    ]
                  ],
                  "o": [
                    [
                      15.164,
                      39.88
                    ],
                    [
                      -28.814,
                      39.88
                    ],
                    [
                      -39.88,
                      15.164
                    ],
                    [
                      -39.88,
                      -28.814
                    ],
                    [
                      -15.164,
                      -39.88
                    ],
                    [
                      28.814,
                      -39.88
                    ],
                    [
                      39.88,
                      -15.164
                    ],
                    [
                      39.88,
                      28.814
                    ]
                  ],
                  "v": [
                    [
                      15.164,
                      39.88
                    ],
                    [
                      -15.164,
                      39.88
                    ],
                    [
                      -39.88,
                      15.164
                    ],
                    [
                      -39.88,
                      -15.164
                    ],
                    [
                      -15.164,
                      -39.88
                    ],
                    [
                      15.164,
                      -39.88
                    ],
                    [
                      39.88,
                      -15.164
                    ],
                    [
                      39.88,
                      15.164
                    ]
                  ],
                  "c": true
                },
                "ix": 2
              },
              "nm": "Path 1",
              "mn": "ADBE Vector Shape - Group",
              "hd": false,
              "_render": true
            },
            {
              "ty": "st",
              "c": {
                "a": 0,
                "k": [
                  0,
                  0,
                  0,
                  1
                ],
                "ix": 3
              },
              "o": {
                "a": 0,
                "k": 100,
                "ix": 4
              },
              "w": {
                "a": 0,
                "k": 35,
                "ix": 5
              },
              "lc": 1,
              "lj": 1,
              "ml": 10,
              "bm": 0,
              "nm": "Stroke 1",
              "mn": "ADBE Vector Graphic - Stroke",
              "hd": false,
              "_render": true
            },
            {
              "ty": "tr",
              "p": {
                "a": 0,
                "k": [
                  578.986,
                  508.793
                ],
                "ix": 2
              },
              "a": {
                "a": 0,
                "k": [
                  0,
                  0
                ],
                "ix": 1
              },
              "s": {
                "a": 0,
                "k": [
                  100,
                  100
                ],
                "ix": 3
              },
              "r": {
                "a": 0,
                "k": 0,
                "ix": 6
              },
              "o": {
                "a": 0,
                "k": 100,
                "ix": 7
              },
              "sk": {
                "a": 0,
                "k": 0,
                "ix": 4
              },
              "sa": {
                "a": 0,
                "k": 0,
                "ix": 5
              },
              "nm": "Transform",
              "_render": true
            }
          ],
          "nm": "Group 3",
          "np": 2,
          "cix": 2,
          "bm": 0,
          "ix": 1,
          "mn": "ADBE Vector Group",
          "hd": false,
          "_render": true
        }
      ],
      "ip": 0,
      "op": 120,
      "st": 0,
      "ct": 1,
      "bm": 0,
      "completed": true
    },
    {
      "ddd": 0,
      "ind": 4,
      "ty": 4,
      "nm": "Group 4",
      "sr": 1,
      "ks": {
        "o": {
          "a": 1,
          "k": [
            {
              "i": {
                "x": [
                  0.667
                ],
                "y": [
                  1
                ]
              },
              "o": {
                "x": [
                  0.333
                ],
                "y": [
                  0
                ]
              },
              "t": 3.199,
              "s": [
                100
              ]
            },
            {
              "i": {
                "x": [
                  0.667
                ],
                "y": [
                  1
                ]
              },
              "o": {
                "x": [
                  0.333
                ],
                "y": [
                  0
                ]
              },
              "t": 19.199,
              "s": [
                0
              ]
            },
            {
              "i": {
                "x": [
                  0.667
                ],
                "y": [
                  1
                ]
              },
              "o": {
                "x": [
                  0.333
                ],
                "y": [
                  0
                ]
              },
              "t": 35.199,
              "s": [
                100
              ]
            },
            {
              "i": {
                "x": [
                  0.667
                ],
                "y": [
                  1
                ]
              },
              "o": {
                "x": [
                  0.333
                ],
                "y": [
                  0
                ]
              },
              "t": 51.199,
              "s": [
                0
              ]
            },
            {
              "t": 67.19921875,
              "s": [
                100
              ]
            }
          ],
          "ix": 11
        },
        "r": {
          "a": 0,
          "k": 0,
          "ix": 10
        },
        "p": {
          "a": 0,
          "k": [
            302.081,
            373,
            0
          ],
          "ix": 2,
          "l": 2
        },
        "a": {
          "a": 0,
          "k": [
            433.147,
            508.793,
            0
          ],
          "ix": 1,
          "l": 2
        },
        "s": {
          "a": 0,
          "k": [
            100,
            100,
            100
          ],
          "ix": 6,
          "l": 2
        }
      },
      "ao": 0,
      "shapes": [
        {
          "ty": "gr",
          "it": [
            {
              "ind": 0,
              "ty": "sh",
              "ix": 1,
              "ks": {
                "a": 0,
                "k": {
                  "i": [
                    [
                      28.814,
                      39.88
                    ],
                    [
                      -15.164,
                      39.88
                    ],
                    [
                      -39.88,
                      28.814
                    ],
                    [
                      -39.88,
                      -15.164
                    ],
                    [
                      -28.814,
                      -39.88
                    ],
                    [
                      15.164,
                      -39.88
                    ],
                    [
                      39.88,
                      -28.814
                    ],
                    [
                      39.88,
                      15.164
                    ]
                  ],
                  "o": [
                    [
                      15.164,
                      39.88
                    ],
                    [
                      -28.814,
                      39.88
                    ],
                    [
                      -39.88,
                      15.164
                    ],
                    [
                      -39.88,
                      -28.814
                    ],
                    [
                      -15.164,
                      -39.88
                    ],
                    [
                      28.814,
                      -39.88
                    ],
                    [
                      39.88,
                      -15.164
                    ],
                    [
                      39.88,
                      28.814
                    ]
                  ],
                  "v": [
                    [
                      15.164,
                      39.88
                    ],
                    [
                      -15.164,
                      39.88
                    ],
                    [
                      -39.88,
                      15.164
                    ],
                    [
                      -39.88,
                      -15.164
                    ],
                    [
                      -15.164,
                      -39.88
                    ],
                    [
                      15.164,
                      -39.88
                    ],
                    [
                      39.88,
                      -15.164
                    ],
                    [
                      39.88,
                      15.164
                    ]
                  ],
                  "c": true
                },
                "ix": 2
              },
              "nm": "Path 1",
              "mn": "ADBE Vector Shape - Group",
              "hd": false,
              "_render": true
            },
            {
              "ty": "st",
              "c": {
                "a": 0,
                "k": [
                  0,
                  0,
                  0,
                  1
                ],
                "ix": 3
              },
              "o": {
                "a": 0,
                "k": 100,
                "ix": 4
              },
              "w": {
                "a": 0,
                "k": 35,
                "ix": 5
              },
              "lc": 1,
              "lj": 1,
              "ml": 10,
              "bm": 0,
              "nm": "Stroke 1",
              "mn": "ADBE Vector Graphic - Stroke",
              "hd": false,
              "_render": true
            },
            {
              "ty": "tr",
              "p": {
                "a": 0,
                "k": [
                  433.147,
                  508.793
                ],
                "ix": 2
              },
              "a": {
                "a": 0,
                "k": [
                  0,
                  0
                ],
                "ix": 1
              },
              "s": {
                "a": 0,
                "k": [
                  100,
                  100
                ],
                "ix": 3
              },
              "r": {
                "a": 0,
                "k": 0,
                "ix": 6
              },
              "o": {
                "a": 0,
                "k": 100,
                "ix": 7
              },
              "sk": {
                "a": 0,
                "k": 0,
                "ix": 4
              },
              "sa": {
                "a": 0,
                "k": 0,
                "ix": 5
              },
              "nm": "Transform",
              "_render": true
            }
          ],
          "nm": "Group 4",
          "np": 2,
          "cix": 2,
          "bm": 0,
          "ix": 1,
          "mn": "ADBE Vector Group",
          "hd": false,
          "_render": true
        }
      ],
      "ip": 0,
      "op": 120,
      "st": 0,
      "ct": 1,
      "bm": 0,
      "completed": true
    },
    {
      "ddd": 0,
      "ind": 5,
      "ty": 4,
      "nm": "Group 5",
      "sr": 1,
      "ks": {
        "o": {
          "a": 1,
          "k": [
            {
              "i": {
                "x": [
                  0.667
                ],
                "y": [
                  1
                ]
              },
              "o": {
                "x": [
                  0.333
                ],
                "y": [
                  0
                ]
              },
              "t": 1.6,
              "s": [
                100
              ]
            },
            {
              "i": {
                "x": [
                  0.667
                ],
                "y": [
                  1
                ]
              },
              "o": {
                "x": [
                  0.333
                ],
                "y": [
                  0
                ]
              },
              "t": 17.6,
              "s": [
                0
              ]
            },
            {
              "i": {
                "x": [
                  0.667
                ],
                "y": [
                  1
                ]
              },
              "o": {
                "x": [
                  0.333
                ],
                "y": [
                  0
                ]
              },
              "t": 33.6,
              "s": [
                100
              ]
            },
            {
              "i": {
                "x": [
                  0.667
                ],
                "y": [
                  1
                ]
              },
              "o": {
                "x": [
                  0.333
                ],
                "y": [
                  0
                ]
              },
              "t": 49.6,
              "s": [
                0
              ]
            },
            {
              "t": 65.599609375,
              "s": [
                100
              ]
            }
          ],
          "ix": 11
        },
        "r": {
          "a": 0,
          "k": 0,
          "ix": 10
        },
        "p": {
          "a": 0,
          "k": [
            447.919,
            226.587,
            0
          ],
          "ix": 2,
          "l": 2
        },
        "a": {
          "a": 0,
          "k": [
            578.986,
            362.38,
            0
          ],
          "ix": 1,
          "l": 2
        },
        "s": {
          "a": 0,
          "k": [
            100,
            100,
            100
          ],
          "ix": 6,
          "l": 2
        }
      },
      "ao": 0,
      "shapes": [
        {
          "ty": "gr",
          "it": [
            {
              "ind": 0,
              "ty": "sh",
              "ix": 1,
              "ks": {
                "a": 0,
                "k": {
                  "i": [
                    [
                      28.814,
                      39.88
                    ],
                    [
                      -15.164,
                      39.88
                    ],
                    [
                      -39.88,
                      28.814
                    ],
                    [
                      -39.88,
                      -15.164
                    ],
                    [
                      -28.814,
                      -39.88
                    ],
                    [
                      15.164,
                      -39.88
                    ],
                    [
                      39.88,
                      -28.814
                    ],
                    [
                      39.88,
                      15.164
                    ]
                  ],
                  "o": [
                    [
                      15.164,
                      39.88
                    ],
                    [
                      -28.814,
                      39.88
                    ],
                    [
                      -39.88,
                      15.164
                    ],
                    [
                      -39.88,
                      -28.814
                    ],
                    [
                      -15.164,
                      -39.88
                    ],
                    [
                      28.814,
                      -39.88
                    ],
                    [
                      39.88,
                      -15.164
                    ],
                    [
                      39.88,
                      28.814
                    ]
                  ],
                  "v": [
                    [
                      15.164,
                      39.88
                    ],
                    [
                      -15.164,
                      39.88
                    ],
                    [
                      -39.88,
                      15.164
                    ],
                    [
                      -39.88,
                      -15.164
                    ],
                    [
                      -15.164,
                      -39.88
                    ],
                    [
                      15.164,
                      -39.88
                    ],
                    [
                      39.88,
                      -15.164
                    ],
                    [
                      39.88,
                      15.164
                    ]
                  ],
                  "c": true
                },
                "ix": 2
              },
              "nm": "Path 1",
              "mn": "ADBE Vector Shape - Group",
              "hd": false,
              "_render": true
            },
            {
              "ty": "st",
              "c": {
                "a": 0,
                "k": [
                  0,
                  0,
                  0,
                  1
                ],
                "ix": 3
              },
              "o": {
                "a": 0,
                "k": 100,
                "ix": 4
              },
              "w": {
                "a": 0,
                "k": 35,
                "ix": 5
              },
              "lc": 1,
              "lj": 1,
              "ml": 10,
              "bm": 0,
              "nm": "Stroke 1",
              "mn": "ADBE Vector Graphic - Stroke",
              "hd": false,
              "_render": true
            },
            {
              "ty": "tr",
              "p": {
                "a": 0,
                "k": [
                  578.986,
                  362.38
                ],
                "ix": 2
              },
              "a": {
                "a": 0,
                "k": [
                  0,
                  0
                ],
                "ix": 1
              },
              "s": {
                "a": 0,
                "k": [
                  100,
                  100
                ],
                "ix": 3
              },
              "r": {
                "a": 0,
                "k": 0,
                "ix": 6
              },
              "o": {
                "a": 0,
                "k": 100,
                "ix": 7
              },
              "sk": {
                "a": 0,
                "k": 0,
                "ix": 4
              },
              "sa": {
                "a": 0,
                "k": 0,
                "ix": 5
              },
              "nm": "Transform",
              "_render": true
            }
          ],
          "nm": "Group 5",
          "np": 2,
          "cix": 2,
          "bm": 0,
          "ix": 1,
          "mn": "ADBE Vector Group",
          "hd": false,
          "_render": true
        }
      ],
      "ip": 0,
      "op": 120,
      "st": 0,
      "ct": 1,
      "bm": 0,
      "completed": true
    },
    {
      "ddd": 0,
      "ind": 6,
      "ty": 4,
      "nm": "Group 6",
      "sr": 1,
      "ks": {
        "o": {
          "a": 1,
          "k": [
            {
              "i": {
                "x": [
                  0.667
                ],
                "y": [
                  1
                ]
              },
              "o": {
                "x": [
                  0.333
                ],
                "y": [
                  0
                ]
              },
              "t": 0,
              "s": [
                100
              ]
            },
            {
              "i": {
                "x": [
                  0.667
                ],
                "y": [
                  1
                ]
              },
              "o": {
                "x": [
                  0.333
                ],
                "y": [
                  0
                ]
              },
              "t": 16,
              "s": [
                0
              ]
            },
            {
              "i": {
                "x": [
                  0.667
                ],
                "y": [
                  1
                ]
              },
              "o": {
                "x": [
                  0.333
                ],
                "y": [
                  0
                ]
              },
              "t": 32,
              "s": [
                100
              ]
            },
            {
              "i": {
                "x": [
                  0.667
                ],
                "y": [
                  1
                ]
              },
              "o": {
                "x": [
                  0.333
                ],
                "y": [
                  0
                ]
              },
              "t": 48,
              "s": [
                0
              ]
            },
            {
              "t": 64,
              "s": [
                100
              ]
            }
          ],
          "ix": 11
        },
        "r": {
          "a": 0,
          "k": 0,
          "ix": 10
        },
        "p": {
          "a": 0,
          "k": [
            302.081,
            226.587,
            0
          ],
          "ix": 2,
          "l": 2
        },
        "a": {
          "a": 0,
          "k": [
            433.147,
            362.38,
            0
          ],
          "ix": 1,
          "l": 2
        },
        "s": {
          "a": 0,
          "k": [
            100,
            100,
            100
          ],
          "ix": 6,
          "l": 2
        }
      },
      "ao": 0,
      "shapes": [
        {
          "ty": "gr",
          "it": [
            {
              "ind": 0,
              "ty": "sh",
              "ix": 1,
              "ks": {
                "a": 0,
                "k": {
                  "i": [
                    [
                      28.814,
                      39.88
                    ],
                    [
                      -15.164,
                      39.88
                    ],
                    [
                      -39.88,
                      28.814
                    ],
                    [
                      -39.88,
                      -15.164
                    ],
                    [
                      -28.814,
                      -39.88
                    ],
                    [
                      15.164,
                      -39.88
                    ],
                    [
                      39.88,
                      -28.814
                    ],
                    [
                      39.88,
                      15.164
                    ]
                  ],
                  "o": [
                    [
                      15.164,
                      39.88
                    ],
                    [
                      -28.814,
                      39.88
                    ],
                    [
                      -39.88,
                      15.164
                    ],
                    [
                      -39.88,
                      -28.814
                    ],
                    [
                      -15.164,
                      -39.88
                    ],
                    [
                      28.814,
                      -39.88
                    ],
                    [
                      39.88,
                      -15.164
                    ],
                    [
                      39.88,
                      28.814
                    ]
                  ],
                  "v": [
                    [
                      15.164,
                      39.88
                    ],
                    [
                      -15.164,
                      39.88
                    ],
                    [
                      -39.88,
                      15.164
                    ],
                    [
                      -39.88,
                      -15.164
                    ],
                    [
                      -15.164,
                      -39.88
                    ],
                    [
                      15.164,
                      -39.88
                    ],
                    [
                      39.88,
                      -15.164
                    ],
                    [
                      39.88,
                      15.164
                    ]
                  ],
                  "c": true
                },
                "ix": 2
              },
              "nm": "Path 1",
              "mn": "ADBE Vector Shape - Group",
              "hd": false,
              "_render": true
            },
            {
              "ty": "st",
              "c": {
                "a": 0,
                "k": [
                  0,
                  0,
                  0,
                  1
                ],
                "ix": 3
              },
              "o": {
                "a": 0,
                "k": 100,
                "ix": 4
              },
              "w": {
                "a": 0,
                "k": 35,
                "ix": 5
              },
              "lc": 1,
              "lj": 1,
              "ml": 10,
              "bm": 0,
              "nm": "Stroke 1",
              "mn": "ADBE Vector Graphic - Stroke",
              "hd": false,
              "_render": true
            },
            {
              "ty": "tr",
              "p": {
                "a": 0,
                "k": [
                  433.147,
                  362.38
                ],
                "ix": 2
              },
              "a": {
                "a": 0,
                "k": [
                  0,
                  0
                ],
                "ix": 1
              },
              "s": {
                "a": 0,
                "k": [
                  100,
                  100
                ],
                "ix": 3
              },
              "r": {
                "a": 0,
                "k": 0,
                "ix": 6
              },
              "o": {
                "a": 0,
                "k": 100,
                "ix": 7
              },
              "sk": {
                "a": 0,
                "k": 0,
                "ix": 4
              },
              "sa": {
                "a": 0,
                "k": 0,
                "ix": 5
              },
              "nm": "Transform",
              "_render": true
            }
          ],
          "nm": "Group 6",
          "np": 2,
          "cix": 2,
          "bm": 0,
          "ix": 1,
          "mn": "ADBE Vector Group",
          "hd": false,
          "_render": true
        }
      ],
      "ip": 0,
      "op": 120,
      "st": 0,
      "ct": 1,
      "bm": 0,
      "completed": true
    }
  ],
  "markers": [],
  "__complete": true
}