{
  "v": "5.9.6",
  "fr": 60,
  "ip": 0,
  "op": 120,
  "w": 750,
  "h": 750,
  "nm": "Comp 1",
  "ddd": 0,
  "assets": [],
  "layers": [
    {
      "ddd": 0,
      "ind": 1,
      "ty": 4,
      "nm": "Group 2",
      "sr": 1,
      "ks": {
        "o": {
          "a": 0,
          "k": 100,
          "ix": 11
        },
        "r": {
          "a": 1,
          "k": [
            {
              "i": {
                "x": [
                  0.792
                ],
                "y": [
                  1
                ]
              },
              "o": {
                "x": [
                  0.573
                ],
                "y": [
                  0
                ]
              },
              "t": 0,
              "s": [
                0
              ]
            },
            {
              "i": {
                "x": [
                  0.586
                ],
                "y": [
                  1
                ]
              },
              "o": {
                "x": [
                  0.297
                ],
                "y": [
                  0
                ]
              },
              "t": 45,
              "s": [
                0
              ]
            },
            {
              "i": {
                "x": [
                  0.539
                ],
                "y": [
                  1
                ]
              },
              "o": {
                "x": [
                  0.233
                ],
                "y": [
                  0
                ]
              },
              "t": 63,
              "s": [
                -31
              ]
            },
            {
              "t": 100.099609375,
              "s": [
                0
              ]
            }
          ],
          "ix": 10
        },
        "p": {
          "a": 1,
          "k": [
            {
              "i": {
                "x": 0.42,
                "y": 1
              },
              "o": {
                "x": 0.58,
                "y": 0
              },
              "t": 0,
              "s": [
                250.011,
                528.923,
                0
              ],
              "to": [
                -17.689,
                10.22,
                0
              ],
              "ti": [
                -56.997,
                -10.22,
                0
              ]
            },
            {
              "i": {
                "x": 0.42,
                "y": 1
              },
              "o": {
                "x": 0.58,
                "y": 0
              },
              "t": 33.365,
              "s": [
                143.879,
                590.243,
                0
              ],
              "to": [
                56.997,
                10.22,
                0
              ],
              "ti": [
                -18.082,
                11.006,
                0
              ]
            },
            {
              "i": {
                "x": 0.42,
                "y": 1
              },
              "o": {
                "x": 0.58,
                "y": 0
              },
              "t": 66.734,
              "s": [
                591.992,
                590.243,
                0
              ],
              "to": [
                18.082,
                -11.006,
                0
              ],
              "ti": [
                56.604,
                11.006,
                0
              ]
            },
            {
              "t": 100.099609375,
              "s": [
                252.37,
                524.206,
                0
              ]
            }
          ],
          "ix": 2,
          "l": 2
        },
        "a": {
          "a": 0,
          "k": [
            375.011,
            653.923,
            0
          ],
          "ix": 1,
          "l": 2
        },
        "s": {
          "a": 0,
          "k": [
            100,
            100,
            100
          ],
          "ix": 6,
          "l": 2
        }
      },
      "ao": 0,
      "shapes": [
        {
          "ty": "gr",
          "it": [
            {
              "ind": 0,
              "ty": "sh",
              "ix": 1,
              "ks": {
                "a": 0,
                "k": {
                  "i": [
                    [
                      99.58200000000001,
                      -194.91000000000003
                    ],
                    [
                      -163.105,
                      100.38
                    ],
                    [
                      -172.672,
                      190.817
                    ],
                    [
                      -85.785,
                      172.827
                    ],
                    [
                      159.281,
                      -102.654
                    ],
                    [
                      176.76600000000002,
                      -157.984
                    ],
                    [
                      154.912,
                      -177.425
                    ]
                  ],
                  "o": [
                    [
                      80.141,
                      -173.056
                    ],
                    [
                      -163.105,
                      100.38
                    ],
                    [
                      -172.672,
                      190.817
                    ],
                    [
                      -85.785,
                      172.827
                    ],
                    [
                      178.722,
                      -124.508
                    ],
                    [
                      154.912,
                      -177.425
                    ],
                    [
                      133.058,
                      -196.866
                    ]
                  ],
                  "v": [
                    [
                      80.141,
                      -173.056
                    ],
                    [
                      -163.105,
                      100.38
                    ],
                    [
                      -172.672,
                      190.817
                    ],
                    [
                      -85.785,
                      172.827
                    ],
                    [
                      159.281,
                      -102.654
                    ],
                    [
                      154.912,
                      -177.425
                    ],
                    [
                      154.912,
                      -177.425
                    ]
                  ],
                  "c": true
                },
                "ix": 2
              },
              "nm": "Path 1",
              "mn": "ADBE Vector Shape - Group",
              "hd": false,
              "_render": true
            },
            {
              "ty": "st",
              "c": {
                "a": 0,
                "k": [
                  0,
                  0,
                  0,
                  1
                ],
                "ix": 3
              },
              "o": {
                "a": 0,
                "k": 100,
                "ix": 4
              },
              "w": {
                "a": 0,
                "k": 35,
                "ix": 5
              },
              "lc": 2,
              "lj": 2,
              "bm": 0,
              "nm": "Stroke 1",
              "mn": "ADBE Vector Graphic - Stroke",
              "hd": false,
              "_render": true
            },
            {
              "ty": "tr",
              "p": {
                "a": 0,
                "k": [
                  547.684,
                  463.106
                ],
                "ix": 2
              },
              "a": {
                "a": 0,
                "k": [
                  0,
                  0
                ],
                "ix": 1
              },
              "s": {
                "a": 0,
                "k": [
                  100,
                  100
                ],
                "ix": 3
              },
              "r": {
                "a": 0,
                "k": 0,
                "ix": 6
              },
              "o": {
                "a": 0,
                "k": 100,
                "ix": 7
              },
              "sk": {
                "a": 0,
                "k": 0,
                "ix": 4
              },
              "sa": {
                "a": 0,
                "k": 0,
                "ix": 5
              },
              "nm": "Transform",
              "_render": true
            }
          ],
          "nm": "Group 2",
          "np": 2,
          "cix": 2,
          "bm": 0,
          "ix": 1,
          "mn": "ADBE Vector Group",
          "hd": false,
          "_render": true
        }
      ],
      "ip": 0,
      "op": 120.12012012012,
      "st": 0,
      "ct": 1,
      "bm": 0,
      "completed": true
    },
    {
      "ddd": 0,
      "ind": 2,
      "ty": 4,
      "nm": "Group 1",
      "sr": 1,
      "ks": {
        "o": {
          "a": 0,
          "k": 100,
          "ix": 11
        },
        "r": {
          "a": 0,
          "k": 0,
          "ix": 10
        },
        "p": {
          "a": 0,
          "k": [
            375,
            602.71,
            0
          ],
          "ix": 2,
          "l": 2
        },
        "a": {
          "a": 0,
          "k": [
            500,
            727.71,
            0
          ],
          "ix": 1,
          "l": 2
        },
        "s": {
          "a": 0,
          "k": [
            100,
            100,
            100
          ],
          "ix": 6,
          "l": 2
        }
      },
      "ao": 0,
      "shapes": [
        {
          "ty": "gr",
          "it": [
            {
              "ind": 0,
              "ty": "sh",
              "ix": 1,
              "ks": {
                "a": 0,
                "k": {
                  "i": [
                    [
                      -233.328,
                      0
                    ],
                    [
                      233.328,
                      0
                    ]
                  ],
                  "o": [
                    [
                      -233.328,
                      0
                    ],
                    [
                      233.328,
                      0
                    ]
                  ],
                  "v": [
                    [
                      -233.328,
                      0
                    ],
                    [
                      233.328,
                      0
                    ]
                  ],
                  "c": false
                },
                "ix": 2
              },
              "nm": "Path 1",
              "mn": "ADBE Vector Shape - Group",
              "hd": false,
              "_render": true
            },
            {
              "ty": "st",
              "c": {
                "a": 0,
                "k": [
                  0,
                  0,
                  0,
                  1
                ],
                "ix": 3
              },
              "o": {
                "a": 0,
                "k": 100,
                "ix": 4
              },
              "w": {
                "a": 0,
                "k": 35,
                "ix": 5
              },
              "lc": 2,
              "lj": 2,
              "bm": 0,
              "nm": "Stroke 1",
              "mn": "ADBE Vector Graphic - Stroke",
              "hd": false,
              "_render": true
            },
            {
              "ty": "tr",
              "p": {
                "a": 0,
                "k": [
                  500,
                  727.71
                ],
                "ix": 2
              },
              "a": {
                "a": 0,
                "k": [
                  0,
                  0
                ],
                "ix": 1
              },
              "s": {
                "a": 0,
                "k": [
                  100,
                  100
                ],
                "ix": 3
              },
              "r": {
                "a": 0,
                "k": 0,
                "ix": 6
              },
              "o": {
                "a": 0,
                "k": 100,
                "ix": 7
              },
              "sk": {
                "a": 0,
                "k": 0,
                "ix": 4
              },
              "sa": {
                "a": 0,
                "k": 0,
                "ix": 5
              },
              "nm": "Transform",
              "_render": true
            }
          ],
          "nm": "Group 1",
          "np": 2,
          "cix": 2,
          "bm": 0,
          "ix": 1,
          "mn": "ADBE Vector Group",
          "hd": false,
          "_render": true
        },
        {
          "ty": "tm",
          "s": {
            "a": 1,
            "k": [
              {
                "i": {
                  "x": [
                    0.42
                  ],
                  "y": [
                    1
                  ]
                },
                "o": {
                  "x": [
                    0.58
                  ],
                  "y": [
                    0
                  ]
                },
                "t": 84.084,
                "s": [
                  0
                ]
              },
              {
                "t": 108.107421875,
                "s": [
                  100
                ]
              }
            ],
            "ix": 1
          },
          "e": {
            "a": 1,
            "k": [
              {
                "i": {
                  "x": [
                    0.42
                  ],
                  "y": [
                    1
                  ]
                },
                "o": {
                  "x": [
                    0.58
                  ],
                  "y": [
                    0
                  ]
                },
                "t": 33.365,
                "s": [
                  0
                ]
              },
              {
                "i": {
                  "x": [
                    0.42
                  ],
                  "y": [
                    1
                  ]
                },
                "o": {
                  "x": [
                    0.58
                  ],
                  "y": [
                    0
                  ]
                },
                "t": 66.734,
                "s": [
                  100
                ]
              },
              {
                "i": {
                  "x": [
                    0.42
                  ],
                  "y": [
                    1
                  ]
                },
                "o": {
                  "x": [
                    0.58
                  ],
                  "y": [
                    0
                  ]
                },
                "t": 84.084,
                "s": [
                  100
                ]
              },
              {
                "t": 108.107421875,
                "s": [
                  100
                ]
              }
            ],
            "ix": 2
          },
          "o": {
            "a": 0,
            "k": 0,
            "ix": 3
          },
          "m": 1,
          "ix": 2,
          "nm": "Trim Paths 1",
          "mn": "ADBE Vector Filter - Trim",
          "hd": false,
          "_render": true
        }
      ],
      "ip": 0,
      "op": 120.12012012012,
      "st": 0,
      "ct": 1,
      "bm": 0,
      "completed": true
    }
  ],
  "markers": [],
  "__complete": true
}