{
  "v": "5.9.6",
  "fr": 60,
  "ip": 0,
  "op": 120,
  "w": 750,
  "h": 750,
  "nm": "Comp 1",
  "ddd": 0,
  "assets": [],
  "layers": [
    {
      "ddd": 0,
      "ind": 1,
      "ty": 3,
      "nm": "Null 2",
      "sr": 1,
      "ks": {
        "o": {
          "a": 0,
          "k": 0,
          "ix": 11
        },
        "r": {
          "a": 0,
          "k": 0,
          "ix": 10
        },
        "p": {
          "a": 0,
          "k": [
            375,
            375,
            0
          ],
          "ix": 2,
          "l": 2
        },
        "a": {
          "a": 0,
          "k": [
            50,
            50,
            0
          ],
          "ix": 1,
          "l": 2
        },
        "s": {
          "a": 1,
          "k": [
            {
              "i": {
                "x": [
                  0.43,
                  0.43,
                  0.43
                ],
                "y": [
                  1,
                  1,
                  1
                ]
              },
              "o": {
                "x": [
                  0.57,
                  0.57,
                  0.57
                ],
                "y": [
                  0,
                  0,
                  0
                ]
              },
              "t": 0,
              "s": [
                100,
                100,
                100
              ]
            },
            {
              "i": {
                "x": [
                  0.43,
                  0.43,
                  0.43
                ],
                "y": [
                  1,
                  1,
                  1
                ]
              },
              "o": {
                "x": [
                  0.57,
                  0.57,
                  0.57
                ],
                "y": [
                  0,
                  0,
                  0
                ]
              },
              "t": 25.025,
              "s": [
                113,
                113,
                100
              ]
            },
            {
              "t": 50.05078125,
              "s": [
                100,
                100,
                100
              ]
            }
          ],
          "ix": 6,
          "l": 2
        }
      },
      "ao": 0,
      "ip": 0,
      "op": 120.12012012012,
      "st": 0,
      "bm": 0,
      "completed": true
    },
    {
      "ddd": 0,
      "ind": 2,
      "ty": 4,
      "nm": "Layer 2",
      "parent": 1,
      "sr": 1,
      "ks": {
        "o": {
          "a": 0,
          "k": 100,
          "ix": 11
        },
        "r": {
          "a": 0,
          "k": 0,
          "ix": 10
        },
        "p": {
          "a": 0,
          "k": [
            50,
            50,
            0
          ],
          "ix": 2,
          "l": 2
        },
        "a": {
          "a": 0,
          "k": [
            651.206,
            499.221,
            0
          ],
          "ix": 1,
          "l": 2
        },
        "s": {
          "a": 0,
          "k": [
            100,
            100,
            100
          ],
          "ix": 6,
          "l": 2
        }
      },
      "ao": 0,
      "shapes": [
        {
          "ty": "gr",
          "it": [
            {
              "ind": 0,
              "ty": "sh",
              "ix": 1,
              "ks": {
                "a": 0,
                "k": {
                  "i": [
                    [
                      -238,
                      -45.25
                    ],
                    [
                      0,
                      45.25
                    ],
                    [
                      238,
                      -45.25
                    ]
                  ],
                  "o": [
                    [
                      -238,
                      -45.25
                    ],
                    [
                      0,
                      45.25
                    ],
                    [
                      238,
                      -45.25
                    ]
                  ],
                  "v": [
                    [
                      -238,
                      -45.25
                    ],
                    [
                      0,
                      45.25
                    ],
                    [
                      238,
                      -45.25
                    ]
                  ],
                  "c": false
                },
                "ix": 2
              },
              "nm": "Path 1",
              "mn": "ADBE Vector Shape - Group",
              "hd": false,
              "_render": true
            },
            {
              "ty": "st",
              "c": {
                "a": 0,
                "k": [
                  0,
                  0,
                  0,
                  1
                ],
                "ix": 3
              },
              "o": {
                "a": 0,
                "k": 100,
                "ix": 4
              },
              "w": {
                "a": 0,
                "k": 35,
                "ix": 5
              },
              "lc": 2,
              "lj": 2,
              "bm": 0,
              "nm": "Stroke 1",
              "mn": "ADBE Vector Graphic - Stroke",
              "hd": false,
              "_render": true
            },
            {
              "ty": "tr",
              "p": {
                "a": 0,
                "k": [
                  651.206,
                  453.971
                ],
                "ix": 2
              },
              "a": {
                "a": 0,
                "k": [
                  0,
                  0
                ],
                "ix": 1
              },
              "s": {
                "a": 0,
                "k": [
                  100,
                  100
                ],
                "ix": 3
              },
              "r": {
                "a": 0,
                "k": 0,
                "ix": 6
              },
              "o": {
                "a": 0,
                "k": 100,
                "ix": 7
              },
              "sk": {
                "a": 0,
                "k": 0,
                "ix": 4
              },
              "sa": {
                "a": 0,
                "k": 0,
                "ix": 5
              },
              "nm": "Transform",
              "_render": true
            }
          ],
          "nm": "Group 1",
          "np": 2,
          "cix": 2,
          "bm": 0,
          "ix": 1,
          "mn": "ADBE Vector Group",
          "hd": false,
          "_render": true
        },
        {
          "ty": "gr",
          "it": [
            {
              "ind": 0,
              "ty": "sh",
              "ix": 1,
              "ks": {
                "a": 1,
                "k": [
                  {
                    "i": {
                      "x": 0.42,
                      "y": 1
                    },
                    "o": {
                      "x": 0.58,
                      "y": 0
                    },
                    "t": 0,
                    "s": [
                      {
                        "i": [
                          [
                            238,
                            -171.962
                          ],
                          [
                            238,
                            90.5
                          ],
                          [
                            171.962,
                            238
                          ],
                          [
                            -90.5,
                            238
                          ],
                          [
                            -238,
                            171.962
                          ],
                          [
                            -238,
                            -90.5
                          ],
                          [
                            -171.962,
                            -238
                          ],
                          [
                            90.5,
                            -238
                          ]
                        ],
                        "o": [
                          [
                            238,
                            -90.5
                          ],
                          [
                            238,
                            171.962
                          ],
                          [
                            90.5,
                            238
                          ],
                          [
                            -171.962,
                            238
                          ],
                          [
                            -238,
                            90.5
                          ],
                          [
                            -238,
                            -171.962
                          ],
                          [
                            -90.5,
                            -238
                          ],
                          [
                            171.962,
                            -238
                          ]
                        ],
                        "v": [
                          [
                            238,
                            -90.5
                          ],
                          [
                            238,
                            90.5
                          ],
                          [
                            90.5,
                            238
                          ],
                          [
                            -90.5,
                            238
                          ],
                          [
                            -238,
                            90.5
                          ],
                          [
                            -238,
                            -90.5
                          ],
                          [
                            -90.5,
                            -238
                          ],
                          [
                            90.5,
                            -238
                          ]
                        ],
                        "c": true
                      }
                    ]
                  },
                  {
                    "i": {
                      "x": 0.42,
                      "y": 1
                    },
                    "o": {
                      "x": 0.58,
                      "y": 0
                    },
                    "t": 26.025,
                    "s": [
                      {
                        "i": [
                          [
                            238,
                            -171.962
                          ],
                          [
                            238.615,
                            -72.236
                          ],
                          [
                            172.577,
                            75.264
                          ],
                          [
                            -89.885,
                            75.264
                          ],
                          [
                            -237.385,
                            9.225999999999999
                          ],
                          [
                            -238,
                            -90.5
                          ],
                          [
                            -171.962,
                            -238
                          ],
                          [
                            90.5,
                            -238
                          ]
                        ],
                        "o": [
                          [
                            238,
                            -90.5
                          ],
                          [
                            238.615,
                            9.225999999999999
                          ],
                          [
                            91.115,
                            75.264
                          ],
                          [
                            -171.347,
                            75.264
                          ],
                          [
                            -237.385,
                            -72.236
                          ],
                          [
                            -238,
                            -171.962
                          ],
                          [
                            -90.5,
                            -238
                          ],
                          [
                            171.962,
                            -238
                          ]
                        ],
                        "v": [
                          [
                            238,
                            -90.5
                          ],
                          [
                            238.615,
                            -72.236
                          ],
                          [
                            91.115,
                            75.264
                          ],
                          [
                            -89.885,
                            75.264
                          ],
                          [
                            -237.385,
                            -72.236
                          ],
                          [
                            -238,
                            -90.5
                          ],
                          [
                            -90.5,
                            -238
                          ],
                          [
                            90.5,
                            -238
                          ]
                        ],
                        "c": true
                      }
                    ]
                  },
                  {
                    "t": 52.052734375,
                    "s": [
                      {
                        "i": [
                          [
                            238,
                            -171.962
                          ],
                          [
                            238,
                            90.5
                          ],
                          [
                            171.962,
                            238
                          ],
                          [
                            -90.5,
                            238
                          ],
                          [
                            -238,
                            171.962
                          ],
                          [
                            -238,
                            -90.5
                          ],
                          [
                            -171.962,
                            -238
                          ],
                          [
                            90.5,
                            -238
                          ]
                        ],
                        "o": [
                          [
                            238,
                            -90.5
                          ],
                          [
                            238,
                            171.962
                          ],
                          [
                            90.5,
                            238
                          ],
                          [
                            -171.962,
                            238
                          ],
                          [
                            -238,
                            90.5
                          ],
                          [
                            -238,
                            -171.962
                          ],
                          [
                            -90.5,
                            -238
                          ],
                          [
                            171.962,
                            -238
                          ]
                        ],
                        "v": [
                          [
                            238,
                            -90.5
                          ],
                          [
                            238,
                            90.5
                          ],
                          [
                            90.5,
                            238
                          ],
                          [
                            -90.5,
                            238
                          ],
                          [
                            -238,
                            90.5
                          ],
                          [
                            -238,
                            -90.5
                          ],
                          [
                            -90.5,
                            -238
                          ],
                          [
                            90.5,
                            -238
                          ]
                        ],
                        "c": true
                      }
                    ]
                  }
                ],
                "ix": 2
              },
              "nm": "Path 1",
              "mn": "ADBE Vector Shape - Group",
              "hd": false,
              "_render": true
            },
            {
              "ty": "st",
              "c": {
                "a": 0,
                "k": [
                  0,
                  0,
                  0,
                  1
                ],
                "ix": 3
              },
              "o": {
                "a": 0,
                "k": 100,
                "ix": 4
              },
              "w": {
                "a": 0,
                "k": 35,
                "ix": 5
              },
              "lc": 2,
              "lj": 2,
              "bm": 0,
              "nm": "Stroke 1",
              "mn": "ADBE Vector Graphic - Stroke",
              "hd": false,
              "_render": true
            },
            {
              "ty": "tr",
              "p": {
                "a": 0,
                "k": [
                  651.206,
                  499.221
                ],
                "ix": 2
              },
              "a": {
                "a": 0,
                "k": [
                  0,
                  0
                ],
                "ix": 1
              },
              "s": {
                "a": 0,
                "k": [
                  100,
                  100
                ],
                "ix": 3
              },
              "r": {
                "a": 0,
                "k": 0,
                "ix": 6
              },
              "o": {
                "a": 0,
                "k": 100,
                "ix": 7
              },
              "sk": {
                "a": 0,
                "k": 0,
                "ix": 4
              },
              "sa": {
                "a": 0,
                "k": 0,
                "ix": 5
              },
              "nm": "Transform",
              "_render": true
            }
          ],
          "nm": "Group 2",
          "np": 2,
          "cix": 2,
          "bm": 0,
          "ix": 2,
          "mn": "ADBE Vector Group",
          "hd": false,
          "_render": true
        }
      ],
      "ip": 0,
      "op": 120.12012012012,
      "st": 0,
      "ct": 1,
      "bm": 0,
      "completed": true
    },
    {
      "ddd": 0,
      "ind": 3,
      "ty": 4,
      "nm": "Layer 1",
      "parent": 1,
      "sr": 1,
      "ks": {
        "o": {
          "a": 0,
          "k": 100,
          "ix": 11
        },
        "r": {
          "a": 0,
          "k": 0,
          "ix": 10
        },
        "p": {
          "a": 0,
          "k": [
            50,
            50,
            0
          ],
          "ix": 2,
          "l": 2
        },
        "a": {
          "a": 0,
          "k": [
            651.206,
            499.221,
            0
          ],
          "ix": 1,
          "l": 2
        },
        "s": {
          "a": 0,
          "k": [
            100,
            100,
            100
          ],
          "ix": 6,
          "l": 2
        }
      },
      "ao": 0,
      "shapes": [
        {
          "ty": "gr",
          "it": [
            {
              "ind": 0,
              "ty": "sh",
              "ix": 1,
              "ks": {
                "a": 0,
                "k": {
                  "i": [
                    [
                      -238,
                      -45.25
                    ],
                    [
                      0,
                      45.25
                    ],
                    [
                      238,
                      -45.25
                    ]
                  ],
                  "o": [
                    [
                      -238,
                      -45.25
                    ],
                    [
                      0,
                      45.25
                    ],
                    [
                      238,
                      -45.25
                    ]
                  ],
                  "v": [
                    [
                      -238,
                      -45.25
                    ],
                    [
                      0,
                      45.25
                    ],
                    [
                      238,
                      -45.25
                    ]
                  ],
                  "c": false
                },
                "ix": 2
              },
              "nm": "Path 1",
              "mn": "ADBE Vector Shape - Group",
              "hd": false,
              "_render": true
            },
            {
              "ty": "st",
              "c": {
                "a": 0,
                "k": [
                  0,
                  0,
                  0,
                  1
                ],
                "ix": 3
              },
              "o": {
                "a": 0,
                "k": 100,
                "ix": 4
              },
              "w": {
                "a": 0,
                "k": 35,
                "ix": 5
              },
              "lc": 2,
              "lj": 2,
              "bm": 0,
              "nm": "Stroke 1",
              "mn": "ADBE Vector Graphic - Stroke",
              "hd": false,
              "_render": true
            },
            {
              "ty": "tr",
              "p": {
                "a": 0,
                "k": [
                  651.206,
                  453.971
                ],
                "ix": 2
              },
              "a": {
                "a": 0,
                "k": [
                  0,
                  0
                ],
                "ix": 1
              },
              "s": {
                "a": 0,
                "k": [
                  100,
                  100
                ],
                "ix": 3
              },
              "r": {
                "a": 0,
                "k": 0,
                "ix": 6
              },
              "o": {
                "a": 0,
                "k": 100,
                "ix": 7
              },
              "sk": {
                "a": 0,
                "k": 0,
                "ix": 4
              },
              "sa": {
                "a": 0,
                "k": 0,
                "ix": 5
              },
              "nm": "Transform",
              "_render": true
            }
          ],
          "nm": "Group 1",
          "np": 2,
          "cix": 2,
          "bm": 0,
          "ix": 1,
          "mn": "ADBE Vector Group",
          "hd": false,
          "_render": true
        },
        {
          "ty": "gr",
          "it": [
            {
              "ind": 0,
              "ty": "sh",
              "ix": 1,
              "ks": {
                "a": 0,
                "k": {
                  "i": [
                    [
                      238,
                      -171.962
                    ],
                    [
                      238,
                      90.5
                    ],
                    [
                      171.962,
                      238
                    ],
                    [
                      -90.5,
                      238
                    ],
                    [
                      -238,
                      171.962
                    ],
                    [
                      -238,
                      -90.5
                    ],
                    [
                      -171.962,
                      -238
                    ],
                    [
                      90.5,
                      -238
                    ]
                  ],
                  "o": [
                    [
                      238,
                      -90.5
                    ],
                    [
                      238,
                      171.962
                    ],
                    [
                      90.5,
                      238
                    ],
                    [
                      -171.962,
                      238
                    ],
                    [
                      -238,
                      90.5
                    ],
                    [
                      -238,
                      -171.962
                    ],
                    [
                      -90.5,
                      -238
                    ],
                    [
                      171.962,
                      -238
                    ]
                  ],
                  "v": [
                    [
                      238,
                      -90.5
                    ],
                    [
                      238,
                      90.5
                    ],
                    [
                      90.5,
                      238
                    ],
                    [
                      -90.5,
                      238
                    ],
                    [
                      -238,
                      90.5
                    ],
                    [
                      -238,
                      -90.5
                    ],
                    [
                      -90.5,
                      -238
                    ],
                    [
                      90.5,
                      -238
                    ]
                  ],
                  "c": true
                },
                "ix": 2
              },
              "nm": "Path 1",
              "mn": "ADBE Vector Shape - Group",
              "hd": false,
              "_render": true
            },
            {
              "ty": "st",
              "c": {
                "a": 0,
                "k": [
                  0,
                  0,
                  0,
                  1
                ],
                "ix": 3
              },
              "o": {
                "a": 0,
                "k": 100,
                "ix": 4
              },
              "w": {
                "a": 0,
                "k": 35,
                "ix": 5
              },
              "lc": 2,
              "lj": 2,
              "bm": 0,
              "nm": "Stroke 1",
              "mn": "ADBE Vector Graphic - Stroke",
              "hd": false,
              "_render": true
            },
            {
              "ty": "tr",
              "p": {
                "a": 0,
                "k": [
                  651.206,
                  499.221
                ],
                "ix": 2
              },
              "a": {
                "a": 0,
                "k": [
                  0,
                  0
                ],
                "ix": 1
              },
              "s": {
                "a": 0,
                "k": [
                  100,
                  100
                ],
                "ix": 3
              },
              "r": {
                "a": 0,
                "k": 0,
                "ix": 6
              },
              "o": {
                "a": 0,
                "k": 100,
                "ix": 7
              },
              "sk": {
                "a": 0,
                "k": 0,
                "ix": 4
              },
              "sa": {
                "a": 0,
                "k": 0,
                "ix": 5
              },
              "nm": "Transform",
              "_render": true
            }
          ],
          "nm": "Group 2",
          "np": 2,
          "cix": 2,
          "bm": 0,
          "ix": 2,
          "mn": "ADBE Vector Group",
          "hd": false,
          "_render": true
        }
      ],
      "ip": 0,
      "op": 120.12012012012,
      "st": 0,
      "ct": 1,
      "bm": 0,
      "completed": true
    }
  ],
  "markers": [],
  "__complete": true
}