{
  "v": "5.9.6",
  "fr": 60,
  "ip": 0,
  "op": 120,
  "w": 750,
  "h": 750,
  "nm": "Comp 1",
  "ddd": 0,
  "assets": [],
  "layers": [
    {
      "ddd": 0,
      "ind": 1,
      "ty": 4,
      "nm": "Group 3",
      "sr": 1,
      "ks": {
        "o": {
          "a": 0,
          "k": 100,
          "ix": 11
        },
        "r": {
          "a": 0,
          "k": 0,
          "ix": 10
        },
        "p": {
          "a": 0,
          "k": [
            511.816,
            486.163,
            0
          ],
          "ix": 2,
          "l": 2
        },
        "a": {
          "a": 0,
          "k": [
            555.202,
            552.351,
            0
          ],
          "ix": 1,
          "l": 2
        },
        "s": {
          "a": 0,
          "k": [
            900,
            900,
            100
          ],
          "ix": 6,
          "l": 2
        }
      },
      "ao": 0,
      "shapes": [
        {
          "ty": "gr",
          "it": [
            {
              "ind": 0,
              "ty": "sh",
              "ix": 1,
              "ks": {
                "a": 0,
                "k": {
                  "i": [
                    [
                      11.401,
                      -1.846
                    ],
                    [
                      8.545,
                      2.943
                    ],
                    [
                      7.24,
                      8.985
                    ],
                    [
                      1.846,
                      8.868
                    ],
                    [
                      -4.211,
                      10.738
                    ],
                    [
                      -6.792000000000001,
                      5.972
                    ],
                    [
                      -11.401,
                      1.846
                    ],
                    [
                      -8.545,
                      -2.943
                    ],
                    [
                      -7.24,
                      -8.985
                    ],
                    [
                      -1.846,
                      -8.868
                    ],
                    [
                      4.211,
                      -10.738
                    ],
                    [
                      6.792000000000001,
                      -5.972
                    ]
                  ],
                  "o": [
                    [
                      11.401,
                      1.846
                    ],
                    [
                      6.792000000000001,
                      5.972
                    ],
                    [
                      4.211,
                      10.738
                    ],
                    [
                      -1.846,
                      8.868
                    ],
                    [
                      -7.24,
                      8.985
                    ],
                    [
                      -8.545,
                      2.943
                    ],
                    [
                      -11.401,
                      -1.846
                    ],
                    [
                      -6.792000000000001,
                      -5.972
                    ],
                    [
                      -4.211,
                      -10.738
                    ],
                    [
                      1.846,
                      -8.868
                    ],
                    [
                      7.24,
                      -8.985
                    ],
                    [
                      8.545,
                      -2.943
                    ]
                  ],
                  "v": [
                    [
                      11.401,
                      0
                    ],
                    [
                      7.682,
                      4.434
                    ],
                    [
                      5.702,
                      9.875
                    ],
                    [
                      0,
                      8.868
                    ],
                    [
                      -5.702,
                      9.875
                    ],
                    [
                      -7.682,
                      4.434
                    ],
                    [
                      -11.401,
                      0
                    ],
                    [
                      -7.682,
                      -4.434
                    ],
                    [
                      -5.702,
                      -9.875
                    ],
                    [
                      0,
                      -8.868
                    ],
                    [
                      5.702,
                      -9.875
                    ],
                    [
                      7.682,
                      -4.434
                    ]
                  ],
                  "c": true
                },
                "ix": 2
              },
              "nm": "Path 1",
              "mn": "ADBE Vector Shape - Group",
              "hd": false,
              "_render": true
            },
            {
              "ty": "st",
              "c": {
                "a": 0,
                "k": [
                  0,
                  0,
                  0,
                  1
                ],
                "ix": 3
              },
              "o": {
                "a": 0,
                "k": 100,
                "ix": 4
              },
              "w": {
                "a": 0,
                "k": 3.8,
                "ix": 5
              },
              "lc": 2,
              "lj": 1,
              "ml": 10,
              "bm": 0,
              "nm": "Stroke 1",
              "mn": "ADBE Vector Graphic - Stroke",
              "hd": false,
              "_render": true
            },
            {
              "ty": "tr",
              "p": {
                "a": 0,
                "k": [
                  555.202,
                  552.351
                ],
                "ix": 2
              },
              "a": {
                "a": 0,
                "k": [
                  0,
                  0
                ],
                "ix": 1
              },
              "s": {
                "a": 0,
                "k": [
                  100,
                  100
                ],
                "ix": 3
              },
              "r": {
                "a": 0,
                "k": 0,
                "ix": 6
              },
              "o": {
                "a": 0,
                "k": 100,
                "ix": 7
              },
              "sk": {
                "a": 0,
                "k": 0,
                "ix": 4
              },
              "sa": {
                "a": 0,
                "k": 0,
                "ix": 5
              },
              "nm": "Transform",
              "_render": true
            }
          ],
          "nm": "Group 3",
          "np": 2,
          "cix": 2,
          "bm": 0,
          "ix": 1,
          "mn": "ADBE Vector Group",
          "hd": false,
          "_render": true
        }
      ],
      "ip": 0,
      "op": 120,
      "st": 0,
      "ct": 1,
      "bm": 0,
      "completed": true
    },
    {
      "ddd": 0,
      "ind": 2,
      "ty": 4,
      "nm": "Group 4",
      "sr": 1,
      "ks": {
        "o": {
          "a": 0,
          "k": 100,
          "ix": 11
        },
        "r": {
          "a": 0,
          "k": 0,
          "ix": 10
        },
        "p": {
          "a": 0,
          "k": [
            238.184,
            258.136,
            0
          ],
          "ix": 2,
          "l": 2
        },
        "a": {
          "a": 0,
          "k": [
            524.798,
            527.015,
            0
          ],
          "ix": 1,
          "l": 2
        },
        "s": {
          "a": 0,
          "k": [
            900,
            900,
            100
          ],
          "ix": 6,
          "l": 2
        }
      },
      "ao": 0,
      "shapes": [
        {
          "ty": "gr",
          "it": [
            {
              "ind": 0,
              "ty": "sh",
              "ix": 1,
              "ks": {
                "a": 0,
                "k": {
                  "i": [
                    [
                      11.401,
                      -1.846
                    ],
                    [
                      8.545,
                      2.943
                    ],
                    [
                      7.24,
                      8.985
                    ],
                    [
                      1.846,
                      8.868
                    ],
                    [
                      -4.211,
                      10.738
                    ],
                    [
                      -6.792000000000001,
                      5.972
                    ],
                    [
                      -11.401,
                      1.846
                    ],
                    [
                      -8.545,
                      -2.943
                    ],
                    [
                      -7.24,
                      -8.985
                    ],
                    [
                      -1.846,
                      -8.868
                    ],
                    [
                      4.211,
                      -10.738
                    ],
                    [
                      6.792000000000001,
                      -5.972
                    ]
                  ],
                  "o": [
                    [
                      11.401,
                      1.846
                    ],
                    [
                      6.792000000000001,
                      5.972
                    ],
                    [
                      4.211,
                      10.738
                    ],
                    [
                      -1.846,
                      8.868
                    ],
                    [
                      -7.24,
                      8.985
                    ],
                    [
                      -8.545,
                      2.943
                    ],
                    [
                      -11.401,
                      -1.846
                    ],
                    [
                      -6.792000000000001,
                      -5.972
                    ],
                    [
                      -4.211,
                      -10.738
                    ],
                    [
                      1.846,
                      -8.868
                    ],
                    [
                      7.24,
                      -8.985
                    ],
                    [
                      8.545,
                      -2.943
                    ]
                  ],
                  "v": [
                    [
                      11.401,
                      0
                    ],
                    [
                      7.682,
                      4.434
                    ],
                    [
                      5.702,
                      9.875
                    ],
                    [
                      0,
                      8.868
                    ],
                    [
                      -5.702,
                      9.875
                    ],
                    [
                      -7.682,
                      4.434
                    ],
                    [
                      -11.401,
                      0
                    ],
                    [
                      -7.682,
                      -4.434
                    ],
                    [
                      -5.702,
                      -9.875
                    ],
                    [
                      0,
                      -8.868
                    ],
                    [
                      5.702,
                      -9.875
                    ],
                    [
                      7.682,
                      -4.434
                    ]
                  ],
                  "c": true
                },
                "ix": 2
              },
              "nm": "Path 1",
              "mn": "ADBE Vector Shape - Group",
              "hd": false,
              "_render": true
            },
            {
              "ty": "st",
              "c": {
                "a": 0,
                "k": [
                  0,
                  0,
                  0,
                  1
                ],
                "ix": 3
              },
              "o": {
                "a": 0,
                "k": 100,
                "ix": 4
              },
              "w": {
                "a": 0,
                "k": 3.8,
                "ix": 5
              },
              "lc": 2,
              "lj": 1,
              "ml": 10,
              "bm": 0,
              "nm": "Stroke 1",
              "mn": "ADBE Vector Graphic - Stroke",
              "hd": false,
              "_render": true
            },
            {
              "ty": "tr",
              "p": {
                "a": 0,
                "k": [
                  524.798,
                  527.015
                ],
                "ix": 2
              },
              "a": {
                "a": 0,
                "k": [
                  0,
                  0
                ],
                "ix": 1
              },
              "s": {
                "a": 0,
                "k": [
                  100,
                  100
                ],
                "ix": 3
              },
              "r": {
                "a": 0,
                "k": 0,
                "ix": 6
              },
              "o": {
                "a": 0,
                "k": 100,
                "ix": 7
              },
              "sk": {
                "a": 0,
                "k": 0,
                "ix": 4
              },
              "sa": {
                "a": 0,
                "k": 0,
                "ix": 5
              },
              "nm": "Transform",
              "_render": true
            }
          ],
          "nm": "Group 4",
          "np": 2,
          "cix": 2,
          "bm": 0,
          "ix": 1,
          "mn": "ADBE Vector Group",
          "hd": false,
          "_render": true
        }
      ],
      "ip": 0,
      "op": 120,
      "st": 0,
      "ct": 1,
      "bm": 0,
      "completed": true
    },
    {
      "ddd": 0,
      "ind": 3,
      "ty": 3,
      "nm": "Null 1",
      "sr": 1,
      "ks": {
        "o": {
          "a": 0,
          "k": 0,
          "ix": 11
        },
        "r": {
          "a": 0,
          "k": -180,
          "ix": 10
        },
        "p": {
          "a": 0,
          "k": [
            279.189,
            457.168,
            0
          ],
          "ix": 2,
          "l": 2
        },
        "a": {
          "a": 0,
          "k": [
            50,
            50,
            0
          ],
          "ix": 1,
          "l": 2
        },
        "s": {
          "a": 0,
          "k": [
            100,
            100,
            100
          ],
          "ix": 6,
          "l": 2
        }
      },
      "ao": 0,
      "ip": 0,
      "op": 125,
      "st": 0,
      "bm": 0,
      "completed": true
    },
    {
      "ddd": 0,
      "ind": 4,
      "ty": 4,
      "nm": "Group 7",
      "parent": 3,
      "sr": 1,
      "ks": {
        "o": {
          "a": 0,
          "k": 100,
          "ix": 11
        },
        "r": {
          "a": 1,
          "k": [
            {
              "i": {
                "x": [
                  0.833
                ],
                "y": [
                  0.833
                ]
              },
              "o": {
                "x": [
                  0.167
                ],
                "y": [
                  0.167
                ]
              },
              "t": 64,
              "s": [
                90
              ]
            },
            {
              "t": 65,
              "s": [
                0
              ]
            }
          ],
          "ix": 10
        },
        "p": {
          "a": 1,
          "k": [
            {
              "i": {
                "x": 0.833,
                "y": 0.833
              },
              "o": {
                "x": 0.333,
                "y": 0
              },
              "t": 55,
              "s": [
                136.798,
                90.864,
                0
              ],
              "to": null,
              "ti": null
            },
            {
              "i": {
                "x": 0.667,
                "y": 1
              },
              "o": {
                "x": 0.167,
                "y": 0.167
              },
              "t": 65,
              "s": [
                136.798,
                -34.136,
                0
              ],
              "to": null,
              "ti": null
            },
            {
              "t": 75,
              "s": [
                4.798,
                -34.136,
                0
              ]
            }
          ],
          "ix": 2,
          "l": 2
        },
        "a": {
          "a": 0,
          "k": [
            544.622,
            521.303,
            0
          ],
          "ix": 1,
          "l": 2
        },
        "s": {
          "a": 0,
          "k": [
            900,
            900,
            100
          ],
          "ix": 6,
          "l": 2
        }
      },
      "ao": 0,
      "shapes": [
        {
          "ty": "gr",
          "it": [
            {
              "ty": "gr",
              "it": [
                {
                  "ty": "gr",
                  "it": [
                    {
                      "ind": 0,
                      "ty": "sh",
                      "ix": 1,
                      "ks": {
                        "a": 1,
                        "k": [
                          {
                            "i": {
                              "x": 0.833,
                              "y": 0.833
                            },
                            "o": {
                              "x": 0.167,
                              "y": 0.167
                            },
                            "t": 45,
                            "s": [
                              {
                                "i": [
                                  [
                                    -2.173,
                                    -0.895
                                  ],
                                  [
                                    -2.528,
                                    -0.44
                                  ],
                                  [
                                    -2.771,
                                    0.197
                                  ],
                                  [
                                    -2.193,
                                    0.803
                                  ]
                                ],
                                "o": [
                                  [
                                    -2.173,
                                    -0.895
                                  ],
                                  [
                                    -2.771,
                                    -0.197
                                  ],
                                  [
                                    -2.528,
                                    0.44
                                  ],
                                  [
                                    -2.193,
                                    0.803
                                  ]
                                ],
                                "v": [
                                  [
                                    -2.173,
                                    -0.895
                                  ],
                                  [
                                    -2.528,
                                    -0.44
                                  ],
                                  [
                                    -2.528,
                                    0.44
                                  ],
                                  [
                                    -2.193,
                                    0.803
                                  ]
                                ],
                                "c": false
                              }
                            ]
                          },
                          {
                            "t": 55,
                            "s": [
                              {
                                "i": [
                                  [
                                    2.71,
                                    -5.678
                                  ],
                                  [
                                    -2.528,
                                    -0.44
                                  ],
                                  [
                                    -2.771,
                                    0.197
                                  ],
                                  [
                                    2.71,
                                    5.678
                                  ]
                                ],
                                "o": [
                                  [
                                    2.71,
                                    -5.678
                                  ],
                                  [
                                    -2.771,
                                    -0.197
                                  ],
                                  [
                                    -2.528,
                                    0.44
                                  ],
                                  [
                                    2.71,
                                    5.678
                                  ]
                                ],
                                "v": [
                                  [
                                    2.71,
                                    -5.678
                                  ],
                                  [
                                    -2.528,
                                    -0.44
                                  ],
                                  [
                                    -2.528,
                                    0.44
                                  ],
                                  [
                                    2.71,
                                    5.678
                                  ]
                                ],
                                "c": false
                              }
                            ]
                          }
                        ],
                        "ix": 2
                      },
                      "nm": "Path 1",
                      "mn": "ADBE Vector Shape - Group",
                      "hd": false,
                      "_render": true
                    },
                    {
                      "ty": "st",
                      "c": {
                        "a": 0,
                        "k": [
                          0,
                          0,
                          0,
                          1
                        ],
                        "ix": 3
                      },
                      "o": {
                        "a": 0,
                        "k": 100,
                        "ix": 4
                      },
                      "w": {
                        "a": 0,
                        "k": 3.8,
                        "ix": 5
                      },
                      "lc": 2,
                      "lj": 1,
                      "ml": 10,
                      "bm": 0,
                      "nm": "Stroke 1",
                      "mn": "ADBE Vector Graphic - Stroke",
                      "hd": false,
                      "_render": true
                    },
                    {
                      "ty": "tr",
                      "p": {
                        "a": 0,
                        "k": [
                          544.622,
                          521.303
                        ],
                        "ix": 2
                      },
                      "a": {
                        "a": 0,
                        "k": [
                          0,
                          0
                        ],
                        "ix": 1
                      },
                      "s": {
                        "a": 0,
                        "k": [
                          100,
                          100
                        ],
                        "ix": 3
                      },
                      "r": {
                        "a": 0,
                        "k": 0,
                        "ix": 6
                      },
                      "o": {
                        "a": 0,
                        "k": 100,
                        "ix": 7
                      },
                      "sk": {
                        "a": 0,
                        "k": 0,
                        "ix": 4
                      },
                      "sa": {
                        "a": 0,
                        "k": 0,
                        "ix": 5
                      },
                      "nm": "Transform",
                      "_render": true
                    }
                  ],
                  "nm": "Group 2",
                  "np": 2,
                  "cix": 2,
                  "bm": 0,
                  "ix": 1,
                  "mn": "ADBE Vector Group",
                  "hd": false,
                  "_render": true
                },
                {
                  "ty": "tr",
                  "p": {
                    "a": 0,
                    "k": [
                      544.622,
                      521.303
                    ],
                    "ix": 2
                  },
                  "a": {
                    "a": 0,
                    "k": [
                      544.622,
                      521.303
                    ],
                    "ix": 1
                  },
                  "s": {
                    "a": 0,
                    "k": [
                      100,
                      100
                    ],
                    "ix": 3
                  },
                  "r": {
                    "a": 0,
                    "k": 0,
                    "ix": 6
                  },
                  "o": {
                    "a": 0,
                    "k": 100,
                    "ix": 7
                  },
                  "sk": {
                    "a": 0,
                    "k": 0,
                    "ix": 4
                  },
                  "sa": {
                    "a": 0,
                    "k": 0,
                    "ix": 5
                  },
                  "nm": "Transform",
                  "_render": true
                }
              ],
              "nm": "Group 2",
              "np": 1,
              "cix": 2,
              "bm": 0,
              "ix": 1,
              "mn": "ADBE Vector Group",
              "hd": false,
              "_render": true
            },
            {
              "ty": "tr",
              "p": {
                "a": 0,
                "k": [
                  544.622,
                  521.303
                ],
                "ix": 2
              },
              "a": {
                "a": 0,
                "k": [
                  544.622,
                  521.303
                ],
                "ix": 1
              },
              "s": {
                "a": 0,
                "k": [
                  100,
                  100
                ],
                "ix": 3
              },
              "r": {
                "a": 0,
                "k": 0,
                "ix": 6
              },
              "o": {
                "a": 0,
                "k": 100,
                "ix": 7
              },
              "sk": {
                "a": 0,
                "k": 0,
                "ix": 4
              },
              "sa": {
                "a": 0,
                "k": 0,
                "ix": 5
              },
              "nm": "Transform",
              "_render": true
            }
          ],
          "nm": "Group 2",
          "np": 1,
          "cix": 2,
          "bm": 0,
          "ix": 1,
          "mn": "ADBE Vector Group",
          "hd": false,
          "_render": true
        }
      ],
      "ip": 34,
      "op": 144,
      "st": 24,
      "ct": 1,
      "bm": 0,
      "completed": true
    },
    {
      "ddd": 0,
      "ind": 5,
      "ty": 4,
      "nm": "Shape Layer 4",
      "parent": 3,
      "sr": 1,
      "ks": {
        "o": {
          "a": 0,
          "k": 100,
          "ix": 11
        },
        "r": {
          "a": 0,
          "k": 0,
          "ix": 10
        },
        "p": {
          "a": 0,
          "k": [
            -36.798,
            134.136,
            0
          ],
          "ix": 2,
          "l": 2
        },
        "a": {
          "a": 0,
          "k": [
            0,
            0,
            0
          ],
          "ix": 1,
          "l": 2
        },
        "s": {
          "a": 0,
          "k": [
            100,
            100,
            100
          ],
          "ix": 6,
          "l": 2
        }
      },
      "ao": 0,
      "shapes": [
        {
          "ty": "gr",
          "it": [
            {
              "ind": 0,
              "ty": "sh",
              "ix": 1,
              "ks": {
                "a": 0,
                "k": {
                  "i": [
                    [
                      28,
                      -169
                    ],
                    [
                      171,
                      -169
                    ],
                    [
                      171,
                      -51
                    ]
                  ],
                  "o": [
                    [
                      28,
                      -169
                    ],
                    [
                      171,
                      -169
                    ],
                    [
                      171,
                      -51
                    ]
                  ],
                  "v": [
                    [
                      28,
                      -169
                    ],
                    [
                      171,
                      -169
                    ],
                    [
                      171,
                      -51
                    ]
                  ],
                  "c": false
                },
                "ix": 2
              },
              "nm": "Path 1",
              "mn": "ADBE Vector Shape - Group",
              "hd": false,
              "_render": true
            },
            {
              "ty": "st",
              "c": {
                "a": 0,
                "k": [
                  0,
                  0,
                  0,
                  1
                ],
                "ix": 3
              },
              "o": {
                "a": 0,
                "k": 100,
                "ix": 4
              },
              "w": {
                "a": 0,
                "k": 35,
                "ix": 5
              },
              "lc": 2,
              "lj": 2,
              "bm": 0,
              "nm": "Stroke 1",
              "mn": "ADBE Vector Graphic - Stroke",
              "hd": false,
              "_render": true
            },
            {
              "ty": "tr",
              "p": {
                "a": 0,
                "k": [
                  0,
                  0
                ],
                "ix": 2
              },
              "a": {
                "a": 0,
                "k": [
                  0,
                  0
                ],
                "ix": 1
              },
              "s": {
                "a": 0,
                "k": [
                  100,
                  100
                ],
                "ix": 3
              },
              "r": {
                "a": 0,
                "k": 0,
                "ix": 6
              },
              "o": {
                "a": 0,
                "k": 100,
                "ix": 7
              },
              "sk": {
                "a": 0,
                "k": 0,
                "ix": 4
              },
              "sa": {
                "a": 0,
                "k": 0,
                "ix": 5
              },
              "nm": "Transform",
              "_render": true
            }
          ],
          "nm": "Shape 1",
          "np": 2,
          "cix": 2,
          "bm": 0,
          "ix": 1,
          "mn": "ADBE Vector Group",
          "hd": false,
          "_render": true
        },
        {
          "ty": "tm",
          "s": {
            "a": 1,
            "k": [
              {
                "i": {
                  "x": [
                    0.667
                  ],
                  "y": [
                    1
                  ]
                },
                "o": {
                  "x": [
                    0.333
                  ],
                  "y": [
                    0
                  ]
                },
                "t": 55,
                "s": [
                  100
                ]
              },
              {
                "t": 75,
                "s": [
                  0
                ]
              }
            ],
            "ix": 1
          },
          "e": {
            "a": 0,
            "k": 100,
            "ix": 2
          },
          "o": {
            "a": 0,
            "k": 0,
            "ix": 3
          },
          "m": 1,
          "ix": 2,
          "nm": "Trim Paths 2",
          "mn": "ADBE Vector Filter - Trim",
          "hd": false,
          "_render": true
        }
      ],
      "ip": 8,
      "op": 139,
      "st": 19,
      "ct": 1,
      "bm": 0,
      "completed": true
    },
    {
      "ddd": 0,
      "ind": 6,
      "ty": 4,
      "nm": "Group 6",
      "parent": 3,
      "sr": 1,
      "ks": {
        "o": {
          "a": 0,
          "k": 100,
          "ix": 11
        },
        "r": {
          "a": 0,
          "k": 0,
          "ix": 10
        },
        "p": {
          "a": 0,
          "k": [
            4.798,
            -34.136,
            0
          ],
          "ix": 2,
          "l": 2
        },
        "a": {
          "a": 0,
          "k": [
            544.622,
            521.303,
            0
          ],
          "ix": 1,
          "l": 2
        },
        "s": {
          "a": 0,
          "k": [
            900,
            900,
            100
          ],
          "ix": 6,
          "l": 2
        }
      },
      "ao": 0,
      "shapes": [
        {
          "ty": "gr",
          "it": [
            {
              "ty": "gr",
              "it": [
                {
                  "ty": "gr",
                  "it": [
                    {
                      "ind": 0,
                      "ty": "sh",
                      "ix": 1,
                      "ks": {
                        "a": 1,
                        "k": [
                          {
                            "i": {
                              "x": 0.833,
                              "y": 0.833
                            },
                            "o": {
                              "x": 0.167,
                              "y": 0.167
                            },
                            "t": 35,
                            "s": [
                              {
                                "i": [
                                  [
                                    2.71,
                                    -5.678
                                  ],
                                  [
                                    -2.528,
                                    -0.44
                                  ],
                                  [
                                    -2.771,
                                    0.197
                                  ],
                                  [
                                    2.71,
                                    5.678
                                  ]
                                ],
                                "o": [
                                  [
                                    2.71,
                                    -5.678
                                  ],
                                  [
                                    -2.771,
                                    -0.197
                                  ],
                                  [
                                    -2.528,
                                    0.44
                                  ],
                                  [
                                    2.71,
                                    5.678
                                  ]
                                ],
                                "v": [
                                  [
                                    2.71,
                                    -5.678
                                  ],
                                  [
                                    -2.528,
                                    -0.44
                                  ],
                                  [
                                    -2.528,
                                    0.44
                                  ],
                                  [
                                    2.71,
                                    5.678
                                  ]
                                ],
                                "c": false
                              }
                            ]
                          },
                          {
                            "t": 45,
                            "s": [
                              {
                                "i": [
                                  [
                                    -2.345,
                                    -0.567
                                  ],
                                  [
                                    -2.528,
                                    -0.44
                                  ],
                                  [
                                    -2.771,
                                    0.197
                                  ],
                                  [
                                    -2.44,
                                    0.495
                                  ]
                                ],
                                "o": [
                                  [
                                    -2.345,
                                    -0.567
                                  ],
                                  [
                                    -2.771,
                                    -0.197
                                  ],
                                  [
                                    -2.528,
                                    0.44
                                  ],
                                  [
                                    -2.44,
                                    0.495
                                  ]
                                ],
                                "v": [
                                  [
                                    -2.345,
                                    -0.567
                                  ],
                                  [
                                    -2.528,
                                    -0.44
                                  ],
                                  [
                                    -2.528,
                                    0.44
                                  ],
                                  [
                                    -2.44,
                                    0.495
                                  ]
                                ],
                                "c": false
                              }
                            ]
                          }
                        ],
                        "ix": 2
                      },
                      "nm": "Path 1",
                      "mn": "ADBE Vector Shape - Group",
                      "hd": false,
                      "_render": true
                    },
                    {
                      "ty": "st",
                      "c": {
                        "a": 0,
                        "k": [
                          0,
                          0,
                          0,
                          1
                        ],
                        "ix": 3
                      },
                      "o": {
                        "a": 0,
                        "k": 100,
                        "ix": 4
                      },
                      "w": {
                        "a": 0,
                        "k": 3.8,
                        "ix": 5
                      },
                      "lc": 2,
                      "lj": 1,
                      "ml": 10,
                      "bm": 0,
                      "nm": "Stroke 1",
                      "mn": "ADBE Vector Graphic - Stroke",
                      "hd": false,
                      "_render": true
                    },
                    {
                      "ty": "tr",
                      "p": {
                        "a": 0,
                        "k": [
                          544.622,
                          521.303
                        ],
                        "ix": 2
                      },
                      "a": {
                        "a": 0,
                        "k": [
                          0,
                          0
                        ],
                        "ix": 1
                      },
                      "s": {
                        "a": 0,
                        "k": [
                          100,
                          100
                        ],
                        "ix": 3
                      },
                      "r": {
                        "a": 0,
                        "k": 0,
                        "ix": 6
                      },
                      "o": {
                        "a": 0,
                        "k": 100,
                        "ix": 7
                      },
                      "sk": {
                        "a": 0,
                        "k": 0,
                        "ix": 4
                      },
                      "sa": {
                        "a": 0,
                        "k": 0,
                        "ix": 5
                      },
                      "nm": "Transform",
                      "_render": true
                    }
                  ],
                  "nm": "Group 2",
                  "np": 2,
                  "cix": 2,
                  "bm": 0,
                  "ix": 1,
                  "mn": "ADBE Vector Group",
                  "hd": false,
                  "_render": true
                },
                {
                  "ty": "tr",
                  "p": {
                    "a": 0,
                    "k": [
                      544.622,
                      521.303
                    ],
                    "ix": 2
                  },
                  "a": {
                    "a": 0,
                    "k": [
                      544.622,
                      521.303
                    ],
                    "ix": 1
                  },
                  "s": {
                    "a": 0,
                    "k": [
                      100,
                      100
                    ],
                    "ix": 3
                  },
                  "r": {
                    "a": 0,
                    "k": 0,
                    "ix": 6
                  },
                  "o": {
                    "a": 0,
                    "k": 100,
                    "ix": 7
                  },
                  "sk": {
                    "a": 0,
                    "k": 0,
                    "ix": 4
                  },
                  "sa": {
                    "a": 0,
                    "k": 0,
                    "ix": 5
                  },
                  "nm": "Transform",
                  "_render": true
                }
              ],
              "nm": "Group 2",
              "np": 1,
              "cix": 2,
              "bm": 0,
              "ix": 1,
              "mn": "ADBE Vector Group",
              "hd": false,
              "_render": true
            },
            {
              "ty": "tr",
              "p": {
                "a": 0,
                "k": [
                  544.622,
                  521.303
                ],
                "ix": 2
              },
              "a": {
                "a": 0,
                "k": [
                  544.622,
                  521.303
                ],
                "ix": 1
              },
              "s": {
                "a": 0,
                "k": [
                  100,
                  100
                ],
                "ix": 3
              },
              "r": {
                "a": 0,
                "k": 0,
                "ix": 6
              },
              "o": {
                "a": 0,
                "k": 100,
                "ix": 7
              },
              "sk": {
                "a": 0,
                "k": 0,
                "ix": 4
              },
              "sa": {
                "a": 0,
                "k": 0,
                "ix": 5
              },
              "nm": "Transform",
              "_render": true
            }
          ],
          "nm": "Group 2",
          "np": 1,
          "cix": 2,
          "bm": 0,
          "ix": 1,
          "mn": "ADBE Vector Group",
          "hd": false,
          "_render": true
        }
      ],
      "ip": 0,
      "op": 46,
      "st": 19,
      "ct": 1,
      "bm": 0,
      "completed": true
    },
    {
      "ddd": 0,
      "ind": 7,
      "ty": 4,
      "nm": "Shape Layer 3",
      "parent": 3,
      "sr": 1,
      "ks": {
        "o": {
          "a": 0,
          "k": 100,
          "ix": 11
        },
        "r": {
          "a": 0,
          "k": 0,
          "ix": 10
        },
        "p": {
          "a": 0,
          "k": [
            -36.798,
            134.136,
            0
          ],
          "ix": 2,
          "l": 2
        },
        "a": {
          "a": 0,
          "k": [
            0,
            0,
            0
          ],
          "ix": 1,
          "l": 2
        },
        "s": {
          "a": 0,
          "k": [
            100,
            100,
            100
          ],
          "ix": 6,
          "l": 2
        }
      },
      "ao": 0,
      "shapes": [
        {
          "ty": "gr",
          "it": [
            {
              "ind": 0,
              "ty": "sh",
              "ix": 1,
              "ks": {
                "a": 0,
                "k": {
                  "i": [
                    [
                      28,
                      -169
                    ],
                    [
                      171,
                      -169
                    ],
                    [
                      171,
                      -51
                    ]
                  ],
                  "o": [
                    [
                      28,
                      -169
                    ],
                    [
                      171,
                      -169
                    ],
                    [
                      171,
                      -51
                    ]
                  ],
                  "v": [
                    [
                      28,
                      -169
                    ],
                    [
                      171,
                      -169
                    ],
                    [
                      171,
                      -51
                    ]
                  ],
                  "c": false
                },
                "ix": 2
              },
              "nm": "Path 1",
              "mn": "ADBE Vector Shape - Group",
              "hd": false,
              "_render": true
            },
            {
              "ty": "st",
              "c": {
                "a": 0,
                "k": [
                  0,
                  0,
                  0,
                  1
                ],
                "ix": 3
              },
              "o": {
                "a": 0,
                "k": 100,
                "ix": 4
              },
              "w": {
                "a": 0,
                "k": 35,
                "ix": 5
              },
              "lc": 2,
              "lj": 2,
              "bm": 0,
              "nm": "Stroke 1",
              "mn": "ADBE Vector Graphic - Stroke",
              "hd": false,
              "_render": true
            },
            {
              "ty": "tr",
              "p": {
                "a": 0,
                "k": [
                  0,
                  0
                ],
                "ix": 2
              },
              "a": {
                "a": 0,
                "k": [
                  0,
                  0
                ],
                "ix": 1
              },
              "s": {
                "a": 0,
                "k": [
                  100,
                  100
                ],
                "ix": 3
              },
              "r": {
                "a": 0,
                "k": 0,
                "ix": 6
              },
              "o": {
                "a": 0,
                "k": 100,
                "ix": 7
              },
              "sk": {
                "a": 0,
                "k": 0,
                "ix": 4
              },
              "sa": {
                "a": 0,
                "k": 0,
                "ix": 5
              },
              "nm": "Transform",
              "_render": true
            }
          ],
          "nm": "Shape 1",
          "np": 2,
          "cix": 2,
          "bm": 0,
          "ix": 1,
          "mn": "ADBE Vector Group",
          "hd": false,
          "_render": true
        },
        {
          "ty": "tm",
          "s": {
            "a": 0,
            "k": 0,
            "ix": 1
          },
          "e": {
            "a": 1,
            "k": [
              {
                "i": {
                  "x": [
                    0.833
                  ],
                  "y": [
                    0.833
                  ]
                },
                "o": {
                  "x": [
                    0.167
                  ],
                  "y": [
                    0.167
                  ]
                },
                "t": 19,
                "s": [
                  100
                ]
              },
              {
                "t": 39,
                "s": [
                  0
                ]
              }
            ],
            "ix": 2
          },
          "o": {
            "a": 0,
            "k": 0,
            "ix": 3
          },
          "m": 1,
          "ix": 2,
          "nm": "Trim Paths 1",
          "mn": "ADBE Vector Filter - Trim",
          "hd": false,
          "_render": true
        }
      ],
      "ip": 0,
      "op": 139,
      "st": 19,
      "ct": 1,
      "bm": 0,
      "completed": true
    },
    {
      "ddd": 0,
      "ind": 8,
      "ty": 4,
      "nm": "Group 5",
      "sr": 1,
      "ks": {
        "o": {
          "a": 0,
          "k": 100,
          "ix": 11
        },
        "r": {
          "a": 1,
          "k": [
            {
              "i": {
                "x": [
                  0.833
                ],
                "y": [
                  0.833
                ]
              },
              "o": {
                "x": [
                  0.167
                ],
                "y": [
                  0.167
                ]
              },
              "t": 45,
              "s": [
                90
              ]
            },
            {
              "t": 46,
              "s": [
                0
              ]
            }
          ],
          "ix": 10
        },
        "p": {
          "a": 1,
          "k": [
            {
              "i": {
                "x": 0.833,
                "y": 0.833
              },
              "o": {
                "x": 0.333,
                "y": 0
              },
              "t": 36,
              "s": [
                548.596,
                331.727,
                0
              ],
              "to": null,
              "ti": null
            },
            {
              "i": {
                "x": 0.667,
                "y": 1
              },
              "o": {
                "x": 0.167,
                "y": 0.167
              },
              "t": 46,
              "s": [
                548.596,
                206.727,
                0
              ],
              "to": null,
              "ti": null
            },
            {
              "t": 56,
              "s": [
                416.596,
                206.727,
                0
              ]
            }
          ],
          "ix": 2,
          "l": 2
        },
        "a": {
          "a": 0,
          "k": [
            544.622,
            521.303,
            0
          ],
          "ix": 1,
          "l": 2
        },
        "s": {
          "a": 0,
          "k": [
            900,
            900,
            100
          ],
          "ix": 6,
          "l": 2
        }
      },
      "ao": 0,
      "shapes": [
        {
          "ty": "gr",
          "it": [
            {
              "ty": "gr",
              "it": [
                {
                  "ty": "gr",
                  "it": [
                    {
                      "ind": 0,
                      "ty": "sh",
                      "ix": 1,
                      "ks": {
                        "a": 1,
                        "k": [
                          {
                            "i": {
                              "x": 0.833,
                              "y": 0.833
                            },
                            "o": {
                              "x": 0.167,
                              "y": 0.167
                            },
                            "t": 26,
                            "s": [
                              {
                                "i": [
                                  [
                                    -2.173,
                                    -0.895
                                  ],
                                  [
                                    -2.528,
                                    -0.44
                                  ],
                                  [
                                    -2.771,
                                    0.197
                                  ],
                                  [
                                    -2.193,
                                    0.803
                                  ]
                                ],
                                "o": [
                                  [
                                    -2.173,
                                    -0.895
                                  ],
                                  [
                                    -2.771,
                                    -0.197
                                  ],
                                  [
                                    -2.528,
                                    0.44
                                  ],
                                  [
                                    -2.193,
                                    0.803
                                  ]
                                ],
                                "v": [
                                  [
                                    -2.173,
                                    -0.895
                                  ],
                                  [
                                    -2.528,
                                    -0.44
                                  ],
                                  [
                                    -2.528,
                                    0.44
                                  ],
                                  [
                                    -2.193,
                                    0.803
                                  ]
                                ],
                                "c": false
                              }
                            ]
                          },
                          {
                            "t": 36,
                            "s": [
                              {
                                "i": [
                                  [
                                    2.71,
                                    -5.678
                                  ],
                                  [
                                    -2.528,
                                    -0.44
                                  ],
                                  [
                                    -2.771,
                                    0.197
                                  ],
                                  [
                                    2.71,
                                    5.678
                                  ]
                                ],
                                "o": [
                                  [
                                    2.71,
                                    -5.678
                                  ],
                                  [
                                    -2.771,
                                    -0.197
                                  ],
                                  [
                                    -2.528,
                                    0.44
                                  ],
                                  [
                                    2.71,
                                    5.678
                                  ]
                                ],
                                "v": [
                                  [
                                    2.71,
                                    -5.678
                                  ],
                                  [
                                    -2.528,
                                    -0.44
                                  ],
                                  [
                                    -2.528,
                                    0.44
                                  ],
                                  [
                                    2.71,
                                    5.678
                                  ]
                                ],
                                "c": false
                              }
                            ]
                          }
                        ],
                        "ix": 2
                      },
                      "nm": "Path 1",
                      "mn": "ADBE Vector Shape - Group",
                      "hd": false,
                      "_render": true
                    },
                    {
                      "ty": "st",
                      "c": {
                        "a": 0,
                        "k": [
                          0,
                          0,
                          0,
                          1
                        ],
                        "ix": 3
                      },
                      "o": {
                        "a": 0,
                        "k": 100,
                        "ix": 4
                      },
                      "w": {
                        "a": 0,
                        "k": 3.8,
                        "ix": 5
                      },
                      "lc": 2,
                      "lj": 1,
                      "ml": 10,
                      "bm": 0,
                      "nm": "Stroke 1",
                      "mn": "ADBE Vector Graphic - Stroke",
                      "hd": false,
                      "_render": true
                    },
                    {
                      "ty": "tr",
                      "p": {
                        "a": 0,
                        "k": [
                          544.622,
                          521.303
                        ],
                        "ix": 2
                      },
                      "a": {
                        "a": 0,
                        "k": [
                          0,
                          0
                        ],
                        "ix": 1
                      },
                      "s": {
                        "a": 0,
                        "k": [
                          100,
                          100
                        ],
                        "ix": 3
                      },
                      "r": {
                        "a": 0,
                        "k": 0,
                        "ix": 6
                      },
                      "o": {
                        "a": 0,
                        "k": 100,
                        "ix": 7
                      },
                      "sk": {
                        "a": 0,
                        "k": 0,
                        "ix": 4
                      },
                      "sa": {
                        "a": 0,
                        "k": 0,
                        "ix": 5
                      },
                      "nm": "Transform",
                      "_render": true
                    }
                  ],
                  "nm": "Group 2",
                  "np": 2,
                  "cix": 2,
                  "bm": 0,
                  "ix": 1,
                  "mn": "ADBE Vector Group",
                  "hd": false,
                  "_render": true
                },
                {
                  "ty": "tr",
                  "p": {
                    "a": 0,
                    "k": [
                      544.622,
                      521.303
                    ],
                    "ix": 2
                  },
                  "a": {
                    "a": 0,
                    "k": [
                      544.622,
                      521.303
                    ],
                    "ix": 1
                  },
                  "s": {
                    "a": 0,
                    "k": [
                      100,
                      100
                    ],
                    "ix": 3
                  },
                  "r": {
                    "a": 0,
                    "k": 0,
                    "ix": 6
                  },
                  "o": {
                    "a": 0,
                    "k": 100,
                    "ix": 7
                  },
                  "sk": {
                    "a": 0,
                    "k": 0,
                    "ix": 4
                  },
                  "sa": {
                    "a": 0,
                    "k": 0,
                    "ix": 5
                  },
                  "nm": "Transform",
                  "_render": true
                }
              ],
              "nm": "Group 2",
              "np": 1,
              "cix": 2,
              "bm": 0,
              "ix": 1,
              "mn": "ADBE Vector Group",
              "hd": false,
              "_render": true
            },
            {
              "ty": "tr",
              "p": {
                "a": 0,
                "k": [
                  544.622,
                  521.303
                ],
                "ix": 2
              },
              "a": {
                "a": 0,
                "k": [
                  544.622,
                  521.303
                ],
                "ix": 1
              },
              "s": {
                "a": 0,
                "k": [
                  100,
                  100
                ],
                "ix": 3
              },
              "r": {
                "a": 0,
                "k": 0,
                "ix": 6
              },
              "o": {
                "a": 0,
                "k": 100,
                "ix": 7
              },
              "sk": {
                "a": 0,
                "k": 0,
                "ix": 4
              },
              "sa": {
                "a": 0,
                "k": 0,
                "ix": 5
              },
              "nm": "Transform",
              "_render": true
            }
          ],
          "nm": "Group 2",
          "np": 1,
          "cix": 2,
          "bm": 0,
          "ix": 1,
          "mn": "ADBE Vector Group",
          "hd": false,
          "_render": true
        }
      ],
      "ip": 26,
      "op": 125,
      "st": 5,
      "ct": 1,
      "bm": 0,
      "completed": true
    },
    {
      "ddd": 0,
      "ind": 9,
      "ty": 4,
      "nm": "Shape Layer 2",
      "sr": 1,
      "ks": {
        "o": {
          "a": 0,
          "k": 100,
          "ix": 11
        },
        "r": {
          "a": 0,
          "k": 0,
          "ix": 10
        },
        "p": {
          "a": 0,
          "k": [
            375,
            375,
            0
          ],
          "ix": 2,
          "l": 2
        },
        "a": {
          "a": 0,
          "k": [
            0,
            0,
            0
          ],
          "ix": 1,
          "l": 2
        },
        "s": {
          "a": 0,
          "k": [
            100,
            100,
            100
          ],
          "ix": 6,
          "l": 2
        }
      },
      "ao": 0,
      "shapes": [
        {
          "ty": "gr",
          "it": [
            {
              "ind": 0,
              "ty": "sh",
              "ix": 1,
              "ks": {
                "a": 0,
                "k": {
                  "i": [
                    [
                      28,
                      -169
                    ],
                    [
                      171,
                      -169
                    ],
                    [
                      171,
                      -51
                    ]
                  ],
                  "o": [
                    [
                      28,
                      -169
                    ],
                    [
                      171,
                      -169
                    ],
                    [
                      171,
                      -51
                    ]
                  ],
                  "v": [
                    [
                      28,
                      -169
                    ],
                    [
                      171,
                      -169
                    ],
                    [
                      171,
                      -51
                    ]
                  ],
                  "c": false
                },
                "ix": 2
              },
              "nm": "Path 1",
              "mn": "ADBE Vector Shape - Group",
              "hd": false,
              "_render": true
            },
            {
              "ty": "st",
              "c": {
                "a": 0,
                "k": [
                  0,
                  0,
                  0,
                  1
                ],
                "ix": 3
              },
              "o": {
                "a": 0,
                "k": 100,
                "ix": 4
              },
              "w": {
                "a": 0,
                "k": 35,
                "ix": 5
              },
              "lc": 2,
              "lj": 2,
              "bm": 0,
              "nm": "Stroke 1",
              "mn": "ADBE Vector Graphic - Stroke",
              "hd": false,
              "_render": true
            },
            {
              "ty": "tr",
              "p": {
                "a": 0,
                "k": [
                  0,
                  0
                ],
                "ix": 2
              },
              "a": {
                "a": 0,
                "k": [
                  0,
                  0
                ],
                "ix": 1
              },
              "s": {
                "a": 0,
                "k": [
                  100,
                  100
                ],
                "ix": 3
              },
              "r": {
                "a": 0,
                "k": 0,
                "ix": 6
              },
              "o": {
                "a": 0,
                "k": 100,
                "ix": 7
              },
              "sk": {
                "a": 0,
                "k": 0,
                "ix": 4
              },
              "sa": {
                "a": 0,
                "k": 0,
                "ix": 5
              },
              "nm": "Transform",
              "_render": true
            }
          ],
          "nm": "Shape 1",
          "np": 2,
          "cix": 2,
          "bm": 0,
          "ix": 1,
          "mn": "ADBE Vector Group",
          "hd": false,
          "_render": true
        },
        {
          "ty": "tm",
          "s": {
            "a": 1,
            "k": [
              {
                "i": {
                  "x": [
                    0.667
                  ],
                  "y": [
                    1
                  ]
                },
                "o": {
                  "x": [
                    0.333
                  ],
                  "y": [
                    0
                  ]
                },
                "t": 36,
                "s": [
                  100
                ]
              },
              {
                "t": 56,
                "s": [
                  0
                ]
              }
            ],
            "ix": 1
          },
          "e": {
            "a": 0,
            "k": 100,
            "ix": 2
          },
          "o": {
            "a": 0,
            "k": 0,
            "ix": 3
          },
          "m": 1,
          "ix": 2,
          "nm": "Trim Paths 2",
          "mn": "ADBE Vector Filter - Trim",
          "hd": false,
          "_render": true
        }
      ],
      "ip": 0,
      "op": 120,
      "st": 0,
      "ct": 1,
      "bm": 0,
      "completed": true
    },
    {
      "ddd": 0,
      "ind": 10,
      "ty": 4,
      "nm": "Group 2",
      "sr": 1,
      "ks": {
        "o": {
          "a": 0,
          "k": 100,
          "ix": 11
        },
        "r": {
          "a": 0,
          "k": 0,
          "ix": 10
        },
        "p": {
          "a": 0,
          "k": [
            416.596,
            206.727,
            0
          ],
          "ix": 2,
          "l": 2
        },
        "a": {
          "a": 0,
          "k": [
            544.622,
            521.303,
            0
          ],
          "ix": 1,
          "l": 2
        },
        "s": {
          "a": 0,
          "k": [
            900,
            900,
            100
          ],
          "ix": 6,
          "l": 2
        }
      },
      "ao": 0,
      "shapes": [
        {
          "ty": "gr",
          "it": [
            {
              "ty": "gr",
              "it": [
                {
                  "ty": "gr",
                  "it": [
                    {
                      "ind": 0,
                      "ty": "sh",
                      "ix": 1,
                      "ks": {
                        "a": 1,
                        "k": [
                          {
                            "i": {
                              "x": 0.833,
                              "y": 0.833
                            },
                            "o": {
                              "x": 0.167,
                              "y": 0.167
                            },
                            "t": 16,
                            "s": [
                              {
                                "i": [
                                  [
                                    2.71,
                                    -5.678
                                  ],
                                  [
                                    -2.528,
                                    -0.44
                                  ],
                                  [
                                    -2.771,
                                    0.197
                                  ],
                                  [
                                    2.71,
                                    5.678
                                  ]
                                ],
                                "o": [
                                  [
                                    2.71,
                                    -5.678
                                  ],
                                  [
                                    -2.771,
                                    -0.197
                                  ],
                                  [
                                    -2.528,
                                    0.44
                                  ],
                                  [
                                    2.71,
                                    5.678
                                  ]
                                ],
                                "v": [
                                  [
                                    2.71,
                                    -5.678
                                  ],
                                  [
                                    -2.528,
                                    -0.44
                                  ],
                                  [
                                    -2.528,
                                    0.44
                                  ],
                                  [
                                    2.71,
                                    5.678
                                  ]
                                ],
                                "c": false
                              }
                            ]
                          },
                          {
                            "t": 26,
                            "s": [
                              {
                                "i": [
                                  [
                                    -2.345,
                                    -0.567
                                  ],
                                  [
                                    -2.528,
                                    -0.44
                                  ],
                                  [
                                    -2.771,
                                    0.197
                                  ],
                                  [
                                    -2.44,
                                    0.495
                                  ]
                                ],
                                "o": [
                                  [
                                    -2.345,
                                    -0.567
                                  ],
                                  [
                                    -2.771,
                                    -0.197
                                  ],
                                  [
                                    -2.528,
                                    0.44
                                  ],
                                  [
                                    -2.44,
                                    0.495
                                  ]
                                ],
                                "v": [
                                  [
                                    -2.345,
                                    -0.567
                                  ],
                                  [
                                    -2.528,
                                    -0.44
                                  ],
                                  [
                                    -2.528,
                                    0.44
                                  ],
                                  [
                                    -2.44,
                                    0.495
                                  ]
                                ],
                                "c": false
                              }
                            ]
                          }
                        ],
                        "ix": 2
                      },
                      "nm": "Path 1",
                      "mn": "ADBE Vector Shape - Group",
                      "hd": false,
                      "_render": true
                    },
                    {
                      "ty": "st",
                      "c": {
                        "a": 0,
                        "k": [
                          0,
                          0,
                          0,
                          1
                        ],
                        "ix": 3
                      },
                      "o": {
                        "a": 0,
                        "k": 100,
                        "ix": 4
                      },
                      "w": {
                        "a": 0,
                        "k": 3.8,
                        "ix": 5
                      },
                      "lc": 2,
                      "lj": 1,
                      "ml": 10,
                      "bm": 0,
                      "nm": "Stroke 1",
                      "mn": "ADBE Vector Graphic - Stroke",
                      "hd": false,
                      "_render": true
                    },
                    {
                      "ty": "tr",
                      "p": {
                        "a": 0,
                        "k": [
                          544.622,
                          521.303
                        ],
                        "ix": 2
                      },
                      "a": {
                        "a": 0,
                        "k": [
                          0,
                          0
                        ],
                        "ix": 1
                      },
                      "s": {
                        "a": 0,
                        "k": [
                          100,
                          100
                        ],
                        "ix": 3
                      },
                      "r": {
                        "a": 0,
                        "k": 0,
                        "ix": 6
                      },
                      "o": {
                        "a": 0,
                        "k": 100,
                        "ix": 7
                      },
                      "sk": {
                        "a": 0,
                        "k": 0,
                        "ix": 4
                      },
                      "sa": {
                        "a": 0,
                        "k": 0,
                        "ix": 5
                      },
                      "nm": "Transform",
                      "_render": true
                    }
                  ],
                  "nm": "Group 2",
                  "np": 2,
                  "cix": 2,
                  "bm": 0,
                  "ix": 1,
                  "mn": "ADBE Vector Group",
                  "hd": false,
                  "_render": true
                },
                {
                  "ty": "tr",
                  "p": {
                    "a": 0,
                    "k": [
                      544.622,
                      521.303
                    ],
                    "ix": 2
                  },
                  "a": {
                    "a": 0,
                    "k": [
                      544.622,
                      521.303
                    ],
                    "ix": 1
                  },
                  "s": {
                    "a": 0,
                    "k": [
                      100,
                      100
                    ],
                    "ix": 3
                  },
                  "r": {
                    "a": 0,
                    "k": 0,
                    "ix": 6
                  },
                  "o": {
                    "a": 0,
                    "k": 100,
                    "ix": 7
                  },
                  "sk": {
                    "a": 0,
                    "k": 0,
                    "ix": 4
                  },
                  "sa": {
                    "a": 0,
                    "k": 0,
                    "ix": 5
                  },
                  "nm": "Transform",
                  "_render": true
                }
              ],
              "nm": "Group 2",
              "np": 1,
              "cix": 2,
              "bm": 0,
              "ix": 1,
              "mn": "ADBE Vector Group",
              "hd": false,
              "_render": true
            },
            {
              "ty": "tr",
              "p": {
                "a": 0,
                "k": [
                  544.622,
                  521.303
                ],
                "ix": 2
              },
              "a": {
                "a": 0,
                "k": [
                  544.622,
                  521.303
                ],
                "ix": 1
              },
              "s": {
                "a": 0,
                "k": [
                  100,
                  100
                ],
                "ix": 3
              },
              "r": {
                "a": 0,
                "k": 0,
                "ix": 6
              },
              "o": {
                "a": 0,
                "k": 100,
                "ix": 7
              },
              "sk": {
                "a": 0,
                "k": 0,
                "ix": 4
              },
              "sa": {
                "a": 0,
                "k": 0,
                "ix": 5
              },
              "nm": "Transform",
              "_render": true
            }
          ],
          "nm": "Group 2",
          "np": 1,
          "cix": 2,
          "bm": 0,
          "ix": 1,
          "mn": "ADBE Vector Group",
          "hd": false,
          "_render": true
        }
      ],
      "ip": 0,
      "op": 27,
      "st": 0,
      "ct": 1,
      "bm": 0,
      "completed": true
    },
    {
      "ddd": 0,
      "ind": 11,
      "ty": 4,
      "nm": "Shape Layer 1",
      "sr": 1,
      "ks": {
        "o": {
          "a": 0,
          "k": 100,
          "ix": 11
        },
        "r": {
          "a": 0,
          "k": 0,
          "ix": 10
        },
        "p": {
          "a": 0,
          "k": [
            375,
            375,
            0
          ],
          "ix": 2,
          "l": 2
        },
        "a": {
          "a": 0,
          "k": [
            0,
            0,
            0
          ],
          "ix": 1,
          "l": 2
        },
        "s": {
          "a": 0,
          "k": [
            100,
            100,
            100
          ],
          "ix": 6,
          "l": 2
        }
      },
      "ao": 0,
      "shapes": [
        {
          "ty": "gr",
          "it": [
            {
              "ind": 0,
              "ty": "sh",
              "ix": 1,
              "ks": {
                "a": 0,
                "k": {
                  "i": [
                    [
                      28,
                      -169
                    ],
                    [
                      171,
                      -169
                    ],
                    [
                      171,
                      -51
                    ]
                  ],
                  "o": [
                    [
                      28,
                      -169
                    ],
                    [
                      171,
                      -169
                    ],
                    [
                      171,
                      -51
                    ]
                  ],
                  "v": [
                    [
                      28,
                      -169
                    ],
                    [
                      171,
                      -169
                    ],
                    [
                      171,
                      -51
                    ]
                  ],
                  "c": false
                },
                "ix": 2
              },
              "nm": "Path 1",
              "mn": "ADBE Vector Shape - Group",
              "hd": false,
              "_render": true
            },
            {
              "ty": "st",
              "c": {
                "a": 0,
                "k": [
                  0,
                  0,
                  0,
                  1
                ],
                "ix": 3
              },
              "o": {
                "a": 0,
                "k": 100,
                "ix": 4
              },
              "w": {
                "a": 0,
                "k": 35,
                "ix": 5
              },
              "lc": 2,
              "lj": 2,
              "bm": 0,
              "nm": "Stroke 1",
              "mn": "ADBE Vector Graphic - Stroke",
              "hd": false,
              "_render": true
            },
            {
              "ty": "tr",
              "p": {
                "a": 0,
                "k": [
                  0,
                  0
                ],
                "ix": 2
              },
              "a": {
                "a": 0,
                "k": [
                  0,
                  0
                ],
                "ix": 1
              },
              "s": {
                "a": 0,
                "k": [
                  100,
                  100
                ],
                "ix": 3
              },
              "r": {
                "a": 0,
                "k": 0,
                "ix": 6
              },
              "o": {
                "a": 0,
                "k": 100,
                "ix": 7
              },
              "sk": {
                "a": 0,
                "k": 0,
                "ix": 4
              },
              "sa": {
                "a": 0,
                "k": 0,
                "ix": 5
              },
              "nm": "Transform",
              "_render": true
            }
          ],
          "nm": "Shape 1",
          "np": 2,
          "cix": 2,
          "bm": 0,
          "ix": 1,
          "mn": "ADBE Vector Group",
          "hd": false,
          "_render": true
        },
        {
          "ty": "tm",
          "s": {
            "a": 0,
            "k": 0,
            "ix": 1
          },
          "e": {
            "a": 1,
            "k": [
              {
                "i": {
                  "x": [
                    0.833
                  ],
                  "y": [
                    0.833
                  ]
                },
                "o": {
                  "x": [
                    0.167
                  ],
                  "y": [
                    0.167
                  ]
                },
                "t": 0,
                "s": [
                  100
                ]
              },
              {
                "t": 20,
                "s": [
                  0
                ]
              }
            ],
            "ix": 2
          },
          "o": {
            "a": 0,
            "k": 0,
            "ix": 3
          },
          "m": 1,
          "ix": 2,
          "nm": "Trim Paths 1",
          "mn": "ADBE Vector Filter - Trim",
          "hd": false,
          "_render": true
        }
      ],
      "ip": 0,
      "op": 120,
      "st": 0,
      "ct": 1,
      "bm": 0,
      "completed": true
    }
  ],
  "markers": [],
  "__complete": true
}