{
  "v": "5.9.6",
  "fr": 60,
  "ip": 0,
  "op": 120,
  "w": 750,
  "h": 750,
  "nm": "Comp 1",
  "ddd": 0,
  "assets": [],
  "layers": [
    {
      "ddd": 0,
      "ind": 1,
      "ty": 4,
      "nm": "Layer 2",
      "sr": 1,
      "ks": {
        "o": {
          "a": 0,
          "k": 100,
          "ix": 11
        },
        "r": {
          "a": 0,
          "k": 0,
          "ix": 10
        },
        "p": {
          "a": 0,
          "k": [
            375,
            375,
            0
          ],
          "ix": 2,
          "l": 2
        },
        "a": {
          "a": 0,
          "k": [
            517,
            526,
            0
          ],
          "ix": 1,
          "l": 2
        },
        "s": {
          "a": 0,
          "k": [
            100,
            100,
            100
          ],
          "ix": 6,
          "l": 2
        }
      },
      "ao": 0,
      "shapes": [
        {
          "ty": "gr",
          "it": [
            {
              "ind": 0,
              "ty": "sh",
              "ix": 1,
              "ks": {
                "a": 1,
                "k": [
                  {
                    "i": {
                      "x": 0.667,
                      "y": 1
                    },
                    "o": {
                      "x": 0.333,
                      "y": 0
                    },
                    "t": 0,
                    "s": [
                      {
                        "i": [
                          [
                            100.563,
                            237.993
                          ],
                          [
                            -97.177,
                            239.395
                          ],
                          [
                            -237.993,
                            100.563
                          ],
                          [
                            -239.395,
                            -97.177
                          ],
                          [
                            -100.563,
                            -237.993
                          ],
                          [
                            97.177,
                            -239.395
                          ],
                          [
                            237.993,
                            -100.563
                          ],
                          [
                            239.395,
                            97.177
                          ]
                        ],
                        "o": [
                          [
                            100.563,
                            237.993
                          ],
                          [
                            -97.177,
                            239.395
                          ],
                          [
                            -237.993,
                            100.563
                          ],
                          [
                            -239.395,
                            -97.177
                          ],
                          [
                            -100.563,
                            -237.993
                          ],
                          [
                            97.177,
                            -239.395
                          ],
                          [
                            237.993,
                            -100.563
                          ],
                          [
                            239.395,
                            97.177
                          ]
                        ],
                        "v": [
                          [
                            100.563,
                            237.993
                          ],
                          [
                            -97.177,
                            239.395
                          ],
                          [
                            -237.993,
                            100.563
                          ],
                          [
                            -239.395,
                            -97.177
                          ],
                          [
                            -100.563,
                            -237.993
                          ],
                          [
                            97.177,
                            -239.395
                          ],
                          [
                            237.993,
                            -100.563
                          ],
                          [
                            239.395,
                            97.177
                          ]
                        ],
                        "c": true
                      }
                    ]
                  },
                  {
                    "i": {
                      "x": 0.667,
                      "y": 1
                    },
                    "o": {
                      "x": 0.333,
                      "y": 0
                    },
                    "t": 25,
                    "s": [
                      {
                        "i": [
                          [
                            110.899,
                            262.453
                          ],
                          [
                            -107.165,
                            264
                          ],
                          [
                            -262.453,
                            110.899
                          ],
                          [
                            -264,
                            -107.165
                          ],
                          [
                            -110.899,
                            -262.453
                          ],
                          [
                            107.165,
                            -264
                          ],
                          [
                            262.453,
                            -110.899
                          ],
                          [
                            264,
                            107.165
                          ]
                        ],
                        "o": [
                          [
                            110.899,
                            262.453
                          ],
                          [
                            -107.165,
                            264
                          ],
                          [
                            -262.453,
                            110.899
                          ],
                          [
                            -264,
                            -107.165
                          ],
                          [
                            -110.899,
                            -262.453
                          ],
                          [
                            107.165,
                            -264
                          ],
                          [
                            262.453,
                            -110.899
                          ],
                          [
                            264,
                            107.165
                          ]
                        ],
                        "v": [
                          [
                            110.899,
                            262.453
                          ],
                          [
                            -107.165,
                            264
                          ],
                          [
                            -262.453,
                            110.899
                          ],
                          [
                            -264,
                            -107.165
                          ],
                          [
                            -110.899,
                            -262.453
                          ],
                          [
                            107.165,
                            -264
                          ],
                          [
                            262.453,
                            -110.899
                          ],
                          [
                            264,
                            107.165
                          ]
                        ],
                        "c": true
                      }
                    ]
                  },
                  {
                    "t": 50,
                    "s": [
                      {
                        "i": [
                          [
                            100.563,
                            237.993
                          ],
                          [
                            -97.177,
                            239.395
                          ],
                          [
                            -237.993,
                            100.563
                          ],
                          [
                            -239.395,
                            -97.177
                          ],
                          [
                            -100.563,
                            -237.993
                          ],
                          [
                            97.177,
                            -239.395
                          ],
                          [
                            237.993,
                            -100.563
                          ],
                          [
                            239.395,
                            97.177
                          ]
                        ],
                        "o": [
                          [
                            100.563,
                            237.993
                          ],
                          [
                            -97.177,
                            239.395
                          ],
                          [
                            -237.993,
                            100.563
                          ],
                          [
                            -239.395,
                            -97.177
                          ],
                          [
                            -100.563,
                            -237.993
                          ],
                          [
                            97.177,
                            -239.395
                          ],
                          [
                            237.993,
                            -100.563
                          ],
                          [
                            239.395,
                            97.177
                          ]
                        ],
                        "v": [
                          [
                            100.563,
                            237.993
                          ],
                          [
                            -97.177,
                            239.395
                          ],
                          [
                            -237.993,
                            100.563
                          ],
                          [
                            -239.395,
                            -97.177
                          ],
                          [
                            -100.563,
                            -237.993
                          ],
                          [
                            97.177,
                            -239.395
                          ],
                          [
                            237.993,
                            -100.563
                          ],
                          [
                            239.395,
                            97.177
                          ]
                        ],
                        "c": true
                      }
                    ]
                  }
                ],
                "ix": 2
              },
              "nm": "Path 1",
              "mn": "ADBE Vector Shape - Group",
              "hd": false,
              "_render": true
            },
            {
              "ty": "st",
              "c": {
                "a": 0,
                "k": [
                  0,
                  0,
                  0,
                  1
                ],
                "ix": 3
              },
              "o": {
                "a": 0,
                "k": 100,
                "ix": 4
              },
              "w": {
                "a": 0,
                "k": 35,
                "ix": 5
              },
              "lc": 2,
              "lj": 2,
              "bm": 0,
              "nm": "Stroke 1",
              "mn": "ADBE Vector Graphic - Stroke",
              "hd": false,
              "_render": true
            },
            {
              "ty": "tr",
              "p": {
                "a": 0,
                "k": [
                  517,
                  526
                ],
                "ix": 2
              },
              "a": {
                "a": 0,
                "k": [
                  0,
                  0
                ],
                "ix": 1
              },
              "s": {
                "a": 0,
                "k": [
                  100,
                  100
                ],
                "ix": 3
              },
              "r": {
                "a": 0,
                "k": 0,
                "ix": 6
              },
              "o": {
                "a": 0,
                "k": 100,
                "ix": 7
              },
              "sk": {
                "a": 0,
                "k": 0,
                "ix": 4
              },
              "sa": {
                "a": 0,
                "k": 0,
                "ix": 5
              },
              "nm": "Transform",
              "_render": true
            }
          ],
          "nm": "Group 1",
          "np": 2,
          "cix": 2,
          "bm": 0,
          "ix": 1,
          "mn": "ADBE Vector Group",
          "hd": false,
          "_render": true
        },
        {
          "ty": "gr",
          "it": [
            {
              "ind": 0,
              "ty": "sh",
              "ix": 1,
              "ks": {
                "a": 1,
                "k": [
                  {
                    "i": {
                      "x": 0.667,
                      "y": 1
                    },
                    "o": {
                      "x": 0.333,
                      "y": 0
                    },
                    "t": 0,
                    "s": [
                      {
                        "i": [
                          [
                            -21.038,
                            0
                          ],
                          [
                            21.038,
                            0
                          ]
                        ],
                        "o": [
                          [
                            -21.038,
                            0
                          ],
                          [
                            21.038,
                            0
                          ]
                        ],
                        "v": [
                          [
                            -21.038,
                            0
                          ],
                          [
                            21.038,
                            0
                          ]
                        ],
                        "c": false
                      }
                    ]
                  },
                  {
                    "i": {
                      "x": 0.667,
                      "y": 1
                    },
                    "o": {
                      "x": 0.333,
                      "y": 0
                    },
                    "t": 25,
                    "s": [
                      {
                        "i": [
                          [
                            -23.554,
                            10.089
                          ],
                          [
                            22.845,
                            10.089
                          ]
                        ],
                        "o": [
                          [
                            -23.554,
                            10.089
                          ],
                          [
                            22.845,
                            10.089
                          ]
                        ],
                        "v": [
                          [
                            -23.554,
                            10.089
                          ],
                          [
                            22.845,
                            10.089
                          ]
                        ],
                        "c": false
                      }
                    ]
                  },
                  {
                    "t": 50,
                    "s": [
                      {
                        "i": [
                          [
                            -21.038,
                            0
                          ],
                          [
                            21.038,
                            0
                          ]
                        ],
                        "o": [
                          [
                            -21.038,
                            0
                          ],
                          [
                            21.038,
                            0
                          ]
                        ],
                        "v": [
                          [
                            -21.038,
                            0
                          ],
                          [
                            21.038,
                            0
                          ]
                        ],
                        "c": false
                      }
                    ]
                  }
                ],
                "ix": 2
              },
              "nm": "Path 1",
              "mn": "ADBE Vector Shape - Group",
              "hd": false,
              "_render": true
            },
            {
              "ty": "st",
              "c": {
                "a": 0,
                "k": [
                  0,
                  0,
                  0,
                  1
                ],
                "ix": 3
              },
              "o": {
                "a": 0,
                "k": 100,
                "ix": 4
              },
              "w": {
                "a": 0,
                "k": 35,
                "ix": 5
              },
              "lc": 2,
              "lj": 2,
              "bm": 0,
              "nm": "Stroke 1",
              "mn": "ADBE Vector Graphic - Stroke",
              "hd": false,
              "_render": true
            },
            {
              "ty": "tr",
              "p": {
                "a": 0,
                "k": [
                  513.551,
                  624.161
                ],
                "ix": 2
              },
              "a": {
                "a": 0,
                "k": [
                  0,
                  0
                ],
                "ix": 1
              },
              "s": {
                "a": 0,
                "k": [
                  100,
                  100
                ],
                "ix": 3
              },
              "r": {
                "a": 0,
                "k": 0,
                "ix": 6
              },
              "o": {
                "a": 0,
                "k": 100,
                "ix": 7
              },
              "sk": {
                "a": 0,
                "k": 0,
                "ix": 4
              },
              "sa": {
                "a": 0,
                "k": 0,
                "ix": 5
              },
              "nm": "Transform",
              "_render": true
            }
          ],
          "nm": "Group 2",
          "np": 2,
          "cix": 2,
          "bm": 0,
          "ix": 2,
          "mn": "ADBE Vector Group",
          "hd": false,
          "_render": true
        },
        {
          "ty": "gr",
          "it": [
            {
              "ind": 0,
              "ty": "sh",
              "ix": 1,
              "ks": {
                "a": 1,
                "k": [
                  {
                    "i": {
                      "x": 0.667,
                      "y": 1
                    },
                    "o": {
                      "x": 0.333,
                      "y": 0
                    },
                    "t": 0,
                    "s": [
                      {
                        "i": [
                          [
                            0,
                            -81.524
                          ],
                          [
                            0,
                            81.524
                          ]
                        ],
                        "o": [
                          [
                            0,
                            -81.524
                          ],
                          [
                            0,
                            81.524
                          ]
                        ],
                        "v": [
                          [
                            0,
                            -81.524
                          ],
                          [
                            0,
                            81.524
                          ]
                        ],
                        "c": false
                      }
                    ]
                  },
                  {
                    "i": {
                      "x": 0.667,
                      "y": 1
                    },
                    "o": {
                      "x": 0.333,
                      "y": 0
                    },
                    "t": 25,
                    "s": [
                      {
                        "i": [
                          [
                            -0.662,
                            -93.87
                          ],
                          [
                            -0.662,
                            85.936
                          ]
                        ],
                        "o": [
                          [
                            -0.662,
                            -93.87
                          ],
                          [
                            -0.662,
                            85.936
                          ]
                        ],
                        "v": [
                          [
                            -0.662,
                            -93.87
                          ],
                          [
                            -0.662,
                            85.936
                          ]
                        ],
                        "c": false
                      }
                    ]
                  },
                  {
                    "t": 50,
                    "s": [
                      {
                        "i": [
                          [
                            0,
                            -81.524
                          ],
                          [
                            0,
                            81.524
                          ]
                        ],
                        "o": [
                          [
                            0,
                            -81.524
                          ],
                          [
                            0,
                            81.524
                          ]
                        ],
                        "v": [
                          [
                            0,
                            -81.524
                          ],
                          [
                            0,
                            81.524
                          ]
                        ],
                        "c": false
                      }
                    ]
                  }
                ],
                "ix": 2
              },
              "nm": "Path 1",
              "mn": "ADBE Vector Shape - Group",
              "hd": false,
              "_render": true
            },
            {
              "ty": "st",
              "c": {
                "a": 0,
                "k": [
                  0,
                  0,
                  0,
                  1
                ],
                "ix": 3
              },
              "o": {
                "a": 0,
                "k": 100,
                "ix": 4
              },
              "w": {
                "a": 0,
                "k": 35,
                "ix": 5
              },
              "lc": 2,
              "lj": 2,
              "bm": 0,
              "nm": "Stroke 1",
              "mn": "ADBE Vector Graphic - Stroke",
              "hd": false,
              "_render": true
            },
            {
              "ty": "tm",
              "s": {
                "a": 0,
                "k": 0,
                "ix": 1
              },
              "e": {
                "a": 1,
                "k": [
                  {
                    "i": {
                      "x": [
                        0.667
                      ],
                      "y": [
                        1
                      ]
                    },
                    "o": {
                      "x": [
                        0.333
                      ],
                      "y": [
                        0
                      ]
                    },
                    "t": 0,
                    "s": [
                      100
                    ]
                  },
                  {
                    "i": {
                      "x": [
                        0.667
                      ],
                      "y": [
                        1
                      ]
                    },
                    "o": {
                      "x": [
                        0.333
                      ],
                      "y": [
                        0
                      ]
                    },
                    "t": 25,
                    "s": [
                      56
                    ]
                  },
                  {
                    "t": 50,
                    "s": [
                      100
                    ]
                  }
                ],
                "ix": 2
              },
              "o": {
                "a": 0,
                "k": 0,
                "ix": 3
              },
              "m": 1,
              "ix": 3,
              "nm": "Trim Paths 1",
              "mn": "ADBE Vector Filter - Trim",
              "hd": false,
              "_render": true
            },
            {
              "ty": "tr",
              "p": {
                "a": 0,
                "k": [
                  510.558,
                  487.404
                ],
                "ix": 2
              },
              "a": {
                "a": 0,
                "k": [
                  0,
                  0
                ],
                "ix": 1
              },
              "s": {
                "a": 0,
                "k": [
                  100,
                  100
                ],
                "ix": 3
              },
              "r": {
                "a": 0,
                "k": 0,
                "ix": 6
              },
              "o": {
                "a": 0,
                "k": 100,
                "ix": 7
              },
              "sk": {
                "a": 0,
                "k": 0,
                "ix": 4
              },
              "sa": {
                "a": 0,
                "k": 0,
                "ix": 5
              },
              "nm": "Transform",
              "_render": true
            }
          ],
          "nm": "Group 3",
          "np": 3,
          "cix": 2,
          "bm": 0,
          "ix": 3,
          "mn": "ADBE Vector Group",
          "hd": false,
          "_render": true
        }
      ],
      "ip": 0,
      "op": 120,
      "st": 0,
      "ct": 1,
      "bm": 0,
      "completed": true
    }
  ],
  "markers": [],
  "__complete": true
}