{
  "v": "5.9.6",
  "fr": 60,
  "ip": 0,
  "op": 120,
  "w": 750,
  "h": 750,
  "nm": "Comp 1",
  "ddd": 0,
  "assets": [],
  "layers": [
    {
      "ddd": 0,
      "ind": 1,
      "ty": 4,
      "nm": "Layer 1",
      "sr": 1,
      "ks": {
        "o": {
          "a": 0,
          "k": 100,
          "ix": 11
        },
        "r": {
          "a": 0,
          "k": 0,
          "ix": 10
        },
        "p": {
          "a": 0,
          "k": [
            375,
            375,
            0
          ],
          "ix": 2,
          "l": 2
        },
        "a": {
          "a": 0,
          "k": [
            539.5,
            511.03,
            0
          ],
          "ix": 1,
          "l": 2
        },
        "s": {
          "a": 0,
          "k": [
            100,
            100,
            100
          ],
          "ix": 6,
          "l": 2
        }
      },
      "ao": 0,
      "shapes": [
        {
          "ty": "gr",
          "it": [
            {
              "ty": "gr",
              "it": [
                {
                  "ind": 0,
                  "ty": "sh",
                  "ix": 1,
                  "ks": {
                    "a": 0,
                    "k": {
                      "i": [
                        [
                          -117.293,
                          124.616
                        ],
                        [
                          117.293,
                          -124.616
                        ]
                      ],
                      "o": [
                        [
                          -117.293,
                          124.616
                        ],
                        [
                          117.293,
                          -124.616
                        ]
                      ],
                      "v": [
                        [
                          -117.293,
                          124.616
                        ],
                        [
                          117.293,
                          -124.616
                        ]
                      ],
                      "c": false
                    },
                    "ix": 2
                  },
                  "nm": "Path 1",
                  "mn": "ADBE Vector Shape - Group",
                  "hd": false,
                  "_render": true
                },
                {
                  "ty": "st",
                  "c": {
                    "a": 0,
                    "k": [
                      0,
                      0,
                      0,
                      1
                    ],
                    "ix": 3
                  },
                  "o": {
                    "a": 0,
                    "k": 100,
                    "ix": 4
                  },
                  "w": {
                    "a": 0,
                    "k": 35,
                    "ix": 5
                  },
                  "lc": 2,
                  "lj": 2,
                  "bm": 0,
                  "nm": "Stroke 1",
                  "mn": "ADBE Vector Graphic - Stroke",
                  "hd": false,
                  "_render": true
                },
                {
                  "ty": "tr",
                  "p": {
                    "a": 0,
                    "k": [
                      631.53,
                      423.195
                    ],
                    "ix": 2
                  },
                  "a": {
                    "a": 0,
                    "k": [
                      0,
                      0
                    ],
                    "ix": 1
                  },
                  "s": {
                    "a": 0,
                    "k": [
                      100,
                      100
                    ],
                    "ix": 3
                  },
                  "r": {
                    "a": 0,
                    "k": 0,
                    "ix": 6
                  },
                  "o": {
                    "a": 0,
                    "k": 100,
                    "ix": 7
                  },
                  "sk": {
                    "a": 0,
                    "k": 0,
                    "ix": 4
                  },
                  "sa": {
                    "a": 0,
                    "k": 0,
                    "ix": 5
                  },
                  "nm": "Transform",
                  "_render": true
                }
              ],
              "nm": "Group 1",
              "np": 2,
              "cix": 2,
              "bm": 0,
              "ix": 1,
              "mn": "ADBE Vector Group",
              "hd": false,
              "_render": true
            },
            {
              "ty": "gr",
              "it": [
                {
                  "ind": 0,
                  "ty": "sh",
                  "ix": 1,
                  "ks": {
                    "a": 0,
                    "k": {
                      "i": [
                        [
                          50.044,
                          50.086
                        ],
                        [
                          49.038,
                          -50.086
                        ],
                        [
                          -50.044,
                          -27.673
                        ]
                      ],
                      "o": [
                        [
                          50.044,
                          50.086
                        ],
                        [
                          49.038,
                          -50.086
                        ],
                        [
                          -50.044,
                          -27.673
                        ]
                      ],
                      "v": [
                        [
                          50.044,
                          50.086
                        ],
                        [
                          49.038,
                          -50.086
                        ],
                        [
                          -50.044,
                          -27.673
                        ]
                      ],
                      "c": false
                    },
                    "ix": 2
                  },
                  "nm": "Path 1",
                  "mn": "ADBE Vector Shape - Group",
                  "hd": false,
                  "_render": true
                },
                {
                  "ty": "st",
                  "c": {
                    "a": 0,
                    "k": [
                      0,
                      0,
                      0,
                      1
                    ],
                    "ix": 3
                  },
                  "o": {
                    "a": 0,
                    "k": 100,
                    "ix": 4
                  },
                  "w": {
                    "a": 0,
                    "k": 35,
                    "ix": 5
                  },
                  "lc": 2,
                  "lj": 2,
                  "bm": 0,
                  "nm": "Stroke 1",
                  "mn": "ADBE Vector Graphic - Stroke",
                  "hd": false,
                  "_render": true
                },
                {
                  "ty": "tr",
                  "p": {
                    "a": 0,
                    "k": [
                      729.456,
                      313.24
                    ],
                    "ix": 2
                  },
                  "a": {
                    "a": 0,
                    "k": [
                      0,
                      0
                    ],
                    "ix": 1
                  },
                  "s": {
                    "a": 0,
                    "k": [
                      100,
                      100
                    ],
                    "ix": 3
                  },
                  "r": {
                    "a": 0,
                    "k": 0,
                    "ix": 6
                  },
                  "o": {
                    "a": 0,
                    "k": 100,
                    "ix": 7
                  },
                  "sk": {
                    "a": 0,
                    "k": 0,
                    "ix": 4
                  },
                  "sa": {
                    "a": 0,
                    "k": 0,
                    "ix": 5
                  },
                  "nm": "Transform",
                  "_render": true
                }
              ],
              "nm": "Group 3",
              "np": 2,
              "cix": 2,
              "bm": 0,
              "ix": 2,
              "mn": "ADBE Vector Group",
              "hd": false,
              "_render": true
            },
            {
              "ty": "tr",
              "p": {
                "a": 1,
                "k": [
                  {
                    "i": {
                      "x": 0.39,
                      "y": 1
                    },
                    "o": {
                      "x": 0.61,
                      "y": 0
                    },
                    "t": 0,
                    "s": [
                      646.868,
                      405.483
                    ],
                    "to": null,
                    "ti": null
                  },
                  {
                    "i": {
                      "x": 0.39,
                      "y": 1
                    },
                    "o": {
                      "x": 0.61,
                      "y": 0
                    },
                    "t": 25,
                    "s": [
                      586.868,
                      492.483
                    ],
                    "to": null,
                    "ti": null
                  },
                  {
                    "t": 50,
                    "s": [
                      646.868,
                      405.483
                    ]
                  }
                ],
                "ix": 2
              },
              "a": {
                "a": 0,
                "k": [
                  646.868,
                  405.483
                ],
                "ix": 1
              },
              "s": {
                "a": 0,
                "k": [
                  100,
                  100
                ],
                "ix": 3
              },
              "r": {
                "a": 0,
                "k": 0,
                "ix": 6
              },
              "o": {
                "a": 0,
                "k": 100,
                "ix": 7
              },
              "sk": {
                "a": 0,
                "k": 0,
                "ix": 4
              },
              "sa": {
                "a": 0,
                "k": 0,
                "ix": 5
              },
              "nm": "Transform",
              "_render": true
            }
          ],
          "nm": "Group 3",
          "np": 2,
          "cix": 2,
          "bm": 0,
          "ix": 1,
          "mn": "ADBE Vector Group",
          "hd": false,
          "_render": true
        },
        {
          "ty": "gr",
          "it": [
            {
              "ind": 0,
              "ty": "sh",
              "ix": 1,
              "ks": {
                "a": 0,
                "k": {
                  "i": [
                    [
                      214.737,
                      -80.269
                    ],
                    [
                      214.737,
                      80.269
                    ],
                    [
                      155.154,
                      211.094
                    ],
                    [
                      -81.654,
                      211.094
                    ],
                    [
                      -214.737,
                      152.522
                    ],
                    [
                      -214.737,
                      -80.269
                    ],
                    [
                      -155.154,
                      -211.094
                    ],
                    [
                      81.654,
                      -211.094
                    ]
                  ],
                  "o": [
                    [
                      214.737,
                      -80.269
                    ],
                    [
                      214.737,
                      152.522
                    ],
                    [
                      81.654,
                      211.094
                    ],
                    [
                      -155.154,
                      211.094
                    ],
                    [
                      -214.737,
                      80.269
                    ],
                    [
                      -214.737,
                      -152.522
                    ],
                    [
                      -81.654,
                      -211.094
                    ],
                    [
                      81.654,
                      -211.094
                    ]
                  ],
                  "v": [
                    [
                      214.737,
                      -80.269
                    ],
                    [
                      214.737,
                      80.269
                    ],
                    [
                      81.654,
                      211.094
                    ],
                    [
                      -81.654,
                      211.094
                    ],
                    [
                      -214.737,
                      80.269
                    ],
                    [
                      -214.737,
                      -80.269
                    ],
                    [
                      -81.654,
                      -211.094
                    ],
                    [
                      81.654,
                      -211.094
                    ]
                  ],
                  "c": false
                },
                "ix": 2
              },
              "nm": "Path 1",
              "mn": "ADBE Vector Shape - Group",
              "hd": false,
              "_render": true
            },
            {
              "ty": "st",
              "c": {
                "a": 0,
                "k": [
                  0,
                  0,
                  0,
                  1
                ],
                "ix": 3
              },
              "o": {
                "a": 0,
                "k": 100,
                "ix": 4
              },
              "w": {
                "a": 0,
                "k": 35,
                "ix": 5
              },
              "lc": 2,
              "lj": 2,
              "bm": 0,
              "nm": "Stroke 1",
              "mn": "ADBE Vector Graphic - Stroke",
              "hd": false,
              "_render": true
            },
            {
              "ty": "tm",
              "s": {
                "a": 1,
                "k": [
                  {
                    "i": {
                      "x": [
                        0.39
                      ],
                      "y": [
                        1
                      ]
                    },
                    "o": {
                      "x": [
                        0.61
                      ],
                      "y": [
                        0
                      ]
                    },
                    "t": 0,
                    "s": [
                      0
                    ]
                  },
                  {
                    "i": {
                      "x": [
                        0.39
                      ],
                      "y": [
                        1
                      ]
                    },
                    "o": {
                      "x": [
                        0.61
                      ],
                      "y": [
                        0
                      ]
                    },
                    "t": 25,
                    "s": [
                      9
                    ]
                  },
                  {
                    "t": 50,
                    "s": [
                      0
                    ]
                  }
                ],
                "ix": 1
              },
              "e": {
                "a": 1,
                "k": [
                  {
                    "i": {
                      "x": [
                        0.39
                      ],
                      "y": [
                        1
                      ]
                    },
                    "o": {
                      "x": [
                        0.61
                      ],
                      "y": [
                        0
                      ]
                    },
                    "t": 0,
                    "s": [
                      100
                    ]
                  },
                  {
                    "i": {
                      "x": [
                        0.39
                      ],
                      "y": [
                        1
                      ]
                    },
                    "o": {
                      "x": [
                        0.61
                      ],
                      "y": [
                        0
                      ]
                    },
                    "t": 25,
                    "s": [
                      94
                    ]
                  },
                  {
                    "t": 50,
                    "s": [
                      100
                    ]
                  }
                ],
                "ix": 2
              },
              "o": {
                "a": 0,
                "k": 0,
                "ix": 3
              },
              "m": 1,
              "ix": 3,
              "nm": "Trim Paths 1",
              "mn": "ADBE Vector Filter - Trim",
              "hd": false,
              "_render": true
            },
            {
              "ty": "tr",
              "p": {
                "a": 0,
                "k": [
                  514.237,
                  547.812
                ],
                "ix": 2
              },
              "a": {
                "a": 0,
                "k": [
                  0,
                  0
                ],
                "ix": 1
              },
              "s": {
                "a": 0,
                "k": [
                  100,
                  100
                ],
                "ix": 3
              },
              "r": {
                "a": 0,
                "k": 0,
                "ix": 6
              },
              "o": {
                "a": 0,
                "k": 100,
                "ix": 7
              },
              "sk": {
                "a": 0,
                "k": 0,
                "ix": 4
              },
              "sa": {
                "a": 0,
                "k": 0,
                "ix": 5
              },
              "nm": "Transform",
              "_render": true
            }
          ],
          "nm": "Group 2",
          "np": 3,
          "cix": 2,
          "bm": 0,
          "ix": 2,
          "mn": "ADBE Vector Group",
          "hd": false,
          "_render": true
        }
      ],
      "ip": 0,
      "op": 120,
      "st": 0,
      "ct": 1,
      "bm": 0,
      "completed": true
    }
  ],
  "markers": [],
  "__complete": true
}