{
  "v": "5.9.6",
  "fr": 60,
  "ip": 0,
  "op": 120,
  "w": 750,
  "h": 750,
  "nm": "Comp 1",
  "ddd": 0,
  "assets": [],
  "layers": [
    {
      "ddd": 0,
      "ind": 1,
      "ty": 4,
      "nm": "Isolation Mode",
      "sr": 1,
      "ks": {
        "o": {
          "a": 0,
          "k": 100,
          "ix": 11
        },
        "r": {
          "a": 0,
          "k": 0,
          "ix": 10
        },
        "p": {
          "a": 0,
          "k": [
            375,
            375,
            0
          ],
          "ix": 2,
          "l": 2
        },
        "a": {
          "a": 0,
          "k": [
            0,
            0,
            0
          ],
          "ix": 1,
          "l": 2
        },
        "s": {
          "a": 0,
          "k": [
            100,
            100,
            100
          ],
          "ix": 6,
          "l": 2
        }
      },
      "ao": 0,
      "shapes": [
        {
          "ty": "gr",
          "it": [
            {
              "ind": 0,
              "ty": "sh",
              "ix": 1,
              "ks": {
                "a": 0,
                "k": {
                  "i": [
                    [
                      173.118,
                      -204.882
                    ],
                    [
                      -173.118,
                      204.882
                    ]
                  ],
                  "o": [
                    [
                      173.118,
                      -204.882
                    ],
                    [
                      -173.118,
                      204.882
                    ]
                  ],
                  "v": [
                    [
                      173.118,
                      -204.882
                    ],
                    [
                      -173.118,
                      204.882
                    ]
                  ],
                  "c": false
                },
                "ix": 2
              },
              "nm": "Path 1",
              "mn": "ADBE Vector Shape - Group",
              "hd": false,
              "_render": true
            },
            {
              "ty": "st",
              "c": {
                "a": 0,
                "k": [
                  0,
                  0,
                  0,
                  1
                ],
                "ix": 3
              },
              "o": {
                "a": 0,
                "k": 100,
                "ix": 4
              },
              "w": {
                "a": 0,
                "k": 35,
                "ix": 5
              },
              "lc": 2,
              "lj": 2,
              "bm": 0,
              "nm": "Stroke 1",
              "mn": "ADBE Vector Graphic - Stroke",
              "hd": false,
              "_render": true
            },
            {
              "ty": "tr",
              "p": {
                "a": 0,
                "k": [
                  0,
                  0
                ],
                "ix": 2
              },
              "a": {
                "a": 0,
                "k": [
                  0,
                  0
                ],
                "ix": 1
              },
              "s": {
                "a": 0,
                "k": [
                  100,
                  100
                ],
                "ix": 3
              },
              "r": {
                "a": 0,
                "k": 0,
                "ix": 6
              },
              "o": {
                "a": 0,
                "k": 100,
                "ix": 7
              },
              "sk": {
                "a": 0,
                "k": 0,
                "ix": 4
              },
              "sa": {
                "a": 0,
                "k": 0,
                "ix": 5
              },
              "nm": "Transform",
              "_render": true
            }
          ],
          "nm": "Group 1",
          "np": 2,
          "cix": 2,
          "bm": 0,
          "ix": 1,
          "mn": "ADBE Vector Group",
          "hd": false,
          "_render": true
        },
        {
          "ty": "tm",
          "s": {
            "a": 1,
            "k": [
              {
                "i": {
                  "x": [
                    0.43
                  ],
                  "y": [
                    1
                  ]
                },
                "o": {
                  "x": [
                    0.57
                  ],
                  "y": [
                    0
                  ]
                },
                "t": 20.02,
                "s": [
                  100
                ]
              },
              {
                "i": {
                  "x": [
                    0.43
                  ],
                  "y": [
                    1
                  ]
                },
                "o": {
                  "x": [
                    0.57
                  ],
                  "y": [
                    0
                  ]
                },
                "t": 40.041,
                "s": [
                  0
                ]
              },
              {
                "i": {
                  "x": [
                    0.43
                  ],
                  "y": [
                    1
                  ]
                },
                "o": {
                  "x": [
                    0.57
                  ],
                  "y": [
                    0
                  ]
                },
                "t": 60.061,
                "s": [
                  0
                ]
              },
              {
                "t": 80.080078125,
                "s": [
                  100
                ]
              }
            ],
            "ix": 1
          },
          "e": {
            "a": 0,
            "k": 100,
            "ix": 2
          },
          "o": {
            "a": 0,
            "k": 0,
            "ix": 3
          },
          "m": 1,
          "ix": 2,
          "nm": "Trim Paths 1",
          "mn": "ADBE Vector Filter - Trim",
          "hd": false,
          "_render": true
        }
      ],
      "ip": 0,
      "op": 120.12012012012,
      "st": 0,
      "ct": 1,
      "bm": 0,
      "completed": true
    },
    {
      "ddd": 0,
      "ind": 2,
      "ty": 4,
      "nm": "Layer 2",
      "sr": 1,
      "ks": {
        "o": {
          "a": 0,
          "k": 100,
          "ix": 11
        },
        "r": {
          "a": 0,
          "k": 0,
          "ix": 10
        },
        "p": {
          "a": 0,
          "k": [
            375,
            375,
            0
          ],
          "ix": 2,
          "l": 2
        },
        "a": {
          "a": 0,
          "k": [
            500,
            500,
            0
          ],
          "ix": 1,
          "l": 2
        },
        "s": {
          "a": 0,
          "k": [
            100,
            100,
            100
          ],
          "ix": 6,
          "l": 2
        }
      },
      "ao": 0,
      "shapes": [
        {
          "ty": "gr",
          "it": [
            {
              "ind": 0,
              "ty": "sh",
              "ix": 1,
              "ks": {
                "a": 1,
                "k": [
                  {
                    "i": {
                      "x": 0.43,
                      "y": 1
                    },
                    "o": {
                      "x": 0.57,
                      "y": 0
                    },
                    "t": 0,
                    "s": [
                      {
                        "i": [
                          [
                            -263.78700000000003,
                            -0.9019999999999999
                          ],
                          [
                            -264.645,
                            0.371
                          ],
                          [
                            -264.499,
                            1.329
                          ],
                          [
                            -163.391,
                            146.358
                          ],
                          [
                            255.49099999999999,
                            13.247
                          ],
                          [
                            264.2,
                            0.29000000000000004
                          ],
                          [
                            264.501,
                            -1.329
                          ],
                          [
                            168.711,
                            -139.025
                          ],
                          [
                            -257.173,
                            -10.731
                          ]
                        ],
                        "o": [
                          [
                            -264.39500000000004,
                            0
                          ],
                          [
                            -264.698,
                            1.034
                          ],
                          [
                            -258.173,
                            10.731
                          ],
                          [
                            167.711,
                            139.025
                          ],
                          [
                            263.501,
                            1.329
                          ],
                          [
                            264.704,
                            -1.028
                          ],
                          [
                            256.491,
                            -13.247
                          ],
                          [
                            -162.391,
                            -146.358
                          ],
                          [
                            -263.499,
                            -1.329
                          ]
                        ],
                        "v": [
                          [
                            -264.177,
                            -0.323
                          ],
                          [
                            -264.895,
                            0.741
                          ],
                          [
                            -264.499,
                            1.329
                          ],
                          [
                            6.56,
                            142.594
                          ],
                          [
                            263.501,
                            1.329
                          ],
                          [
                            264.895,
                            -0.744
                          ],
                          [
                            264.501,
                            -1.329
                          ],
                          [
                            7.56,
                            -142.594
                          ],
                          [
                            -263.499,
                            -1.329
                          ]
                        ],
                        "c": true
                      }
                    ]
                  },
                  {
                    "i": {
                      "x": 0.43,
                      "y": 1
                    },
                    "o": {
                      "x": 0.57,
                      "y": 0
                    },
                    "t": 27.027,
                    "s": [
                      {
                        "i": [
                          [
                            -263.78700000000003,
                            -0.9019999999999999
                          ],
                          [
                            -264.645,
                            0.371
                          ],
                          [
                            -264.499,
                            1.329
                          ],
                          [
                            -163.863,
                            17.867
                          ],
                          [
                            255.49099999999999,
                            13.247
                          ],
                          [
                            264.2,
                            0.29000000000000004
                          ],
                          [
                            264.501,
                            -1.329
                          ],
                          [
                            168.39000000000001,
                            -2.0250000000000004
                          ],
                          [
                            -257.173,
                            -10.731
                          ]
                        ],
                        "o": [
                          [
                            -264.39500000000004,
                            0
                          ],
                          [
                            -264.698,
                            1.034
                          ],
                          [
                            -258.173,
                            10.731
                          ],
                          [
                            167.239,
                            10.533999999999999
                          ],
                          [
                            263.501,
                            1.329
                          ],
                          [
                            264.704,
                            -1.028
                          ],
                          [
                            256.491,
                            -13.247
                          ],
                          [
                            -162.712,
                            -9.358
                          ],
                          [
                            -263.499,
                            -1.329
                          ]
                        ],
                        "v": [
                          [
                            -264.177,
                            -0.323
                          ],
                          [
                            -264.895,
                            0.741
                          ],
                          [
                            -264.499,
                            1.329
                          ],
                          [
                            6.088,
                            14.103
                          ],
                          [
                            263.501,
                            1.329
                          ],
                          [
                            264.895,
                            -0.744
                          ],
                          [
                            264.501,
                            -1.329
                          ],
                          [
                            7.239,
                            -5.594
                          ],
                          [
                            -263.499,
                            -1.329
                          ]
                        ],
                        "c": true
                      }
                    ]
                  },
                  {
                    "t": 54.0546875,
                    "s": [
                      {
                        "i": [
                          [
                            -263.78700000000003,
                            -0.9019999999999999
                          ],
                          [
                            -264.645,
                            0.371
                          ],
                          [
                            -264.499,
                            1.329
                          ],
                          [
                            -163.391,
                            146.358
                          ],
                          [
                            255.49099999999999,
                            13.247
                          ],
                          [
                            264.2,
                            0.29000000000000004
                          ],
                          [
                            264.501,
                            -1.329
                          ],
                          [
                            168.711,
                            -139.025
                          ],
                          [
                            -257.173,
                            -10.731
                          ]
                        ],
                        "o": [
                          [
                            -264.39500000000004,
                            0
                          ],
                          [
                            -264.698,
                            1.034
                          ],
                          [
                            -258.173,
                            10.731
                          ],
                          [
                            167.711,
                            139.025
                          ],
                          [
                            263.501,
                            1.329
                          ],
                          [
                            264.704,
                            -1.028
                          ],
                          [
                            256.491,
                            -13.247
                          ],
                          [
                            -162.391,
                            -146.358
                          ],
                          [
                            -263.499,
                            -1.329
                          ]
                        ],
                        "v": [
                          [
                            -264.177,
                            -0.323
                          ],
                          [
                            -264.895,
                            0.741
                          ],
                          [
                            -264.499,
                            1.329
                          ],
                          [
                            6.56,
                            142.594
                          ],
                          [
                            263.501,
                            1.329
                          ],
                          [
                            264.895,
                            -0.744
                          ],
                          [
                            264.501,
                            -1.329
                          ],
                          [
                            7.56,
                            -142.594
                          ],
                          [
                            -263.499,
                            -1.329
                          ]
                        ],
                        "c": true
                      }
                    ]
                  }
                ],
                "ix": 2
              },
              "nm": "Path 1",
              "mn": "ADBE Vector Shape - Group",
              "hd": false,
              "_render": true
            },
            {
              "ty": "st",
              "c": {
                "a": 0,
                "k": [
                  0,
                  0,
                  0,
                  1
                ],
                "ix": 3
              },
              "o": {
                "a": 0,
                "k": 100,
                "ix": 4
              },
              "w": {
                "a": 0,
                "k": 35,
                "ix": 5
              },
              "lc": 2,
              "lj": 2,
              "bm": 0,
              "nm": "Stroke 1",
              "mn": "ADBE Vector Graphic - Stroke",
              "hd": false,
              "_render": true
            },
            {
              "ty": "tr",
              "p": {
                "a": 0,
                "k": [
                  500,
                  500
                ],
                "ix": 2
              },
              "a": {
                "a": 0,
                "k": [
                  0,
                  0
                ],
                "ix": 1
              },
              "s": {
                "a": 0,
                "k": [
                  100,
                  100
                ],
                "ix": 3
              },
              "r": {
                "a": 0,
                "k": 0,
                "ix": 6
              },
              "o": {
                "a": 0,
                "k": 100,
                "ix": 7
              },
              "sk": {
                "a": 0,
                "k": 0,
                "ix": 4
              },
              "sa": {
                "a": 0,
                "k": 0,
                "ix": 5
              },
              "nm": "Transform",
              "_render": true
            }
          ],
          "nm": "Group 1",
          "np": 2,
          "cix": 2,
          "bm": 0,
          "ix": 1,
          "mn": "ADBE Vector Group",
          "hd": false,
          "_render": true
        },
        {
          "ty": "gr",
          "it": [
            {
              "ind": 0,
              "ty": "sh",
              "ix": 1,
              "ks": {
                "a": 1,
                "k": [
                  {
                    "i": {
                      "x": 0.43,
                      "y": 1
                    },
                    "o": {
                      "x": 0.57,
                      "y": 0
                    },
                    "t": 0,
                    "s": [
                      {
                        "i": [
                          [
                            57.294,
                            -47.313
                          ],
                          [
                            57.294,
                            35
                          ],
                          [
                            47.313,
                            57.294
                          ],
                          [
                            -35,
                            57.294
                          ],
                          [
                            -57.294,
                            47.313
                          ],
                          [
                            -57.294,
                            -35
                          ],
                          [
                            -47.313,
                            -57.294
                          ],
                          [
                            35,
                            -57.294
                          ]
                        ],
                        "o": [
                          [
                            57.294,
                            -35
                          ],
                          [
                            57.294,
                            47.313
                          ],
                          [
                            35,
                            57.294
                          ],
                          [
                            -47.313,
                            57.294
                          ],
                          [
                            -57.294,
                            35
                          ],
                          [
                            -57.294,
                            -47.313
                          ],
                          [
                            -35,
                            -57.294
                          ],
                          [
                            47.313,
                            -57.294
                          ]
                        ],
                        "v": [
                          [
                            57.294,
                            -35
                          ],
                          [
                            57.294,
                            35
                          ],
                          [
                            35,
                            57.294
                          ],
                          [
                            -35,
                            57.294
                          ],
                          [
                            -57.294,
                            35
                          ],
                          [
                            -57.294,
                            -35
                          ],
                          [
                            -35,
                            -57.294
                          ],
                          [
                            35,
                            -57.294
                          ]
                        ],
                        "c": true
                      }
                    ]
                  },
                  {
                    "i": {
                      "x": 0.43,
                      "y": 1
                    },
                    "o": {
                      "x": 0.57,
                      "y": 0
                    },
                    "t": 27.027,
                    "s": [
                      {
                        "i": [
                          [
                            50.794,
                            -6.813000000000001
                          ],
                          [
                            57.088,
                            -2
                          ],
                          [
                            47.313,
                            11.294
                          ],
                          [
                            -35,
                            11.294
                          ],
                          [
                            -58.294,
                            8.813
                          ],
                          [
                            -57.794,
                            7.5
                          ],
                          [
                            -48.313,
                            2.206
                          ],
                          [
                            35,
                            -5.294
                          ]
                        ],
                        "o": [
                          [
                            50.794,
                            5.5
                          ],
                          [
                            57.088,
                            10.313
                          ],
                          [
                            35,
                            11.294
                          ],
                          [
                            -47.313,
                            11.294
                          ],
                          [
                            -58.294,
                            -3.5
                          ],
                          [
                            -57.794,
                            -4.813000000000001
                          ],
                          [
                            -36,
                            2.206
                          ],
                          [
                            47.313,
                            -5.294
                          ]
                        ],
                        "v": [
                          [
                            50.794,
                            5.5
                          ],
                          [
                            57.088,
                            -2
                          ],
                          [
                            35,
                            11.294
                          ],
                          [
                            -35,
                            11.294
                          ],
                          [
                            -58.294,
                            -3.5
                          ],
                          [
                            -57.794,
                            7.5
                          ],
                          [
                            -36,
                            2.206
                          ],
                          [
                            35,
                            -5.294
                          ]
                        ],
                        "c": true
                      }
                    ]
                  },
                  {
                    "t": 54.0546875,
                    "s": [
                      {
                        "i": [
                          [
                            57.294,
                            -47.313
                          ],
                          [
                            57.294,
                            35
                          ],
                          [
                            47.313,
                            57.294
                          ],
                          [
                            -35,
                            57.294
                          ],
                          [
                            -57.294,
                            47.313
                          ],
                          [
                            -57.294,
                            -35
                          ],
                          [
                            -47.313,
                            -57.294
                          ],
                          [
                            35,
                            -57.294
                          ]
                        ],
                        "o": [
                          [
                            57.294,
                            -35
                          ],
                          [
                            57.294,
                            47.313
                          ],
                          [
                            35,
                            57.294
                          ],
                          [
                            -47.313,
                            57.294
                          ],
                          [
                            -57.294,
                            35
                          ],
                          [
                            -57.294,
                            -47.313
                          ],
                          [
                            -35,
                            -57.294
                          ],
                          [
                            47.313,
                            -57.294
                          ]
                        ],
                        "v": [
                          [
                            57.294,
                            -35
                          ],
                          [
                            57.294,
                            35
                          ],
                          [
                            35,
                            57.294
                          ],
                          [
                            -35,
                            57.294
                          ],
                          [
                            -57.294,
                            35
                          ],
                          [
                            -57.294,
                            -35
                          ],
                          [
                            -35,
                            -57.294
                          ],
                          [
                            35,
                            -57.294
                          ]
                        ],
                        "c": true
                      }
                    ]
                  }
                ],
                "ix": 2
              },
              "nm": "Path 1",
              "mn": "ADBE Vector Shape - Group",
              "hd": false,
              "_render": true
            },
            {
              "ty": "st",
              "c": {
                "a": 0,
                "k": [
                  0,
                  0,
                  0,
                  1
                ],
                "ix": 3
              },
              "o": {
                "a": 0,
                "k": 100,
                "ix": 4
              },
              "w": {
                "a": 0,
                "k": 35,
                "ix": 5
              },
              "lc": 2,
              "lj": 2,
              "bm": 0,
              "nm": "Stroke 1",
              "mn": "ADBE Vector Graphic - Stroke",
              "hd": false,
              "_render": true
            },
            {
              "ty": "tr",
              "p": {
                "a": 0,
                "k": [
                  500,
                  500
                ],
                "ix": 2
              },
              "a": {
                "a": 0,
                "k": [
                  0,
                  0
                ],
                "ix": 1
              },
              "s": {
                "a": 0,
                "k": [
                  100,
                  100
                ],
                "ix": 3
              },
              "r": {
                "a": 0,
                "k": 0,
                "ix": 6
              },
              "o": {
                "a": 0,
                "k": 100,
                "ix": 7
              },
              "sk": {
                "a": 0,
                "k": 0,
                "ix": 4
              },
              "sa": {
                "a": 0,
                "k": 0,
                "ix": 5
              },
              "nm": "Transform",
              "_render": true
            }
          ],
          "nm": "Group 2",
          "np": 2,
          "cix": 2,
          "bm": 0,
          "ix": 2,
          "mn": "ADBE Vector Group",
          "hd": false,
          "_render": true
        }
      ],
      "ip": 0,
      "op": 120.12012012012,
      "st": 0,
      "ct": 1,
      "bm": 0,
      "completed": true
    }
  ],
  "markers": [],
  "__complete": true
}