{
  "v": "5.9.6",
  "fr": 60,
  "ip": 0,
  "op": 120,
  "w": 750,
  "h": 750,
  "nm": "Comp 1",
  "ddd": 0,
  "assets": [],
  "layers": [
    {
      "ddd": 0,
      "ind": 1,
      "ty": 4,
      "nm": "Group 1",
      "parent": 2,
      "sr": 1,
      "ks": {
        "o": {
          "a": 0,
          "k": 100,
          "ix": 11
        },
        "r": {
          "a": 0,
          "k": 0,
          "ix": 10
        },
        "p": {
          "a": 1,
          "k": [
            {
              "i": {
                "x": 0.32,
                "y": 1
              },
              "o": {
                "x": 0.68,
                "y": 0
              },
              "t": 0,
              "s": [
                548.371,
                550.791,
                0
              ],
              "to": null,
              "ti": null
            },
            {
              "i": {
                "x": 0.32,
                "y": 1
              },
              "o": {
                "x": 0.68,
                "y": 0
              },
              "t": 14,
              "s": [
                541.705,
                550.791,
                0
              ],
              "to": null,
              "ti": null
            },
            {
              "i": {
                "x": 0.32,
                "y": 1
              },
              "o": {
                "x": 0.68,
                "y": 0
              },
              "t": 83,
              "s": [
                541.705,
                550.791,
                0
              ],
              "to": null,
              "ti": null
            },
            {
              "t": 97,
              "s": [
                548.371,
                550.791,
                0
              ]
            }
          ],
          "ix": 2,
          "l": 2
        },
        "a": {
          "a": 0,
          "k": [
            546.93,
            550.791,
            0
          ],
          "ix": 1,
          "l": 2
        },
        "s": {
          "a": 0,
          "k": [
            100,
            100,
            100
          ],
          "ix": 6,
          "l": 2
        }
      },
      "ao": 0,
      "shapes": [
        {
          "ty": "gr",
          "it": [
            {
              "ind": 0,
              "ty": "sh",
              "ix": 1,
              "ks": {
                "a": 0,
                "k": {
                  "i": [
                    [
                      13.843,
                      7.419
                    ],
                    [
                      -12.616,
                      7.419
                    ],
                    [
                      -14.837,
                      6.425000000000001
                    ],
                    [
                      -14.837,
                      -5.198
                    ],
                    [
                      -13.843,
                      -7.419
                    ],
                    [
                      12.616,
                      -7.419
                    ],
                    [
                      14.837,
                      -6.425000000000001
                    ],
                    [
                      14.837,
                      5.198
                    ]
                  ],
                  "o": [
                    [
                      12.616,
                      7.419
                    ],
                    [
                      -13.843,
                      7.419
                    ],
                    [
                      -14.837,
                      5.198
                    ],
                    [
                      -14.837,
                      -6.425000000000001
                    ],
                    [
                      -12.616,
                      -7.419
                    ],
                    [
                      13.843,
                      -7.419
                    ],
                    [
                      14.837,
                      -5.198
                    ],
                    [
                      14.837,
                      6.425000000000001
                    ]
                  ],
                  "v": [
                    [
                      12.616,
                      7.419
                    ],
                    [
                      -12.616,
                      7.419
                    ],
                    [
                      -14.837,
                      5.198
                    ],
                    [
                      -14.837,
                      -5.198
                    ],
                    [
                      -12.616,
                      -7.419
                    ],
                    [
                      12.616,
                      -7.419
                    ],
                    [
                      14.837,
                      -5.198
                    ],
                    [
                      14.837,
                      5.198
                    ]
                  ],
                  "c": true
                },
                "ix": 2
              },
              "nm": "Path 1",
              "mn": "ADBE Vector Shape - Group",
              "hd": false,
              "_render": true
            },
            {
              "ty": "st",
              "c": {
                "a": 0,
                "k": [
                  0,
                  0,
                  0,
                  1
                ],
                "ix": 3
              },
              "o": {
                "a": 0,
                "k": 100,
                "ix": 4
              },
              "w": {
                "a": 0,
                "k": 3.8,
                "ix": 5
              },
              "lc": 2,
              "lj": 1,
              "ml": 10,
              "bm": 0,
              "nm": "Stroke 1",
              "mn": "ADBE Vector Graphic - Stroke",
              "hd": false,
              "_render": true
            },
            {
              "ty": "tr",
              "p": {
                "a": 0,
                "k": [
                  546.93,
                  550.791
                ],
                "ix": 2
              },
              "a": {
                "a": 0,
                "k": [
                  0,
                  0
                ],
                "ix": 1
              },
              "s": {
                "a": 0,
                "k": [
                  100,
                  100
                ],
                "ix": 3
              },
              "r": {
                "a": 0,
                "k": 0,
                "ix": 6
              },
              "o": {
                "a": 0,
                "k": 100,
                "ix": 7
              },
              "sk": {
                "a": 0,
                "k": 0,
                "ix": 4
              },
              "sa": {
                "a": 0,
                "k": 0,
                "ix": 5
              },
              "nm": "Transform",
              "_render": true
            }
          ],
          "nm": "Group 1",
          "np": 2,
          "cix": 2,
          "bm": 0,
          "ix": 1,
          "mn": "ADBE Vector Group",
          "hd": false,
          "_render": true
        }
      ],
      "ip": 0,
      "op": 120,
      "st": 0,
      "ct": 1,
      "bm": 0,
      "completed": true
    },
    {
      "ddd": 0,
      "ind": 2,
      "ty": 4,
      "nm": "Layer 2",
      "sr": 1,
      "ks": {
        "o": {
          "a": 0,
          "k": 100,
          "ix": 11
        },
        "r": {
          "a": 1,
          "k": [
            {
              "i": {
                "x": [
                  0.667
                ],
                "y": [
                  1
                ]
              },
              "o": {
                "x": [
                  0.333
                ],
                "y": [
                  0
                ]
              },
              "t": 0,
              "s": [
                0
              ]
            },
            {
              "i": {
                "x": [
                  0.667
                ],
                "y": [
                  1
                ]
              },
              "o": {
                "x": [
                  0.333
                ],
                "y": [
                  0
                ]
              },
              "t": 13.857,
              "s": [
                -7
              ]
            },
            {
              "i": {
                "x": [
                  0.667
                ],
                "y": [
                  1
                ]
              },
              "o": {
                "x": [
                  0.333
                ],
                "y": [
                  0
                ]
              },
              "t": 27.713,
              "s": [
                -7
              ]
            },
            {
              "i": {
                "x": [
                  0.667
                ],
                "y": [
                  1
                ]
              },
              "o": {
                "x": [
                  0.333
                ],
                "y": [
                  0
                ]
              },
              "t": 41.57,
              "s": [
                -16
              ]
            },
            {
              "i": {
                "x": [
                  0.667
                ],
                "y": [
                  1
                ]
              },
              "o": {
                "x": [
                  0.333
                ],
                "y": [
                  0
                ]
              },
              "t": 55.43,
              "s": [
                -8
              ]
            },
            {
              "i": {
                "x": [
                  0.667
                ],
                "y": [
                  1
                ]
              },
              "o": {
                "x": [
                  0.333
                ],
                "y": [
                  0
                ]
              },
              "t": 69.287,
              "s": [
                -16
              ]
            },
            {
              "i": {
                "x": [
                  0.667
                ],
                "y": [
                  1
                ]
              },
              "o": {
                "x": [
                  0.333
                ],
                "y": [
                  0
                ]
              },
              "t": 83.143,
              "s": [
                -8
              ]
            },
            {
              "t": 97,
              "s": [
                0
              ]
            }
          ],
          "ix": 10
        },
        "p": {
          "a": 0,
          "k": [
            212.077,
            617.716,
            0
          ],
          "ix": 2,
          "l": 2
        },
        "a": {
          "a": 0,
          "k": [
            518.233,
            566.977,
            0
          ],
          "ix": 1,
          "l": 2
        },
        "s": {
          "a": 0,
          "k": [
            900,
            900,
            100
          ],
          "ix": 6,
          "l": 2
        }
      },
      "ao": 0,
      "shapes": [
        {
          "ty": "gr",
          "it": [
            {
              "ind": 0,
              "ty": "sh",
              "ix": 1,
              "ks": {
                "a": 0,
                "k": {
                  "i": [
                    [
                      18.733,
                      3.372
                    ],
                    [
                      18.733,
                      -13.259
                    ],
                    [
                      18.625,
                      -13.732000000000001
                    ],
                    [
                      7.659000000000001,
                      -23.267000000000003
                    ],
                    [
                      4.03,
                      -26.977
                    ],
                    [
                      -17.937,
                      -26.977
                    ],
                    [
                      -18.733,
                      -26.626
                    ],
                    [
                      -18.733,
                      26.181
                    ],
                    [
                      -18.382,
                      26.977
                    ],
                    [
                      17.937,
                      26.977
                    ],
                    [
                      18.733,
                      26.626
                    ],
                    [
                      18.733,
                      18.209
                    ]
                  ],
                  "o": [
                    [
                      18.733,
                      3.372
                    ],
                    [
                      18.733,
                      -13.502
                    ],
                    [
                      14.808,
                      -16.753
                    ],
                    [
                      4.2330000000000005,
                      -26.896
                    ],
                    [
                      3.814,
                      -26.977
                    ],
                    [
                      -18.382,
                      -26.977
                    ],
                    [
                      -18.733,
                      -26.181
                    ],
                    [
                      -18.733,
                      26.626
                    ],
                    [
                      -17.937,
                      26.977
                    ],
                    [
                      18.382,
                      26.977
                    ],
                    [
                      18.733,
                      26.181
                    ],
                    [
                      18.733,
                      18.209
                    ]
                  ],
                  "v": [
                    [
                      18.733,
                      3.372
                    ],
                    [
                      18.733,
                      -13.259
                    ],
                    [
                      18.436,
                      -13.88
                    ],
                    [
                      4.381,
                      -26.734
                    ],
                    [
                      3.814,
                      -26.977
                    ],
                    [
                      -17.937,
                      -26.977
                    ],
                    [
                      -18.733,
                      -26.181
                    ],
                    [
                      -18.733,
                      26.181
                    ],
                    [
                      -17.937,
                      26.977
                    ],
                    [
                      17.937,
                      26.977
                    ],
                    [
                      18.733,
                      26.181
                    ],
                    [
                      18.733,
                      18.209
                    ]
                  ],
                  "c": false
                },
                "ix": 2
              },
              "nm": "Path 1",
              "mn": "ADBE Vector Shape - Group",
              "hd": false,
              "_render": true
            },
            {
              "ty": "st",
              "c": {
                "a": 0,
                "k": [
                  0,
                  0,
                  0,
                  1
                ],
                "ix": 3
              },
              "o": {
                "a": 0,
                "k": 100,
                "ix": 4
              },
              "w": {
                "a": 0,
                "k": 3.8,
                "ix": 5
              },
              "lc": 2,
              "lj": 1,
              "ml": 10,
              "bm": 0,
              "nm": "Stroke 1",
              "mn": "ADBE Vector Graphic - Stroke",
              "hd": false,
              "_render": true
            },
            {
              "ty": "tr",
              "p": {
                "a": 0,
                "k": [
                  536.965,
                  540
                ],
                "ix": 2
              },
              "a": {
                "a": 0,
                "k": [
                  0,
                  0
                ],
                "ix": 1
              },
              "s": {
                "a": 0,
                "k": [
                  100,
                  100
                ],
                "ix": 3
              },
              "r": {
                "a": 0,
                "k": 0,
                "ix": 6
              },
              "o": {
                "a": 0,
                "k": 100,
                "ix": 7
              },
              "sk": {
                "a": 0,
                "k": 0,
                "ix": 4
              },
              "sa": {
                "a": 0,
                "k": 0,
                "ix": 5
              },
              "nm": "Transform",
              "_render": true
            }
          ],
          "nm": "Group 2",
          "np": 2,
          "cix": 2,
          "bm": 0,
          "ix": 1,
          "mn": "ADBE Vector Group",
          "hd": false,
          "_render": true
        }
      ],
      "ip": 0,
      "op": 120,
      "st": 0,
      "ct": 1,
      "bm": 0,
      "completed": true
    }
  ],
  "markers": [],
  "__complete": true
}