{
  "v": "5.9.6",
  "fr": 60,
  "ip": 0,
  "op": 120,
  "w": 750,
  "h": 750,
  "nm": "Comp 1",
  "ddd": 0,
  "assets": [],
  "layers": [
    {
      "ddd": 0,
      "ind": 1,
      "ty": 4,
      "nm": "Layer 2",
      "sr": 1,
      "ks": {
        "o": {
          "a": 0,
          "k": 100,
          "ix": 11
        },
        "r": {
          "a": 0,
          "k": 0,
          "ix": 10
        },
        "p": {
          "a": 0,
          "k": [
            402.928,
            373.75,
            0
          ],
          "ix": 2,
          "l": 2
        },
        "a": {
          "a": 0,
          "k": [
            0,
            0,
            0
          ],
          "ix": 1,
          "l": 2
        },
        "s": {
          "a": 0,
          "k": [
            100,
            100,
            100
          ],
          "ix": 6,
          "l": 2
        }
      },
      "ao": 0,
      "shapes": [
        {
          "ty": "gr",
          "it": [
            {
              "ind": 0,
              "ty": "sh",
              "ix": 1,
              "ks": {
                "a": 0,
                "k": {
                  "i": [
                    [
                      -199.016,
                      -204.25
                    ],
                    [
                      199.572,
                      -204.25
                    ],
                    [
                      199.069,
                      -140.651
                    ],
                    [
                      183.777,
                      -61.053
                    ],
                    [
                      26.072,
                      117.25
                    ],
                    [
                      26.072,
                      141.485
                    ],
                    [
                      -2.0289999999999964,
                      204.25
                    ],
                    [
                      -47.928,
                      204.25
                    ],
                    [
                      -48.928,
                      120.25
                    ],
                    [
                      -164.429,
                      -28.977
                    ],
                    [
                      -199.858,
                      -95.433
                    ]
                  ],
                  "o": [
                    [
                      -199.016,
                      -204.25
                    ],
                    [
                      199.572,
                      -204.25
                    ],
                    [
                      198.748,
                      -100.11000000000001
                    ],
                    [
                      156.917,
                      -30.685
                    ],
                    [
                      26.072,
                      117.25
                    ],
                    [
                      26.072,
                      176.149
                    ],
                    [
                      -36.693,
                      204.25
                    ],
                    [
                      -47.928,
                      204.25
                    ],
                    [
                      -48.928,
                      120.25
                    ],
                    [
                      -187.483,
                      -58.763000000000005
                    ],
                    [
                      -199.567,
                      -133.097
                    ]
                  ],
                  "v": [
                    [
                      -199.016,
                      -204.25
                    ],
                    [
                      199.572,
                      -204.25
                    ],
                    [
                      199.069,
                      -140.651
                    ],
                    [
                      156.917,
                      -30.685
                    ],
                    [
                      26.072,
                      117.25
                    ],
                    [
                      26.072,
                      141.485
                    ],
                    [
                      -36.693,
                      204.25
                    ],
                    [
                      -47.928,
                      204.25
                    ],
                    [
                      -48.928,
                      120.25
                    ],
                    [
                      -164.429,
                      -28.977
                    ],
                    [
                      -199.567,
                      -133.097
                    ]
                  ],
                  "c": true
                },
                "ix": 2
              },
              "nm": "Path 1",
              "mn": "ADBE Vector Shape - Group",
              "hd": false,
              "_render": true
            },
            {
              "ty": "st",
              "c": {
                "a": 0,
                "k": [
                  0,
                  0,
                  0,
                  1
                ],
                "ix": 3
              },
              "o": {
                "a": 0,
                "k": 100,
                "ix": 4
              },
              "w": {
                "a": 0,
                "k": 35,
                "ix": 5
              },
              "lc": 2,
              "lj": 2,
              "bm": 0,
              "nm": "Stroke 1",
              "mn": "ADBE Vector Graphic - Stroke",
              "hd": false,
              "_render": true
            },
            {
              "ty": "tr",
              "p": {
                "a": 0,
                "k": [
                  0,
                  0
                ],
                "ix": 2
              },
              "a": {
                "a": 0,
                "k": [
                  0,
                  0
                ],
                "ix": 1
              },
              "s": {
                "a": 0,
                "k": [
                  100,
                  100
                ],
                "ix": 3
              },
              "r": {
                "a": 0,
                "k": 0,
                "ix": 6
              },
              "o": {
                "a": 0,
                "k": 100,
                "ix": 7
              },
              "sk": {
                "a": 0,
                "k": 0,
                "ix": 4
              },
              "sa": {
                "a": 0,
                "k": 0,
                "ix": 5
              },
              "nm": "Transform",
              "_render": true
            }
          ],
          "nm": "Group 1",
          "np": 2,
          "cix": 2,
          "bm": 0,
          "ix": 1,
          "mn": "ADBE Vector Group",
          "hd": false,
          "_render": true
        },
        {
          "ty": "tm",
          "s": {
            "a": 1,
            "k": [
              {
                "i": {
                  "x": [
                    0.3
                  ],
                  "y": [
                    1
                  ]
                },
                "o": {
                  "x": [
                    0.7
                  ],
                  "y": [
                    0
                  ]
                },
                "t": 2,
                "s": [
                  13
                ]
              },
              {
                "i": {
                  "x": [
                    0.3
                  ],
                  "y": [
                    1
                  ]
                },
                "o": {
                  "x": [
                    0.7
                  ],
                  "y": [
                    0
                  ]
                },
                "t": 27,
                "s": [
                  1
                ]
              },
              {
                "t": 52,
                "s": [
                  13
                ]
              }
            ],
            "ix": 1
          },
          "e": {
            "a": 1,
            "k": [
              {
                "i": {
                  "x": [
                    0.3
                  ],
                  "y": [
                    1
                  ]
                },
                "o": {
                  "x": [
                    0.7
                  ],
                  "y": [
                    0
                  ]
                },
                "t": 0,
                "s": [
                  87
                ]
              },
              {
                "i": {
                  "x": [
                    0.3
                  ],
                  "y": [
                    1
                  ]
                },
                "o": {
                  "x": [
                    0.7
                  ],
                  "y": [
                    0
                  ]
                },
                "t": 25,
                "s": [
                  100
                ]
              },
              {
                "t": 50,
                "s": [
                  87
                ]
              }
            ],
            "ix": 2
          },
          "o": {
            "a": 0,
            "k": 53,
            "ix": 3
          },
          "m": 1,
          "ix": 2,
          "nm": "Trim Paths 1",
          "mn": "ADBE Vector Filter - Trim",
          "hd": false,
          "_render": true
        }
      ],
      "ip": 0,
      "op": 120,
      "st": 0,
      "ct": 1,
      "bm": 0,
      "completed": true
    }
  ],
  "markers": [],
  "__complete": true
}