{
  "v": "5.9.6",
  "fr": 60,
  "ip": 0,
  "op": 120,
  "w": 750,
  "h": 750,
  "nm": "Comp 1",
  "ddd": 0,
  "assets": [],
  "layers": [
    {
      "ddd": 0,
      "ind": 1,
      "ty": 4,
      "nm": "Layer 2",
      "sr": 1,
      "ks": {
        "o": {
          "a": 0,
          "k": 100,
          "ix": 11
        },
        "r": {
          "a": 0,
          "k": 0,
          "ix": 10
        },
        "p": {
          "a": 0,
          "k": [
            375,
            375,
            0
          ],
          "ix": 2,
          "l": 2
        },
        "a": {
          "a": 0,
          "k": [
            0,
            0,
            0
          ],
          "ix": 1,
          "l": 2
        },
        "s": {
          "a": 0,
          "k": [
            100,
            100,
            100
          ],
          "ix": 6,
          "l": 2
        }
      },
      "ao": 0,
      "shapes": [
        {
          "ty": "gr",
          "it": [
            {
              "ind": 0,
              "ty": "sh",
              "ix": 1,
              "ks": {
                "a": 1,
                "k": [
                  {
                    "i": {
                      "x": 0.32,
                      "y": 1
                    },
                    "o": {
                      "x": 0.68,
                      "y": 0
                    },
                    "t": 0,
                    "s": [
                      {
                        "i": [
                          [
                            -172.588,
                            -198.585
                          ],
                          [
                            172.588,
                            -198.585
                          ],
                          [
                            38.059,
                            15.761
                          ],
                          [
                            38.059,
                            162.055
                          ],
                          [
                            21.704,
                            198.585
                          ],
                          [
                            1.529,
                            198.585
                          ],
                          [
                            -35,
                            182.23000000000002
                          ],
                          [
                            -35,
                            15.761
                          ]
                        ],
                        "o": [
                          [
                            -172.588,
                            -198.585
                          ],
                          [
                            172.588,
                            -198.585
                          ],
                          [
                            38.059,
                            15.761
                          ],
                          [
                            38.059,
                            182.23000000000002
                          ],
                          [
                            1.529,
                            198.585
                          ],
                          [
                            -18.646,
                            198.585
                          ],
                          [
                            -35,
                            162.055
                          ],
                          [
                            -35,
                            15.761
                          ]
                        ],
                        "v": [
                          [
                            -172.588,
                            -198.585
                          ],
                          [
                            172.588,
                            -198.585
                          ],
                          [
                            38.059,
                            15.761
                          ],
                          [
                            38.059,
                            162.055
                          ],
                          [
                            1.529,
                            198.585
                          ],
                          [
                            1.529,
                            198.585
                          ],
                          [
                            -35,
                            162.055
                          ],
                          [
                            -35,
                            15.761
                          ]
                        ],
                        "c": true
                      }
                    ]
                  },
                  {
                    "i": {
                      "x": 0.32,
                      "y": 1
                    },
                    "o": {
                      "x": 0.68,
                      "y": 0
                    },
                    "t": 25.025,
                    "s": [
                      {
                        "i": [
                          [
                            -173.007,
                            -108.962
                          ],
                          [
                            172.17,
                            -108.962
                          ],
                          [
                            38.059,
                            15.761
                          ],
                          [
                            37.23,
                            91.3
                          ],
                          [
                            20.875,
                            127.83
                          ],
                          [
                            0.7,
                            127.83
                          ],
                          [
                            -35.829,
                            111.475
                          ],
                          [
                            -35,
                            15.761
                          ]
                        ],
                        "o": [
                          [
                            -173.007,
                            -108.962
                          ],
                          [
                            172.17,
                            -108.962
                          ],
                          [
                            38.059,
                            15.761
                          ],
                          [
                            37.23,
                            111.475
                          ],
                          [
                            0.7,
                            127.83
                          ],
                          [
                            -19.475,
                            127.83
                          ],
                          [
                            -35.829,
                            91.3
                          ],
                          [
                            -35,
                            15.761
                          ]
                        ],
                        "v": [
                          [
                            -173.007,
                            -108.962
                          ],
                          [
                            172.17,
                            -108.962
                          ],
                          [
                            38.059,
                            15.761
                          ],
                          [
                            37.23,
                            91.3
                          ],
                          [
                            0.7,
                            127.83
                          ],
                          [
                            0.7,
                            127.83
                          ],
                          [
                            -35.829,
                            91.3
                          ],
                          [
                            -35,
                            15.761
                          ]
                        ],
                        "c": true
                      }
                    ]
                  },
                  {
                    "t": 50.05078125,
                    "s": [
                      {
                        "i": [
                          [
                            -172.588,
                            -198.585
                          ],
                          [
                            172.588,
                            -198.585
                          ],
                          [
                            38.059,
                            15.761
                          ],
                          [
                            38.059,
                            162.055
                          ],
                          [
                            21.704,
                            198.585
                          ],
                          [
                            1.529,
                            198.585
                          ],
                          [
                            -35,
                            182.23000000000002
                          ],
                          [
                            -35,
                            15.761
                          ]
                        ],
                        "o": [
                          [
                            -172.588,
                            -198.585
                          ],
                          [
                            172.588,
                            -198.585
                          ],
                          [
                            38.059,
                            15.761
                          ],
                          [
                            38.059,
                            182.23000000000002
                          ],
                          [
                            1.529,
                            198.585
                          ],
                          [
                            -18.646,
                            198.585
                          ],
                          [
                            -35,
                            162.055
                          ],
                          [
                            -35,
                            15.761
                          ]
                        ],
                        "v": [
                          [
                            -172.588,
                            -198.585
                          ],
                          [
                            172.588,
                            -198.585
                          ],
                          [
                            38.059,
                            15.761
                          ],
                          [
                            38.059,
                            162.055
                          ],
                          [
                            1.529,
                            198.585
                          ],
                          [
                            1.529,
                            198.585
                          ],
                          [
                            -35,
                            162.055
                          ],
                          [
                            -35,
                            15.761
                          ]
                        ],
                        "c": true
                      }
                    ]
                  }
                ],
                "ix": 2
              },
              "nm": "Path 1",
              "mn": "ADBE Vector Shape - Group",
              "hd": false,
              "_render": true
            },
            {
              "ty": "st",
              "c": {
                "a": 0,
                "k": [
                  0,
                  0,
                  0,
                  1
                ],
                "ix": 3
              },
              "o": {
                "a": 0,
                "k": 100,
                "ix": 4
              },
              "w": {
                "a": 0,
                "k": 35,
                "ix": 5
              },
              "lc": 2,
              "lj": 2,
              "bm": 0,
              "nm": "Stroke 1",
              "mn": "ADBE Vector Graphic - Stroke",
              "hd": false,
              "_render": true
            },
            {
              "ty": "tr",
              "p": {
                "a": 0,
                "k": [
                  0,
                  0
                ],
                "ix": 2
              },
              "a": {
                "a": 0,
                "k": [
                  0,
                  0
                ],
                "ix": 1
              },
              "s": {
                "a": 0,
                "k": [
                  100,
                  100
                ],
                "ix": 3
              },
              "r": {
                "a": 0,
                "k": 0,
                "ix": 6
              },
              "o": {
                "a": 0,
                "k": 100,
                "ix": 7
              },
              "sk": {
                "a": 0,
                "k": 0,
                "ix": 4
              },
              "sa": {
                "a": 0,
                "k": 0,
                "ix": 5
              },
              "nm": "Transform",
              "_render": true
            }
          ],
          "nm": "Group 1",
          "np": 2,
          "cix": 2,
          "bm": 0,
          "ix": 1,
          "mn": "ADBE Vector Group",
          "hd": false,
          "_render": true
        }
      ],
      "ip": 0,
      "op": 120.12012012012,
      "st": 0,
      "ct": 1,
      "bm": 0,
      "completed": true
    }
  ],
  "markers": [],
  "__complete": true
}