{
  "v": "5.9.6",
  "fr": 60,
  "ip": 0,
  "op": 120,
  "w": 750,
  "h": 750,
  "nm": "Comp 1",
  "ddd": 0,
  "assets": [],
  "layers": [
    {
      "ddd": 0,
      "ind": 1,
      "ty": 4,
      "nm": "Layer 1",
      "sr": 1,
      "ks": {
        "o": {
          "a": 0,
          "k": 100,
          "ix": 11
        },
        "r": {
          "a": 0,
          "k": 0,
          "ix": 10
        },
        "p": {
          "a": 0,
          "k": [
            375,
            375,
            0
          ],
          "ix": 2,
          "l": 2
        },
        "a": {
          "a": 0,
          "k": [
            500,
            500,
            0
          ],
          "ix": 1,
          "l": 2
        },
        "s": {
          "a": 0,
          "k": [
            100,
            100,
            100
          ],
          "ix": 6,
          "l": 2
        }
      },
      "ao": 0,
      "shapes": [
        {
          "ty": "gr",
          "it": [
            {
              "ind": 0,
              "ty": "sh",
              "ix": 1,
              "ks": {
                "a": 1,
                "k": [
                  {
                    "i": {
                      "x": 0.32,
                      "y": 1
                    },
                    "o": {
                      "x": 0.68,
                      "y": 0
                    },
                    "t": 0,
                    "s": [
                      {
                        "i": [
                          [
                            82.412,
                            -108
                          ],
                          [
                            82.412,
                            108
                          ],
                          [
                            -82.412,
                            108
                          ],
                          [
                            -82.412,
                            -108
                          ]
                        ],
                        "o": [
                          [
                            82.412,
                            -108
                          ],
                          [
                            82.412,
                            108
                          ],
                          [
                            -82.412,
                            108
                          ],
                          [
                            -82.412,
                            -108
                          ]
                        ],
                        "v": [
                          [
                            82.412,
                            -108
                          ],
                          [
                            82.412,
                            108
                          ],
                          [
                            -82.412,
                            108
                          ],
                          [
                            -82.412,
                            -108
                          ]
                        ],
                        "c": true
                      }
                    ]
                  },
                  {
                    "i": {
                      "x": 0.32,
                      "y": 1
                    },
                    "o": {
                      "x": 0.68,
                      "y": 0
                    },
                    "t": 20.02,
                    "s": [
                      {
                        "i": [
                          [
                            82.824,
                            -260
                          ],
                          [
                            82.824,
                            -44
                          ],
                          [
                            -82,
                            -44
                          ],
                          [
                            -82,
                            -260
                          ]
                        ],
                        "o": [
                          [
                            82.824,
                            -260
                          ],
                          [
                            82.824,
                            -44
                          ],
                          [
                            -82,
                            -44
                          ],
                          [
                            -82,
                            -260
                          ]
                        ],
                        "v": [
                          [
                            82.824,
                            -260
                          ],
                          [
                            82.824,
                            -44
                          ],
                          [
                            -82,
                            -44
                          ],
                          [
                            -82,
                            -260
                          ]
                        ],
                        "c": true
                      }
                    ]
                  },
                  {
                    "i": {
                      "x": 0.32,
                      "y": 1
                    },
                    "o": {
                      "x": 0.68,
                      "y": 0
                    },
                    "t": 40.041,
                    "s": [
                      {
                        "i": [
                          [
                            82.412,
                            -108
                          ],
                          [
                            82.412,
                            108
                          ],
                          [
                            -82.412,
                            108
                          ],
                          [
                            -82.412,
                            -108
                          ]
                        ],
                        "o": [
                          [
                            82.412,
                            -108
                          ],
                          [
                            82.412,
                            108
                          ],
                          [
                            -82.412,
                            108
                          ],
                          [
                            -82.412,
                            -108
                          ]
                        ],
                        "v": [
                          [
                            82.412,
                            -108
                          ],
                          [
                            82.412,
                            108
                          ],
                          [
                            -82.412,
                            108
                          ],
                          [
                            -82.412,
                            -108
                          ]
                        ],
                        "c": true
                      }
                    ]
                  },
                  {
                    "t": 60.060546875,
                    "s": [
                      {
                        "i": [
                          [
                            82.824,
                            -260
                          ],
                          [
                            82.824,
                            -44
                          ],
                          [
                            -82,
                            -44
                          ],
                          [
                            -82,
                            -260
                          ]
                        ],
                        "o": [
                          [
                            82.824,
                            -260
                          ],
                          [
                            82.824,
                            -44
                          ],
                          [
                            -82,
                            -44
                          ],
                          [
                            -82,
                            -260
                          ]
                        ],
                        "v": [
                          [
                            82.824,
                            -260
                          ],
                          [
                            82.824,
                            -44
                          ],
                          [
                            -82,
                            -44
                          ],
                          [
                            -82,
                            -260
                          ]
                        ],
                        "c": true
                      }
                    ]
                  }
                ],
                "ix": 2
              },
              "nm": "Path 1",
              "mn": "ADBE Vector Shape - Group",
              "hd": false,
              "_render": true
            },
            {
              "ty": "st",
              "c": {
                "a": 0,
                "k": [
                  0,
                  0,
                  0,
                  1
                ],
                "ix": 3
              },
              "o": {
                "a": 0,
                "k": 100,
                "ix": 4
              },
              "w": {
                "a": 0,
                "k": 35,
                "ix": 5
              },
              "lc": 2,
              "lj": 2,
              "bm": 0,
              "nm": "Stroke 1",
              "mn": "ADBE Vector Graphic - Stroke",
              "hd": false,
              "_render": true
            },
            {
              "ty": "tr",
              "p": {
                "a": 0,
                "k": [
                  582.412,
                  473
                ],
                "ix": 2
              },
              "a": {
                "a": 0,
                "k": [
                  0,
                  0
                ],
                "ix": 1
              },
              "s": {
                "a": 0,
                "k": [
                  100,
                  100
                ],
                "ix": 3
              },
              "r": {
                "a": 0,
                "k": 0,
                "ix": 6
              },
              "o": {
                "a": 0,
                "k": 100,
                "ix": 7
              },
              "sk": {
                "a": 0,
                "k": 0,
                "ix": 4
              },
              "sa": {
                "a": 0,
                "k": 0,
                "ix": 5
              },
              "nm": "Transform",
              "_render": true
            }
          ],
          "nm": "Group 1",
          "np": 2,
          "cix": 2,
          "bm": 0,
          "ix": 1,
          "mn": "ADBE Vector Group",
          "hd": false,
          "_render": true
        },
        {
          "ty": "gr",
          "it": [
            {
              "ind": 0,
              "ty": "sh",
              "ix": 1,
              "ks": {
                "a": 0,
                "k": {
                  "i": [
                    [
                      82.412,
                      -108
                    ],
                    [
                      82.412,
                      108
                    ],
                    [
                      -82.412,
                      108
                    ],
                    [
                      -82.412,
                      -108
                    ]
                  ],
                  "o": [
                    [
                      82.412,
                      -108
                    ],
                    [
                      82.412,
                      108
                    ],
                    [
                      -82.412,
                      108
                    ],
                    [
                      -82.412,
                      -108
                    ]
                  ],
                  "v": [
                    [
                      82.412,
                      -108
                    ],
                    [
                      82.412,
                      108
                    ],
                    [
                      -82.412,
                      108
                    ],
                    [
                      -82.412,
                      -108
                    ]
                  ],
                  "c": true
                },
                "ix": 2
              },
              "nm": "Path 1",
              "mn": "ADBE Vector Shape - Group",
              "hd": false,
              "_render": true
            },
            {
              "ty": "st",
              "c": {
                "a": 0,
                "k": [
                  0,
                  0,
                  0,
                  1
                ],
                "ix": 3
              },
              "o": {
                "a": 0,
                "k": 100,
                "ix": 4
              },
              "w": {
                "a": 0,
                "k": 35,
                "ix": 5
              },
              "lc": 2,
              "lj": 2,
              "bm": 0,
              "nm": "Stroke 1",
              "mn": "ADBE Vector Graphic - Stroke",
              "hd": false,
              "_render": true
            },
            {
              "ty": "tr",
              "p": {
                "a": 0,
                "k": [
                  417.588,
                  411.803
                ],
                "ix": 2
              },
              "a": {
                "a": 0,
                "k": [
                  0,
                  0
                ],
                "ix": 1
              },
              "s": {
                "a": 0,
                "k": [
                  100,
                  100
                ],
                "ix": 3
              },
              "r": {
                "a": 0,
                "k": 0,
                "ix": 6
              },
              "o": {
                "a": 0,
                "k": 100,
                "ix": 7
              },
              "sk": {
                "a": 0,
                "k": 0,
                "ix": 4
              },
              "sa": {
                "a": 0,
                "k": 0,
                "ix": 5
              },
              "nm": "Transform",
              "_render": true
            }
          ],
          "nm": "Group 2",
          "np": 2,
          "cix": 2,
          "bm": 0,
          "ix": 2,
          "mn": "ADBE Vector Group",
          "hd": false,
          "_render": true
        },
        {
          "ty": "gr",
          "it": [
            {
              "ind": 0,
              "ty": "sh",
              "ix": 1,
              "ks": {
                "a": 0,
                "k": {
                  "i": [
                    [
                      0,
                      -232.223
                    ],
                    [
                      0,
                      232.223
                    ]
                  ],
                  "o": [
                    [
                      0,
                      -232.223
                    ],
                    [
                      0,
                      232.223
                    ]
                  ],
                  "v": [
                    [
                      0,
                      -232.223
                    ],
                    [
                      0,
                      232.223
                    ]
                  ],
                  "c": false
                },
                "ix": 2
              },
              "nm": "Path 1",
              "mn": "ADBE Vector Shape - Group",
              "hd": false,
              "_render": true
            },
            {
              "ty": "st",
              "c": {
                "a": 0,
                "k": [
                  0,
                  0,
                  0,
                  1
                ],
                "ix": 3
              },
              "o": {
                "a": 0,
                "k": 100,
                "ix": 4
              },
              "w": {
                "a": 0,
                "k": 35,
                "ix": 5
              },
              "lc": 2,
              "lj": 2,
              "bm": 0,
              "nm": "Stroke 1",
              "mn": "ADBE Vector Graphic - Stroke",
              "hd": false,
              "_render": true
            },
            {
              "ty": "tr",
              "p": {
                "a": 0,
                "k": [
                  335.176,
                  500
                ],
                "ix": 2
              },
              "a": {
                "a": 0,
                "k": [
                  0,
                  0
                ],
                "ix": 1
              },
              "s": {
                "a": 0,
                "k": [
                  100,
                  100
                ],
                "ix": 3
              },
              "r": {
                "a": 0,
                "k": 0,
                "ix": 6
              },
              "o": {
                "a": 0,
                "k": 100,
                "ix": 7
              },
              "sk": {
                "a": 0,
                "k": 0,
                "ix": 4
              },
              "sa": {
                "a": 0,
                "k": 0,
                "ix": 5
              },
              "nm": "Transform",
              "_render": true
            }
          ],
          "nm": "Group 3",
          "np": 2,
          "cix": 2,
          "bm": 0,
          "ix": 3,
          "mn": "ADBE Vector Group",
          "hd": false,
          "_render": true
        }
      ],
      "ip": 0,
      "op": 120.12012012012,
      "st": 0,
      "ct": 1,
      "bm": 0,
      "completed": true
    }
  ],
  "markers": [],
  "__complete": true
}