{
  "v": "5.9.6",
  "fr": 60,
  "ip": 0,
  "op": 120,
  "w": 750,
  "h": 750,
  "nm": "Comp 1",
  "ddd": 0,
  "assets": [],
  "layers": [
    {
      "ddd": 0,
      "ind": 1,
      "ty": 4,
      "nm": "Layer 1",
      "sr": 1,
      "ks": {
        "o": {
          "a": 0,
          "k": 100,
          "ix": 11
        },
        "r": {
          "a": 0,
          "k": 0,
          "ix": 10
        },
        "p": {
          "a": 0,
          "k": [
            375,
            375,
            0
          ],
          "ix": 2,
          "l": 2
        },
        "a": {
          "a": 0,
          "k": [
            540,
            540,
            0
          ],
          "ix": 1,
          "l": 2
        },
        "s": {
          "a": 0,
          "k": [
            900,
            900,
            100
          ],
          "ix": 6,
          "l": 2
        }
      },
      "ao": 0,
      "shapes": [
        {
          "ty": "gr",
          "it": [
            {
              "ind": 0,
              "ty": "sh",
              "ix": 1,
              "ks": {
                "a": 1,
                "k": [
                  {
                    "i": {
                      "x": 0.32,
                      "y": 1
                    },
                    "o": {
                      "x": 0.68,
                      "y": 0
                    },
                    "t": 0,
                    "s": [
                      {
                        "i": [
                          [
                            26.295,
                            10.683
                          ],
                          [
                            -21.082,
                            10.683
                          ],
                          [
                            -23.218999999999998,
                            10.078
                          ],
                          [
                            -27.045,
                            -8.042
                          ],
                          [
                            -26.295,
                            -10.683
                          ],
                          [
                            19.082,
                            -10.683
                          ],
                          [
                            21.218999999999998,
                            -10.078
                          ],
                          [
                            27.045,
                            8.042
                          ]
                        ],
                        "o": [
                          [
                            24.59,
                            10.683
                          ],
                          [
                            -22.219,
                            10.683
                          ],
                          [
                            -23.537,
                            9.197
                          ],
                          [
                            -27.522000000000002,
                            -9.363
                          ],
                          [
                            -24.59,
                            -10.683
                          ],
                          [
                            20.219,
                            -10.683
                          ],
                          [
                            21.537,
                            -9.197
                          ],
                          [
                            27.522000000000002,
                            9.363
                          ]
                        ],
                        "v": [
                          [
                            24.59,
                            10.683
                          ],
                          [
                            -21.082,
                            10.683
                          ],
                          [
                            -23.537,
                            9.197
                          ],
                          [
                            -27.045,
                            -8.042
                          ],
                          [
                            -24.59,
                            -10.683
                          ],
                          [
                            19.082,
                            -10.683
                          ],
                          [
                            21.537,
                            -9.197
                          ],
                          [
                            27.045,
                            8.042
                          ]
                        ],
                        "c": true
                      }
                    ]
                  },
                  {
                    "i": {
                      "x": 0.32,
                      "y": 1
                    },
                    "o": {
                      "x": 0.68,
                      "y": 0
                    },
                    "t": 17.25,
                    "s": [
                      {
                        "i": [
                          [
                            26.295,
                            10.683
                          ],
                          [
                            -21.082,
                            10.683
                          ],
                          [
                            -23.218999999999998,
                            10.078
                          ],
                          [
                            -23.934,
                            -8.084
                          ],
                          [
                            -23.183999999999997,
                            -10.725
                          ],
                          [
                            24.86,
                            -10.7
                          ],
                          [
                            26.997,
                            -10.095
                          ],
                          [
                            27.045,
                            8.042
                          ]
                        ],
                        "o": [
                          [
                            24.59,
                            10.683
                          ],
                          [
                            -22.219,
                            10.683
                          ],
                          [
                            -23.537,
                            9.197
                          ],
                          [
                            -24.411,
                            -9.405
                          ],
                          [
                            -21.479,
                            -10.725
                          ],
                          [
                            25.997,
                            -10.7
                          ],
                          [
                            27.315,
                            -9.214
                          ],
                          [
                            27.522000000000002,
                            9.363
                          ]
                        ],
                        "v": [
                          [
                            24.59,
                            10.683
                          ],
                          [
                            -21.082,
                            10.683
                          ],
                          [
                            -23.537,
                            9.197
                          ],
                          [
                            -23.934,
                            -8.084
                          ],
                          [
                            -21.479,
                            -10.725
                          ],
                          [
                            24.86,
                            -10.7
                          ],
                          [
                            27.315,
                            -9.214
                          ],
                          [
                            27.045,
                            8.042
                          ]
                        ],
                        "c": true
                      }
                    ]
                  },
                  {
                    "i": {
                      "x": 0.32,
                      "y": 1
                    },
                    "o": {
                      "x": 0.68,
                      "y": 0
                    },
                    "t": 34.5,
                    "s": [
                      {
                        "i": [
                          [
                            26.295,
                            10.683
                          ],
                          [
                            -21.082,
                            10.683
                          ],
                          [
                            -23.218999999999998,
                            10.078
                          ],
                          [
                            -23.934,
                            -12.084
                          ],
                          [
                            -23.183999999999997,
                            -14.725
                          ],
                          [
                            24.86,
                            -14.7
                          ],
                          [
                            26.997,
                            -14.095
                          ],
                          [
                            27.045,
                            8.042
                          ]
                        ],
                        "o": [
                          [
                            24.59,
                            10.683
                          ],
                          [
                            -22.219,
                            10.683
                          ],
                          [
                            -23.537,
                            9.197
                          ],
                          [
                            -24.411,
                            -13.405
                          ],
                          [
                            -21.479,
                            -14.725
                          ],
                          [
                            25.997,
                            -14.7
                          ],
                          [
                            27.315,
                            -13.214
                          ],
                          [
                            27.522000000000002,
                            9.363
                          ]
                        ],
                        "v": [
                          [
                            24.59,
                            10.683
                          ],
                          [
                            -21.082,
                            10.683
                          ],
                          [
                            -23.537,
                            9.197
                          ],
                          [
                            -23.934,
                            -12.084
                          ],
                          [
                            -21.479,
                            -14.725
                          ],
                          [
                            24.86,
                            -14.7
                          ],
                          [
                            27.315,
                            -13.214
                          ],
                          [
                            27.045,
                            8.042
                          ]
                        ],
                        "c": true
                      }
                    ]
                  },
                  {
                    "i": {
                      "x": 0.32,
                      "y": 1
                    },
                    "o": {
                      "x": 0.68,
                      "y": 0
                    },
                    "t": 51.75,
                    "s": [
                      {
                        "i": [
                          [
                            26.295,
                            10.683
                          ],
                          [
                            -21.082,
                            10.683
                          ],
                          [
                            -23.218999999999998,
                            10.078
                          ],
                          [
                            -23.934,
                            -4.973
                          ],
                          [
                            -23.183999999999997,
                            -7.614
                          ],
                          [
                            24.86,
                            -7.589
                          ],
                          [
                            26.997,
                            -6.984
                          ],
                          [
                            27.045,
                            8.042
                          ]
                        ],
                        "o": [
                          [
                            24.59,
                            10.683
                          ],
                          [
                            -22.219,
                            10.683
                          ],
                          [
                            -23.537,
                            9.197
                          ],
                          [
                            -24.411,
                            -6.294
                          ],
                          [
                            -21.479,
                            -7.614
                          ],
                          [
                            25.997,
                            -7.589
                          ],
                          [
                            27.315,
                            -6.103
                          ],
                          [
                            27.522000000000002,
                            9.363
                          ]
                        ],
                        "v": [
                          [
                            24.59,
                            10.683
                          ],
                          [
                            -21.082,
                            10.683
                          ],
                          [
                            -23.537,
                            9.197
                          ],
                          [
                            -23.934,
                            -4.973
                          ],
                          [
                            -21.479,
                            -7.614
                          ],
                          [
                            24.86,
                            -7.589
                          ],
                          [
                            27.315,
                            -6.103
                          ],
                          [
                            27.045,
                            8.042
                          ]
                        ],
                        "c": true
                      }
                    ]
                  },
                  {
                    "t": 69,
                    "s": [
                      {
                        "i": [
                          [
                            26.295,
                            10.683
                          ],
                          [
                            -21.082,
                            10.683
                          ],
                          [
                            -23.218999999999998,
                            10.078
                          ],
                          [
                            -27.045,
                            -8.042
                          ],
                          [
                            -26.295,
                            -10.683
                          ],
                          [
                            19.082,
                            -10.683
                          ],
                          [
                            21.218999999999998,
                            -10.078
                          ],
                          [
                            27.045,
                            8.042
                          ]
                        ],
                        "o": [
                          [
                            24.59,
                            10.683
                          ],
                          [
                            -22.219,
                            10.683
                          ],
                          [
                            -23.537,
                            9.197
                          ],
                          [
                            -27.522000000000002,
                            -9.363
                          ],
                          [
                            -24.59,
                            -10.683
                          ],
                          [
                            20.219,
                            -10.683
                          ],
                          [
                            21.537,
                            -9.197
                          ],
                          [
                            27.522000000000002,
                            9.363
                          ]
                        ],
                        "v": [
                          [
                            24.59,
                            10.683
                          ],
                          [
                            -21.082,
                            10.683
                          ],
                          [
                            -23.537,
                            9.197
                          ],
                          [
                            -27.045,
                            -8.042
                          ],
                          [
                            -24.59,
                            -10.683
                          ],
                          [
                            19.082,
                            -10.683
                          ],
                          [
                            21.537,
                            -9.197
                          ],
                          [
                            27.045,
                            8.042
                          ]
                        ],
                        "c": true
                      }
                    ]
                  }
                ],
                "ix": 2
              },
              "nm": "Path 1",
              "mn": "ADBE Vector Shape - Group",
              "hd": false,
              "_render": true
            },
            {
              "ty": "st",
              "c": {
                "a": 0,
                "k": [
                  0,
                  0,
                  0,
                  1
                ],
                "ix": 3
              },
              "o": {
                "a": 0,
                "k": 100,
                "ix": 4
              },
              "w": {
                "a": 0,
                "k": 3.8,
                "ix": 5
              },
              "lc": 2,
              "lj": 2,
              "bm": 0,
              "nm": "Stroke 1",
              "mn": "ADBE Vector Graphic - Stroke",
              "hd": false,
              "_render": true
            },
            {
              "ty": "tr",
              "p": {
                "a": 0,
                "k": [
                  539.848,
                  547.604
                ],
                "ix": 2
              },
              "a": {
                "a": 0,
                "k": [
                  0,
                  0
                ],
                "ix": 1
              },
              "s": {
                "a": 0,
                "k": [
                  100,
                  100
                ],
                "ix": 3
              },
              "r": {
                "a": 0,
                "k": 0,
                "ix": 6
              },
              "o": {
                "a": 0,
                "k": 100,
                "ix": 7
              },
              "sk": {
                "a": 0,
                "k": 0,
                "ix": 4
              },
              "sa": {
                "a": 0,
                "k": 0,
                "ix": 5
              },
              "nm": "Transform",
              "_render": true
            }
          ],
          "nm": "Group 1",
          "np": 2,
          "cix": 2,
          "bm": 0,
          "ix": 1,
          "mn": "ADBE Vector Group",
          "hd": false,
          "_render": true
        },
        {
          "ty": "gr",
          "it": [
            {
              "ind": 0,
              "ty": "sh",
              "ix": 1,
              "ks": {
                "a": 1,
                "k": [
                  {
                    "i": {
                      "x": 0.32,
                      "y": 1
                    },
                    "o": {
                      "x": 0.68,
                      "y": 0
                    },
                    "t": 0,
                    "s": [
                      {
                        "i": [
                          [
                            -23.95,
                            -3.08
                          ],
                          [
                            -23.95,
                            -8.8
                          ],
                          [
                            -23.07,
                            -10.77
                          ],
                          [
                            0.69,
                            -10.77
                          ],
                          [
                            3.7,
                            -16.29
                          ],
                          [
                            5.48,
                            -18.29
                          ],
                          [
                            22.29,
                            -18.29
                          ],
                          [
                            23.95,
                            -17.540000000000003
                          ],
                          [
                            23.89,
                            -7.77
                          ],
                          [
                            23.89,
                            16.31
                          ],
                          [
                            23.01,
                            18.29
                          ],
                          [
                            21.09,
                            18.29
                          ],
                          [
                            -21.98,
                            18.29
                          ]
                        ],
                        "o": [
                          [
                            -23.95,
                            -3.08
                          ],
                          [
                            -23.95,
                            -9.89
                          ],
                          [
                            -21.98,
                            -10.77
                          ],
                          [
                            0.69,
                            -10.77
                          ],
                          [
                            4.26,
                            -17.509999999999998
                          ],
                          [
                            6.82,
                            -18.29
                          ],
                          [
                            23.21,
                            -18.29
                          ],
                          [
                            23.95,
                            -16.62
                          ],
                          [
                            23.89,
                            -7.77
                          ],
                          [
                            23.89,
                            17.4
                          ],
                          [
                            21.92,
                            18.29
                          ],
                          [
                            21.09,
                            18.29
                          ],
                          [
                            -21.98,
                            18.29
                          ]
                        ],
                        "v": [
                          [
                            -23.95,
                            -3.08
                          ],
                          [
                            -23.95,
                            -8.8
                          ],
                          [
                            -21.98,
                            -10.77
                          ],
                          [
                            0.69,
                            -10.77
                          ],
                          [
                            3.7,
                            -16.29
                          ],
                          [
                            6.82,
                            -18.29
                          ],
                          [
                            22.29,
                            -18.29
                          ],
                          [
                            23.95,
                            -16.62
                          ],
                          [
                            23.89,
                            -7.77
                          ],
                          [
                            23.89,
                            16.31
                          ],
                          [
                            21.92,
                            18.29
                          ],
                          [
                            21.09,
                            18.29
                          ],
                          [
                            -21.98,
                            18.29
                          ]
                        ],
                        "c": false
                      }
                    ]
                  },
                  {
                    "i": {
                      "x": 0.32,
                      "y": 1
                    },
                    "o": {
                      "x": 0.68,
                      "y": 0
                    },
                    "t": 34.5,
                    "s": [
                      {
                        "i": [
                          [
                            -23.95,
                            -7.08
                          ],
                          [
                            -23.95,
                            -8.8
                          ],
                          [
                            -23.07,
                            -10.77
                          ],
                          [
                            0.69,
                            -10.77
                          ],
                          [
                            3.7,
                            -16.29
                          ],
                          [
                            5.48,
                            -18.29
                          ],
                          [
                            22.29,
                            -18.29
                          ],
                          [
                            23.95,
                            -17.540000000000003
                          ],
                          [
                            23.89,
                            -7.77
                          ],
                          [
                            23.89,
                            16.31
                          ],
                          [
                            23.01,
                            18.29
                          ],
                          [
                            21.09,
                            18.29
                          ],
                          [
                            -21.98,
                            18.29
                          ]
                        ],
                        "o": [
                          [
                            -23.95,
                            -7.08
                          ],
                          [
                            -23.95,
                            -9.89
                          ],
                          [
                            -21.98,
                            -10.77
                          ],
                          [
                            0.69,
                            -10.77
                          ],
                          [
                            4.26,
                            -17.509999999999998
                          ],
                          [
                            6.82,
                            -18.29
                          ],
                          [
                            23.21,
                            -18.29
                          ],
                          [
                            23.95,
                            -16.62
                          ],
                          [
                            23.89,
                            -7.77
                          ],
                          [
                            23.89,
                            17.4
                          ],
                          [
                            21.92,
                            18.29
                          ],
                          [
                            21.09,
                            18.29
                          ],
                          [
                            -21.98,
                            18.29
                          ]
                        ],
                        "v": [
                          [
                            -23.95,
                            -7.08
                          ],
                          [
                            -23.95,
                            -8.8
                          ],
                          [
                            -21.98,
                            -10.77
                          ],
                          [
                            0.69,
                            -10.77
                          ],
                          [
                            3.7,
                            -16.29
                          ],
                          [
                            6.82,
                            -18.29
                          ],
                          [
                            22.29,
                            -18.29
                          ],
                          [
                            23.95,
                            -16.62
                          ],
                          [
                            23.89,
                            -7.77
                          ],
                          [
                            23.89,
                            16.31
                          ],
                          [
                            21.92,
                            18.29
                          ],
                          [
                            21.09,
                            18.29
                          ],
                          [
                            -21.98,
                            18.29
                          ]
                        ],
                        "c": false
                      }
                    ]
                  },
                  {
                    "i": {
                      "x": 0.32,
                      "y": 1
                    },
                    "o": {
                      "x": 0.68,
                      "y": 0
                    },
                    "t": 51.75,
                    "s": [
                      {
                        "i": [
                          [
                            -23.95,
                            0.031
                          ],
                          [
                            -23.95,
                            -8.8
                          ],
                          [
                            -23.07,
                            -10.77
                          ],
                          [
                            0.69,
                            -10.77
                          ],
                          [
                            3.7,
                            -16.29
                          ],
                          [
                            5.48,
                            -18.29
                          ],
                          [
                            22.29,
                            -18.29
                          ],
                          [
                            23.95,
                            -17.540000000000003
                          ],
                          [
                            23.89,
                            -7.77
                          ],
                          [
                            23.89,
                            16.31
                          ],
                          [
                            23.01,
                            18.29
                          ],
                          [
                            21.09,
                            18.29
                          ],
                          [
                            -21.98,
                            18.29
                          ]
                        ],
                        "o": [
                          [
                            -23.95,
                            0.031
                          ],
                          [
                            -23.95,
                            -9.89
                          ],
                          [
                            -21.98,
                            -10.77
                          ],
                          [
                            0.69,
                            -10.77
                          ],
                          [
                            4.26,
                            -17.509999999999998
                          ],
                          [
                            6.82,
                            -18.29
                          ],
                          [
                            23.21,
                            -18.29
                          ],
                          [
                            23.95,
                            -16.62
                          ],
                          [
                            23.89,
                            -7.77
                          ],
                          [
                            23.89,
                            17.4
                          ],
                          [
                            21.92,
                            18.29
                          ],
                          [
                            21.09,
                            18.29
                          ],
                          [
                            -21.98,
                            18.29
                          ]
                        ],
                        "v": [
                          [
                            -23.95,
                            0.031
                          ],
                          [
                            -23.95,
                            -8.8
                          ],
                          [
                            -21.98,
                            -10.77
                          ],
                          [
                            0.69,
                            -10.77
                          ],
                          [
                            3.7,
                            -16.29
                          ],
                          [
                            6.82,
                            -18.29
                          ],
                          [
                            22.29,
                            -18.29
                          ],
                          [
                            23.95,
                            -16.62
                          ],
                          [
                            23.89,
                            -7.77
                          ],
                          [
                            23.89,
                            16.31
                          ],
                          [
                            21.92,
                            18.29
                          ],
                          [
                            21.09,
                            18.29
                          ],
                          [
                            -21.98,
                            18.29
                          ]
                        ],
                        "c": false
                      }
                    ]
                  },
                  {
                    "t": 69,
                    "s": [
                      {
                        "i": [
                          [
                            -23.95,
                            -3.08
                          ],
                          [
                            -23.95,
                            -8.8
                          ],
                          [
                            -23.07,
                            -10.77
                          ],
                          [
                            0.69,
                            -10.77
                          ],
                          [
                            3.7,
                            -16.29
                          ],
                          [
                            5.48,
                            -18.29
                          ],
                          [
                            22.29,
                            -18.29
                          ],
                          [
                            23.95,
                            -17.540000000000003
                          ],
                          [
                            23.89,
                            -7.77
                          ],
                          [
                            23.89,
                            16.31
                          ],
                          [
                            23.01,
                            18.29
                          ],
                          [
                            21.09,
                            18.29
                          ],
                          [
                            -21.98,
                            18.29
                          ]
                        ],
                        "o": [
                          [
                            -23.95,
                            -3.08
                          ],
                          [
                            -23.95,
                            -9.89
                          ],
                          [
                            -21.98,
                            -10.77
                          ],
                          [
                            0.69,
                            -10.77
                          ],
                          [
                            4.26,
                            -17.509999999999998
                          ],
                          [
                            6.82,
                            -18.29
                          ],
                          [
                            23.21,
                            -18.29
                          ],
                          [
                            23.95,
                            -16.62
                          ],
                          [
                            23.89,
                            -7.77
                          ],
                          [
                            23.89,
                            17.4
                          ],
                          [
                            21.92,
                            18.29
                          ],
                          [
                            21.09,
                            18.29
                          ],
                          [
                            -21.98,
                            18.29
                          ]
                        ],
                        "v": [
                          [
                            -23.95,
                            -3.08
                          ],
                          [
                            -23.95,
                            -8.8
                          ],
                          [
                            -21.98,
                            -10.77
                          ],
                          [
                            0.69,
                            -10.77
                          ],
                          [
                            3.7,
                            -16.29
                          ],
                          [
                            6.82,
                            -18.29
                          ],
                          [
                            22.29,
                            -18.29
                          ],
                          [
                            23.95,
                            -16.62
                          ],
                          [
                            23.89,
                            -7.77
                          ],
                          [
                            23.89,
                            16.31
                          ],
                          [
                            21.92,
                            18.29
                          ],
                          [
                            21.09,
                            18.29
                          ],
                          [
                            -21.98,
                            18.29
                          ]
                        ],
                        "c": false
                      }
                    ]
                  }
                ],
                "ix": 2
              },
              "nm": "Path 1",
              "mn": "ADBE Vector Shape - Group",
              "hd": false,
              "_render": true
            },
            {
              "ty": "st",
              "c": {
                "a": 0,
                "k": [
                  0,
                  0,
                  0,
                  1
                ],
                "ix": 3
              },
              "o": {
                "a": 0,
                "k": 100,
                "ix": 4
              },
              "w": {
                "a": 0,
                "k": 3.8,
                "ix": 5
              },
              "lc": 2,
              "lj": 2,
              "bm": 0,
              "nm": "Stroke 1",
              "mn": "ADBE Vector Graphic - Stroke",
              "hd": false,
              "_render": true
            },
            {
              "ty": "tr",
              "p": {
                "a": 0,
                "k": [
                  543.351,
                  540
                ],
                "ix": 2
              },
              "a": {
                "a": 0,
                "k": [
                  0,
                  0
                ],
                "ix": 1
              },
              "s": {
                "a": 0,
                "k": [
                  100,
                  100
                ],
                "ix": 3
              },
              "r": {
                "a": 0,
                "k": 0,
                "ix": 6
              },
              "o": {
                "a": 0,
                "k": 100,
                "ix": 7
              },
              "sk": {
                "a": 0,
                "k": 0,
                "ix": 4
              },
              "sa": {
                "a": 0,
                "k": 0,
                "ix": 5
              },
              "nm": "Transform",
              "_render": true
            }
          ],
          "nm": "Group 2",
          "np": 2,
          "cix": 2,
          "bm": 0,
          "ix": 2,
          "mn": "ADBE Vector Group",
          "hd": false,
          "_render": true
        },
        {
          "ty": "gr",
          "it": [
            {
              "ind": 0,
              "ty": "sh",
              "ix": 1,
              "ks": {
                "a": 1,
                "k": [
                  {
                    "i": {
                      "x": 0.32,
                      "y": 1
                    },
                    "o": {
                      "x": 0.68,
                      "y": 0
                    },
                    "t": 0,
                    "s": [
                      {
                        "i": [
                          [
                            -0.005,
                            0
                          ],
                          [
                            0.005,
                            0
                          ]
                        ],
                        "o": [
                          [
                            -0.005,
                            0
                          ],
                          [
                            0.005,
                            0
                          ]
                        ],
                        "v": [
                          [
                            -0.005,
                            0
                          ],
                          [
                            0.005,
                            0
                          ]
                        ],
                        "c": false
                      }
                    ]
                  },
                  {
                    "t": 69,
                    "s": [
                      {
                        "i": [
                          [
                            -0.005,
                            0
                          ],
                          [
                            0.005,
                            0
                          ]
                        ],
                        "o": [
                          [
                            -0.005,
                            0
                          ],
                          [
                            0.005,
                            0
                          ]
                        ],
                        "v": [
                          [
                            -0.005,
                            0
                          ],
                          [
                            0.005,
                            0
                          ]
                        ],
                        "c": false
                      }
                    ]
                  }
                ],
                "ix": 2
              },
              "nm": "Path 1",
              "mn": "ADBE Vector Shape - Group",
              "hd": false,
              "_render": true
            },
            {
              "ty": "st",
              "c": {
                "a": 0,
                "k": [
                  0,
                  0,
                  0,
                  1
                ],
                "ix": 3
              },
              "o": {
                "a": 0,
                "k": 100,
                "ix": 4
              },
              "w": {
                "a": 0,
                "k": 3.8,
                "ix": 5
              },
              "lc": 2,
              "lj": 1,
              "ml": 10,
              "bm": 0,
              "nm": "Stroke 1",
              "mn": "ADBE Vector Graphic - Stroke",
              "hd": false,
              "_render": true
            },
            {
              "ty": "tr",
              "p": {
                "a": 0,
                "k": [
                  544.046,
                  529.23
                ],
                "ix": 2
              },
              "a": {
                "a": 0,
                "k": [
                  0,
                  0
                ],
                "ix": 1
              },
              "s": {
                "a": 0,
                "k": [
                  100,
                  100
                ],
                "ix": 3
              },
              "r": {
                "a": 0,
                "k": 0,
                "ix": 6
              },
              "o": {
                "a": 0,
                "k": 100,
                "ix": 7
              },
              "sk": {
                "a": 0,
                "k": 0,
                "ix": 4
              },
              "sa": {
                "a": 0,
                "k": 0,
                "ix": 5
              },
              "nm": "Transform",
              "_render": true
            }
          ],
          "nm": "Group 3",
          "np": 2,
          "cix": 2,
          "bm": 0,
          "ix": 3,
          "mn": "ADBE Vector Group",
          "hd": false,
          "_render": true
        }
      ],
      "ip": 0,
      "op": 120,
      "st": 0,
      "ct": 1,
      "bm": 0,
      "completed": true
    }
  ],
  "markers": [],
  "__complete": true
}