{
  "v": "5.9.6",
  "fr": 60,
  "ip": 0,
  "op": 120,
  "w": 750,
  "h": 750,
  "nm": "Comp 1",
  "ddd": 0,
  "assets": [],
  "layers": [
    {
      "ddd": 0,
      "ind": 1,
      "ty": 4,
      "nm": "Layer 2",
      "sr": 1,
      "ks": {
        "o": {
          "a": 0,
          "k": 100,
          "ix": 11
        },
        "r": {
          "a": 0,
          "k": 0,
          "ix": 10
        },
        "p": {
          "a": 0,
          "k": [
            362.5,
            383.5,
            0
          ],
          "ix": 2,
          "l": 2
        },
        "a": {
          "a": 0,
          "k": [
            487.5,
            508.5,
            0
          ],
          "ix": 1,
          "l": 2
        },
        "s": {
          "a": 0,
          "k": [
            100,
            100,
            100
          ],
          "ix": 6,
          "l": 2
        }
      },
      "ao": 0,
      "shapes": [
        {
          "ty": "gr",
          "it": [
            {
              "ind": 0,
              "ty": "sh",
              "ix": 1,
              "ks": {
                "a": 0,
                "k": {
                  "i": [
                    [
                      110,
                      -127.941
                    ],
                    [
                      110,
                      33.828
                    ],
                    [
                      115.167,
                      48.492
                    ],
                    [
                      238,
                      87.39
                    ],
                    [
                      238,
                      -90.5
                    ],
                    [
                      171.962,
                      -238
                    ],
                    [
                      -90.5,
                      -238
                    ],
                    [
                      -238,
                      -171.962
                    ],
                    [
                      -238,
                      90.5
                    ],
                    [
                      -171.962,
                      238
                    ],
                    [
                      90.5,
                      238
                    ]
                  ],
                  "o": [
                    [
                      110,
                      -127.941
                    ],
                    [
                      110,
                      33.828
                    ],
                    [
                      161.59,
                      112.48400000000001
                    ],
                    [
                      238,
                      27.782
                    ],
                    [
                      238,
                      -171.962
                    ],
                    [
                      90.5,
                      -238
                    ],
                    [
                      -171.962,
                      -238
                    ],
                    [
                      -238,
                      -90.5
                    ],
                    [
                      -238,
                      171.962
                    ],
                    [
                      -90.5,
                      238
                    ],
                    [
                      90.5,
                      238
                    ]
                  ],
                  "v": [
                    [
                      110,
                      -127.941
                    ],
                    [
                      110,
                      33.828
                    ],
                    [
                      126.588,
                      64.235
                    ],
                    [
                      238,
                      27.782
                    ],
                    [
                      238,
                      -90.5
                    ],
                    [
                      90.5,
                      -238
                    ],
                    [
                      -90.5,
                      -238
                    ],
                    [
                      -238,
                      -90.5
                    ],
                    [
                      -238,
                      90.5
                    ],
                    [
                      -90.5,
                      238
                    ],
                    [
                      90.5,
                      238
                    ]
                  ],
                  "c": false
                },
                "ix": 2
              },
              "nm": "Path 1",
              "mn": "ADBE Vector Shape - Group",
              "hd": false,
              "_render": true
            },
            {
              "ty": "st",
              "c": {
                "a": 0,
                "k": [
                  0,
                  0,
                  0,
                  1
                ],
                "ix": 3
              },
              "o": {
                "a": 0,
                "k": 100,
                "ix": 4
              },
              "w": {
                "a": 0,
                "k": 35,
                "ix": 5
              },
              "lc": 2,
              "lj": 2,
              "bm": 0,
              "nm": "Stroke 1",
              "mn": "ADBE Vector Graphic - Stroke",
              "hd": false,
              "_render": true
            },
            {
              "ty": "tm",
              "s": {
                "a": 0,
                "k": 0,
                "ix": 1
              },
              "e": {
                "a": 1,
                "k": [
                  {
                    "i": {
                      "x": [
                        0.37
                      ],
                      "y": [
                        1
                      ]
                    },
                    "o": {
                      "x": [
                        0.63
                      ],
                      "y": [
                        0
                      ]
                    },
                    "t": 0,
                    "s": [
                      100
                    ]
                  },
                  {
                    "i": {
                      "x": [
                        0.37
                      ],
                      "y": [
                        1
                      ]
                    },
                    "o": {
                      "x": [
                        0.63
                      ],
                      "y": [
                        0
                      ]
                    },
                    "t": 25,
                    "s": [
                      54
                    ]
                  },
                  {
                    "t": 65,
                    "s": [
                      100
                    ]
                  }
                ],
                "ix": 2
              },
              "o": {
                "a": 0,
                "k": 0,
                "ix": 3
              },
              "m": 1,
              "ix": 3,
              "nm": "Trim Paths 1",
              "mn": "ADBE Vector Filter - Trim",
              "hd": false,
              "_render": true
            },
            {
              "ty": "tr",
              "p": {
                "a": 0,
                "k": [
                  487.5,
                  508.5
                ],
                "ix": 2
              },
              "a": {
                "a": 0,
                "k": [
                  0,
                  0
                ],
                "ix": 1
              },
              "s": {
                "a": 0,
                "k": [
                  100,
                  100
                ],
                "ix": 3
              },
              "r": {
                "a": 0,
                "k": 0,
                "ix": 6
              },
              "o": {
                "a": 0,
                "k": 100,
                "ix": 7
              },
              "sk": {
                "a": 0,
                "k": 0,
                "ix": 4
              },
              "sa": {
                "a": 0,
                "k": 0,
                "ix": 5
              },
              "nm": "Transform",
              "_render": true
            }
          ],
          "nm": "Group 1",
          "np": 3,
          "cix": 2,
          "bm": 0,
          "ix": 1,
          "mn": "ADBE Vector Group",
          "hd": false,
          "_render": true
        },
        {
          "ty": "gr",
          "it": [
            {
              "ind": 0,
              "ty": "sh",
              "ix": 1,
              "ks": {
                "a": 0,
                "k": {
                  "i": [
                    [
                      79.47800000000001,
                      110
                    ],
                    [
                      -41.828,
                      110
                    ],
                    [
                      -110,
                      79.47800000000001
                    ],
                    [
                      -110,
                      -41.828
                    ],
                    [
                      -79.47800000000001,
                      -110
                    ],
                    [
                      41.828,
                      -110
                    ],
                    [
                      110,
                      -79.47800000000001
                    ],
                    [
                      110,
                      41.828
                    ]
                  ],
                  "o": [
                    [
                      41.828,
                      110
                    ],
                    [
                      -79.47800000000001,
                      110
                    ],
                    [
                      -110,
                      41.828
                    ],
                    [
                      -110,
                      -79.47800000000001
                    ],
                    [
                      -41.828,
                      -110
                    ],
                    [
                      79.47800000000001,
                      -110
                    ],
                    [
                      110,
                      -41.828
                    ],
                    [
                      110,
                      79.47800000000001
                    ]
                  ],
                  "v": [
                    [
                      41.828,
                      110
                    ],
                    [
                      -41.828,
                      110
                    ],
                    [
                      -110,
                      41.828
                    ],
                    [
                      -110,
                      -41.828
                    ],
                    [
                      -41.828,
                      -110
                    ],
                    [
                      41.828,
                      -110
                    ],
                    [
                      110,
                      -41.828
                    ],
                    [
                      110,
                      41.828
                    ]
                  ],
                  "c": true
                },
                "ix": 2
              },
              "nm": "Path 1",
              "mn": "ADBE Vector Shape - Group",
              "hd": false,
              "_render": true
            },
            {
              "ty": "st",
              "c": {
                "a": 0,
                "k": [
                  0,
                  0,
                  0,
                  1
                ],
                "ix": 3
              },
              "o": {
                "a": 0,
                "k": 100,
                "ix": 4
              },
              "w": {
                "a": 0,
                "k": 35,
                "ix": 5
              },
              "lc": 2,
              "lj": 2,
              "bm": 0,
              "nm": "Stroke 1",
              "mn": "ADBE Vector Graphic - Stroke",
              "hd": false,
              "_render": true
            },
            {
              "ty": "tr",
              "p": {
                "a": 0,
                "k": [
                  487.5,
                  500.5
                ],
                "ix": 2
              },
              "a": {
                "a": 0,
                "k": [
                  0,
                  0
                ],
                "ix": 1
              },
              "s": {
                "a": 0,
                "k": [
                  100,
                  100
                ],
                "ix": 3
              },
              "r": {
                "a": 0,
                "k": 0,
                "ix": 6
              },
              "o": {
                "a": 0,
                "k": 100,
                "ix": 7
              },
              "sk": {
                "a": 0,
                "k": 0,
                "ix": 4
              },
              "sa": {
                "a": 0,
                "k": 0,
                "ix": 5
              },
              "nm": "Transform",
              "_render": true
            }
          ],
          "nm": "Group 2",
          "np": 2,
          "cix": 2,
          "bm": 0,
          "ix": 2,
          "mn": "ADBE Vector Group",
          "hd": false,
          "_render": true
        }
      ],
      "ip": 0,
      "op": 120,
      "st": 0,
      "ct": 1,
      "bm": 0,
      "completed": true
    }
  ],
  "markers": [],
  "__complete": true
}