{
  "v": "5.9.6",
  "fr": 60,
  "ip": 0,
  "op": 120,
  "w": 750,
  "h": 750,
  "nm": "Comp 1",
  "ddd": 0,
  "assets": [],
  "layers": [
    {
      "ddd": 0,
      "ind": 1,
      "ty": 4,
      "nm": "Layer 1",
      "sr": 1,
      "ks": {
        "o": {
          "a": 0,
          "k": 100,
          "ix": 11
        },
        "r": {
          "a": 0,
          "k": 0,
          "ix": 10
        },
        "p": {
          "a": 0,
          "k": [
            375,
            375,
            0
          ],
          "ix": 2,
          "l": 2
        },
        "a": {
          "a": 0,
          "k": [
            493.147,
            501.735,
            0
          ],
          "ix": 1,
          "l": 2
        },
        "s": {
          "a": 0,
          "k": [
            100,
            100,
            100
          ],
          "ix": 6,
          "l": 2
        }
      },
      "ao": 0,
      "shapes": [
        {
          "ty": "gr",
          "it": [
            {
              "ind": 0,
              "ty": "sh",
              "ix": 1,
              "ks": {
                "a": 1,
                "k": [
                  {
                    "i": {
                      "x": 0.667,
                      "y": 1
                    },
                    "o": {
                      "x": 0.333,
                      "y": 0
                    },
                    "t": 0,
                    "s": [
                      {
                        "i": [
                          [
                            2.782,
                            99.633
                          ],
                          [
                            -27.968,
                            25.234
                          ],
                          [
                            -5.7330000000000005,
                            -19.993000000000002
                          ],
                          [
                            27.968,
                            -99.633
                          ]
                        ],
                        "o": [
                          [
                            2.782,
                            99.633
                          ],
                          [
                            -27.968,
                            25.234
                          ],
                          [
                            -31.145,
                            -76.41300000000001
                          ],
                          [
                            27.968,
                            -99.633
                          ]
                        ],
                        "v": [
                          [
                            2.782,
                            99.633
                          ],
                          [
                            -27.968,
                            25.234
                          ],
                          [
                            -18.439,
                            -48.203
                          ],
                          [
                            27.968,
                            -99.633
                          ]
                        ],
                        "c": false
                      }
                    ]
                  },
                  {
                    "i": {
                      "x": 0.667,
                      "y": 1
                    },
                    "o": {
                      "x": 0.333,
                      "y": 0
                    },
                    "t": 43.043,
                    "s": [
                      {
                        "i": [
                          [
                            -278.132,
                            137.867
                          ],
                          [
                            -203.733,
                            107.116
                          ],
                          [
                            -158.506,
                            129.352
                          ],
                          [
                            -78.866,
                            163.053
                          ]
                        ],
                        "o": [
                          [
                            -278.132,
                            137.867
                          ],
                          [
                            -203.733,
                            107.116
                          ],
                          [
                            -102.08599999999998,
                            103.94
                          ],
                          [
                            -78.866,
                            163.053
                          ]
                        ],
                        "v": [
                          [
                            -278.132,
                            137.867
                          ],
                          [
                            -203.733,
                            107.116
                          ],
                          [
                            -130.296,
                            116.646
                          ],
                          [
                            -78.866,
                            163.053
                          ]
                        ],
                        "c": false
                      }
                    ]
                  },
                  {
                    "t": 86.0859375,
                    "s": [
                      {
                        "i": [
                          [
                            2.782,
                            99.633
                          ],
                          [
                            -27.968,
                            25.234
                          ],
                          [
                            -5.7330000000000005,
                            -19.993000000000002
                          ],
                          [
                            27.968,
                            -99.633
                          ]
                        ],
                        "o": [
                          [
                            2.782,
                            99.633
                          ],
                          [
                            -27.968,
                            25.234
                          ],
                          [
                            -31.145,
                            -76.41300000000001
                          ],
                          [
                            27.968,
                            -99.633
                          ]
                        ],
                        "v": [
                          [
                            2.782,
                            99.633
                          ],
                          [
                            -27.968,
                            25.234
                          ],
                          [
                            -18.439,
                            -48.203
                          ],
                          [
                            27.968,
                            -99.633
                          ]
                        ],
                        "c": false
                      }
                    ]
                  }
                ],
                "ix": 2
              },
              "nm": "Path 1",
              "mn": "ADBE Vector Shape - Group",
              "hd": false,
              "_render": true
            },
            {
              "ty": "st",
              "c": {
                "a": 0,
                "k": [
                  0,
                  0,
                  0,
                  1
                ],
                "ix": 3
              },
              "o": {
                "a": 0,
                "k": 100,
                "ix": 4
              },
              "w": {
                "a": 0,
                "k": 35,
                "ix": 5
              },
              "lc": 2,
              "lj": 2,
              "bm": 0,
              "nm": "Stroke 1",
              "mn": "ADBE Vector Graphic - Stroke",
              "hd": false,
              "_render": true
            },
            {
              "ty": "tr",
              "p": {
                "a": 0,
                "k": [
                  649.939,
                  523.443
                ],
                "ix": 2
              },
              "a": {
                "a": 0,
                "k": [
                  0,
                  0
                ],
                "ix": 1
              },
              "s": {
                "a": 0,
                "k": [
                  100,
                  100
                ],
                "ix": 3
              },
              "r": {
                "a": 0,
                "k": 0,
                "ix": 6
              },
              "o": {
                "a": 0,
                "k": 100,
                "ix": 7
              },
              "sk": {
                "a": 0,
                "k": 0,
                "ix": 4
              },
              "sa": {
                "a": 0,
                "k": 0,
                "ix": 5
              },
              "nm": "Transform",
              "_render": true
            }
          ],
          "nm": "Group 1",
          "np": 2,
          "cix": 2,
          "bm": 0,
          "ix": 1,
          "mn": "ADBE Vector Group",
          "hd": false,
          "_render": true
        },
        {
          "ty": "gr",
          "it": [
            {
              "ind": 0,
              "ty": "sh",
              "ix": 1,
              "ks": {
                "a": 1,
                "k": [
                  {
                    "i": {
                      "x": 0.667,
                      "y": 1
                    },
                    "o": {
                      "x": 0.333,
                      "y": 0
                    },
                    "t": 0,
                    "s": [
                      {
                        "i": [
                          [
                            -87.55,
                            -4.971
                          ],
                          [
                            -37.469,
                            -16.825000000000003
                          ],
                          [
                            47.986000000000004,
                            -99.565
                          ],
                          [
                            46.105,
                            81.271
                          ]
                        ],
                        "o": [
                          [
                            -87.55,
                            -4.971
                          ],
                          [
                            -25.425,
                            -91.094
                          ],
                          [
                            110.104,
                            21.847
                          ],
                          [
                            46.105,
                            81.271
                          ]
                        ],
                        "v": [
                          [
                            -87.55,
                            -4.971
                          ],
                          [
                            -33.896,
                            -38.859
                          ],
                          [
                            79.045,
                            -38.859
                          ],
                          [
                            46.105,
                            81.271
                          ]
                        ],
                        "c": false
                      }
                    ]
                  },
                  {
                    "i": {
                      "x": 0.667,
                      "y": 1
                    },
                    "o": {
                      "x": 0.333,
                      "y": 0
                    },
                    "t": 43.043,
                    "s": [
                      {
                        "i": [
                          [
                            -32.489,
                            -283.102
                          ],
                          [
                            -20.636,
                            -233.02
                          ],
                          [
                            62.104000000000006,
                            -147.565
                          ],
                          [
                            -118.731,
                            -149.447
                          ]
                        ],
                        "o": [
                          [
                            -32.489,
                            -283.102
                          ],
                          [
                            53.633,
                            -220.976
                          ],
                          [
                            -59.308,
                            -85.447
                          ],
                          [
                            -118.731,
                            -149.447
                          ]
                        ],
                        "v": [
                          [
                            -32.489,
                            -283.102
                          ],
                          [
                            1.398,
                            -229.447
                          ],
                          [
                            1.398,
                            -116.506
                          ],
                          [
                            -118.731,
                            -149.447
                          ]
                        ],
                        "c": false
                      }
                    ]
                  },
                  {
                    "t": 86.0859375,
                    "s": [
                      {
                        "i": [
                          [
                            -87.55,
                            -4.971
                          ],
                          [
                            -37.469,
                            -16.825000000000003
                          ],
                          [
                            47.986000000000004,
                            -99.565
                          ],
                          [
                            46.105,
                            81.271
                          ]
                        ],
                        "o": [
                          [
                            -87.55,
                            -4.971
                          ],
                          [
                            -25.425,
                            -91.094
                          ],
                          [
                            110.104,
                            21.847
                          ],
                          [
                            46.105,
                            81.271
                          ]
                        ],
                        "v": [
                          [
                            -87.55,
                            -4.971
                          ],
                          [
                            -33.896,
                            -38.859
                          ],
                          [
                            79.045,
                            -38.859
                          ],
                          [
                            46.105,
                            81.271
                          ]
                        ],
                        "c": false
                      }
                    ]
                  }
                ],
                "ix": 2
              },
              "nm": "Path 1",
              "mn": "ADBE Vector Shape - Group",
              "hd": false,
              "_render": true
            },
            {
              "ty": "st",
              "c": {
                "a": 0,
                "k": [
                  0,
                  0,
                  0,
                  1
                ],
                "ix": 3
              },
              "o": {
                "a": 0,
                "k": 100,
                "ix": 4
              },
              "w": {
                "a": 0,
                "k": 35,
                "ix": 5
              },
              "lc": 2,
              "lj": 2,
              "bm": 0,
              "nm": "Stroke 1",
              "mn": "ADBE Vector Graphic - Stroke",
              "hd": false,
              "_render": true
            },
            {
              "ty": "tr",
              "p": {
                "a": 0,
                "k": [
                  414.102,
                  618.241
                ],
                "ix": 2
              },
              "a": {
                "a": 0,
                "k": [
                  0,
                  0
                ],
                "ix": 1
              },
              "s": {
                "a": 0,
                "k": [
                  100,
                  100
                ],
                "ix": 3
              },
              "r": {
                "a": 0,
                "k": 0,
                "ix": 6
              },
              "o": {
                "a": 0,
                "k": 100,
                "ix": 7
              },
              "sk": {
                "a": 0,
                "k": 0,
                "ix": 4
              },
              "sa": {
                "a": 0,
                "k": 0,
                "ix": 5
              },
              "nm": "Transform",
              "_render": true
            }
          ],
          "nm": "Group 2",
          "np": 2,
          "cix": 2,
          "bm": 0,
          "ix": 2,
          "mn": "ADBE Vector Group",
          "hd": false,
          "_render": true
        },
        {
          "ty": "gr",
          "it": [
            {
              "ind": 0,
              "ty": "sh",
              "ix": 1,
              "ks": {
                "a": 1,
                "k": [
                  {
                    "i": {
                      "x": 0.667,
                      "y": 1
                    },
                    "o": {
                      "x": 0.333,
                      "y": 0
                    },
                    "t": 0,
                    "s": [
                      {
                        "i": [
                          [
                            -29.661,
                            -91.249
                          ],
                          [
                            -76.25,
                            -37.602
                          ],
                          [
                            -69.54599999999999,
                            59.965999999999994
                          ],
                          [
                            26.128,
                            82.055
                          ],
                          [
                            10.103,
                            36.442
                          ],
                          [
                            42.339,
                            -6.543
                          ],
                          [
                            86.967,
                            -18.199000000000005
                          ]
                        ],
                        "o": [
                          [
                            -29.661,
                            -91.249
                          ],
                          [
                            -76.25,
                            42.933
                          ],
                          [
                            -35.147,
                            112.394
                          ],
                          [
                            10.33,
                            37.068
                          ],
                          [
                            -12.72,
                            -24.896
                          ],
                          [
                            42.339,
                            -6.543
                          ],
                          [
                            73.829,
                            -70.959
                          ]
                        ],
                        "v": [
                          [
                            -29.661,
                            -91.249
                          ],
                          [
                            -76.25,
                            21.692
                          ],
                          [
                            -60.942,
                            73.08
                          ],
                          [
                            10.548,
                            37.69
                          ],
                          [
                            9.868,
                            35.81
                          ],
                          [
                            42.339,
                            -6.543
                          ],
                          [
                            73.829,
                            -70.959
                          ]
                        ],
                        "c": false
                      }
                    ]
                  },
                  {
                    "i": {
                      "x": 0.667,
                      "y": 1
                    },
                    "o": {
                      "x": 0.333,
                      "y": 0
                    },
                    "t": 43.043,
                    "s": [
                      {
                        "i": [
                          [
                            186.339,
                            93.692
                          ],
                          [
                            132.691,
                            47.104
                          ],
                          [
                            35.124,
                            53.807
                          ],
                          [
                            13.033999999999999,
                            149.482
                          ],
                          [
                            58.648,
                            133.45600000000002
                          ],
                          [
                            101.633,
                            165.692
                          ],
                          [
                            113.28900000000002,
                            210.321
                          ]
                        ],
                        "o": [
                          [
                            186.339,
                            93.692
                          ],
                          [
                            52.156000000000006,
                            47.104
                          ],
                          [
                            -17.304,
                            88.206
                          ],
                          [
                            58.021,
                            133.684
                          ],
                          [
                            119.986,
                            110.63300000000001
                          ],
                          [
                            101.633,
                            165.692
                          ],
                          [
                            166.049,
                            197.183
                          ]
                        ],
                        "v": [
                          [
                            186.339,
                            93.692
                          ],
                          [
                            73.397,
                            47.104
                          ],
                          [
                            22.01,
                            62.411
                          ],
                          [
                            57.399,
                            133.902
                          ],
                          [
                            59.28,
                            133.221
                          ],
                          [
                            101.633,
                            165.692
                          ],
                          [
                            166.049,
                            197.183
                          ]
                        ],
                        "c": false
                      }
                    ]
                  },
                  {
                    "t": 86.0859375,
                    "s": [
                      {
                        "i": [
                          [
                            -29.661,
                            -91.249
                          ],
                          [
                            -76.25,
                            -37.602
                          ],
                          [
                            -69.54599999999999,
                            59.965999999999994
                          ],
                          [
                            26.128,
                            82.055
                          ],
                          [
                            10.103,
                            36.442
                          ],
                          [
                            42.339,
                            -6.543
                          ],
                          [
                            86.967,
                            -18.199000000000005
                          ]
                        ],
                        "o": [
                          [
                            -29.661,
                            -91.249
                          ],
                          [
                            -76.25,
                            42.933
                          ],
                          [
                            -35.147,
                            112.394
                          ],
                          [
                            10.33,
                            37.068
                          ],
                          [
                            -12.72,
                            -24.896
                          ],
                          [
                            42.339,
                            -6.543
                          ],
                          [
                            73.829,
                            -70.959
                          ]
                        ],
                        "v": [
                          [
                            -29.661,
                            -91.249
                          ],
                          [
                            -76.25,
                            21.692
                          ],
                          [
                            -60.942,
                            73.08
                          ],
                          [
                            10.548,
                            37.69
                          ],
                          [
                            9.868,
                            35.81
                          ],
                          [
                            42.339,
                            -6.543
                          ],
                          [
                            73.829,
                            -70.959
                          ]
                        ],
                        "c": false
                      }
                    ]
                  }
                ],
                "ix": 2
              },
              "nm": "Path 1",
              "mn": "ADBE Vector Shape - Group",
              "hd": false,
              "_render": true
            },
            {
              "ty": "st",
              "c": {
                "a": 0,
                "k": [
                  0,
                  0,
                  0,
                  1
                ],
                "ix": 3
              },
              "o": {
                "a": 0,
                "k": 100,
                "ix": 4
              },
              "w": {
                "a": 0,
                "k": 35,
                "ix": 5
              },
              "lc": 2,
              "lj": 2,
              "bm": 0,
              "nm": "Stroke 1",
              "mn": "ADBE Vector Graphic - Stroke",
              "hd": false,
              "_render": true
            },
            {
              "ty": "tr",
              "p": {
                "a": 0,
                "k": [
                  507.279,
                  392.514
                ],
                "ix": 2
              },
              "a": {
                "a": 0,
                "k": [
                  0,
                  0
                ],
                "ix": 1
              },
              "s": {
                "a": 0,
                "k": [
                  100,
                  100
                ],
                "ix": 3
              },
              "r": {
                "a": 0,
                "k": 0,
                "ix": 6
              },
              "o": {
                "a": 0,
                "k": 100,
                "ix": 7
              },
              "sk": {
                "a": 0,
                "k": 0,
                "ix": 4
              },
              "sa": {
                "a": 0,
                "k": 0,
                "ix": 5
              },
              "nm": "Transform",
              "_render": true
            }
          ],
          "nm": "Group 3",
          "np": 2,
          "cix": 2,
          "bm": 0,
          "ix": 3,
          "mn": "ADBE Vector Group",
          "hd": false,
          "_render": true
        },
        {
          "ty": "gr",
          "it": [
            {
              "ind": 0,
              "ty": "sh",
              "ix": 1,
              "ks": {
                "a": 1,
                "k": [
                  {
                    "i": {
                      "x": 0.667,
                      "y": 1
                    },
                    "o": {
                      "x": 0.333,
                      "y": 0
                    },
                    "t": 0,
                    "s": [
                      {
                        "i": [
                          [
                            -149.702,
                            -271.059
                          ],
                          [
                            271.059,
                            -149.702
                          ],
                          [
                            149.702,
                            271.059
                          ],
                          [
                            -271.059,
                            149.702
                          ]
                        ],
                        "o": [
                          [
                            149.702,
                            -271.059
                          ],
                          [
                            271.059,
                            149.702
                          ],
                          [
                            -149.702,
                            271.059
                          ],
                          [
                            -271.059,
                            -149.702
                          ]
                        ],
                        "v": [
                          [
                            0,
                            -271.059
                          ],
                          [
                            271.059,
                            0
                          ],
                          [
                            0,
                            271.059
                          ],
                          [
                            -271.059,
                            0
                          ]
                        ],
                        "c": true
                      }
                    ]
                  },
                  {
                    "i": {
                      "x": 0.667,
                      "y": 1
                    },
                    "o": {
                      "x": 0.333,
                      "y": 0
                    },
                    "t": 43.043,
                    "s": [
                      {
                        "i": [
                          [
                            271.059,
                            -149.702
                          ],
                          [
                            149.702,
                            271.059
                          ],
                          [
                            -271.059,
                            149.702
                          ],
                          [
                            -149.702,
                            -271.059
                          ]
                        ],
                        "o": [
                          [
                            271.059,
                            149.702
                          ],
                          [
                            -149.702,
                            271.059
                          ],
                          [
                            -271.059,
                            -149.702
                          ],
                          [
                            149.702,
                            -271.059
                          ]
                        ],
                        "v": [
                          [
                            271.059,
                            0
                          ],
                          [
                            0,
                            271.059
                          ],
                          [
                            -271.059,
                            0
                          ],
                          [
                            0,
                            -271.059
                          ]
                        ],
                        "c": true
                      }
                    ]
                  },
                  {
                    "t": 86.0859375,
                    "s": [
                      {
                        "i": [
                          [
                            -149.702,
                            -271.059
                          ],
                          [
                            271.059,
                            -149.702
                          ],
                          [
                            149.702,
                            271.059
                          ],
                          [
                            -271.059,
                            149.702
                          ]
                        ],
                        "o": [
                          [
                            149.702,
                            -271.059
                          ],
                          [
                            271.059,
                            149.702
                          ],
                          [
                            -149.702,
                            271.059
                          ],
                          [
                            -271.059,
                            -149.702
                          ]
                        ],
                        "v": [
                          [
                            0,
                            -271.059
                          ],
                          [
                            271.059,
                            0
                          ],
                          [
                            0,
                            271.059
                          ],
                          [
                            -271.059,
                            0
                          ]
                        ],
                        "c": true
                      }
                    ]
                  }
                ],
                "ix": 2
              },
              "nm": "Path 1",
              "mn": "ADBE Vector Shape - Group",
              "hd": false,
              "_render": true
            },
            {
              "ty": "st",
              "c": {
                "a": 0,
                "k": [
                  0,
                  0,
                  0,
                  1
                ],
                "ix": 3
              },
              "o": {
                "a": 0,
                "k": 100,
                "ix": 4
              },
              "w": {
                "a": 0,
                "k": 35,
                "ix": 5
              },
              "lc": 2,
              "lj": 1,
              "ml": 10,
              "bm": 0,
              "d": [
                {
                  "n": "d",
                  "nm": "dash",
                  "v": {
                    "a": 0,
                    "k": 60,
                    "ix": 1
                  }
                }
              ],
              "nm": "Stroke 1",
              "mn": "ADBE Vector Graphic - Stroke",
              "hd": false,
              "_render": true
            },
            {
              "ty": "tr",
              "p": {
                "a": 0,
                "k": [
                  493.147,
                  501.735
                ],
                "ix": 2
              },
              "a": {
                "a": 0,
                "k": [
                  0,
                  0
                ],
                "ix": 1
              },
              "s": {
                "a": 0,
                "k": [
                  100,
                  100
                ],
                "ix": 3
              },
              "r": {
                "a": 0,
                "k": 0,
                "ix": 6
              },
              "o": {
                "a": 0,
                "k": 100,
                "ix": 7
              },
              "sk": {
                "a": 0,
                "k": 0,
                "ix": 4
              },
              "sa": {
                "a": 0,
                "k": 0,
                "ix": 5
              },
              "nm": "Transform",
              "_render": true
            }
          ],
          "nm": "Group 4",
          "np": 2,
          "cix": 2,
          "bm": 0,
          "ix": 4,
          "mn": "ADBE Vector Group",
          "hd": false,
          "_render": true
        },
        {
          "ty": "gr",
          "it": [
            {
              "ind": 0,
              "ty": "sh",
              "ix": 1,
              "ks": {
                "a": 1,
                "k": [
                  {
                    "i": {
                      "x": 0.667,
                      "y": 1
                    },
                    "o": {
                      "x": 0.333,
                      "y": 0
                    },
                    "t": 0,
                    "s": [
                      {
                        "i": [
                          [
                            -110.717,
                            -200.471
                          ],
                          [
                            200.471,
                            -110.717
                          ],
                          [
                            110.717,
                            200.471
                          ],
                          [
                            -200.471,
                            110.717
                          ]
                        ],
                        "o": [
                          [
                            110.717,
                            -200.471
                          ],
                          [
                            200.471,
                            110.717
                          ],
                          [
                            -110.717,
                            200.471
                          ],
                          [
                            -200.471,
                            -110.717
                          ]
                        ],
                        "v": [
                          [
                            0,
                            -200.471
                          ],
                          [
                            200.471,
                            0
                          ],
                          [
                            0,
                            200.471
                          ],
                          [
                            -200.471,
                            0
                          ]
                        ],
                        "c": true
                      }
                    ]
                  },
                  {
                    "i": {
                      "x": 0.667,
                      "y": 1
                    },
                    "o": {
                      "x": 0.333,
                      "y": 0
                    },
                    "t": 43.043,
                    "s": [
                      {
                        "i": [
                          [
                            200.471,
                            -110.717
                          ],
                          [
                            110.717,
                            200.471
                          ],
                          [
                            -200.471,
                            110.717
                          ],
                          [
                            -110.717,
                            -200.471
                          ]
                        ],
                        "o": [
                          [
                            200.471,
                            110.717
                          ],
                          [
                            -110.717,
                            200.471
                          ],
                          [
                            -200.471,
                            -110.717
                          ],
                          [
                            110.717,
                            -200.471
                          ]
                        ],
                        "v": [
                          [
                            200.471,
                            0
                          ],
                          [
                            0,
                            200.471
                          ],
                          [
                            -200.471,
                            0
                          ],
                          [
                            0,
                            -200.471
                          ]
                        ],
                        "c": true
                      }
                    ]
                  },
                  {
                    "t": 86.0859375,
                    "s": [
                      {
                        "i": [
                          [
                            -110.717,
                            -200.471
                          ],
                          [
                            200.471,
                            -110.717
                          ],
                          [
                            110.717,
                            200.471
                          ],
                          [
                            -200.471,
                            110.717
                          ]
                        ],
                        "o": [
                          [
                            110.717,
                            -200.471
                          ],
                          [
                            200.471,
                            110.717
                          ],
                          [
                            -110.717,
                            200.471
                          ],
                          [
                            -200.471,
                            -110.717
                          ]
                        ],
                        "v": [
                          [
                            0,
                            -200.471
                          ],
                          [
                            200.471,
                            0
                          ],
                          [
                            0,
                            200.471
                          ],
                          [
                            -200.471,
                            0
                          ]
                        ],
                        "c": true
                      }
                    ]
                  }
                ],
                "ix": 2
              },
              "nm": "Path 1",
              "mn": "ADBE Vector Shape - Group",
              "hd": false,
              "_render": true
            },
            {
              "ty": "st",
              "c": {
                "a": 0,
                "k": [
                  0,
                  0,
                  0,
                  1
                ],
                "ix": 3
              },
              "o": {
                "a": 0,
                "k": 100,
                "ix": 4
              },
              "w": {
                "a": 0,
                "k": 35,
                "ix": 5
              },
              "lc": 2,
              "lj": 2,
              "bm": 0,
              "nm": "Stroke 1",
              "mn": "ADBE Vector Graphic - Stroke",
              "hd": false,
              "_render": true
            },
            {
              "ty": "tr",
              "p": {
                "a": 0,
                "k": [
                  493.147,
                  501.735
                ],
                "ix": 2
              },
              "a": {
                "a": 0,
                "k": [
                  0,
                  0
                ],
                "ix": 1
              },
              "s": {
                "a": 0,
                "k": [
                  100,
                  100
                ],
                "ix": 3
              },
              "r": {
                "a": 0,
                "k": 0,
                "ix": 6
              },
              "o": {
                "a": 0,
                "k": 100,
                "ix": 7
              },
              "sk": {
                "a": 0,
                "k": 0,
                "ix": 4
              },
              "sa": {
                "a": 0,
                "k": 0,
                "ix": 5
              },
              "nm": "Transform",
              "_render": true
            }
          ],
          "nm": "Group 5",
          "np": 2,
          "cix": 2,
          "bm": 0,
          "ix": 5,
          "mn": "ADBE Vector Group",
          "hd": false,
          "_render": true
        }
      ],
      "ip": 0,
      "op": 120.12012012012,
      "st": 0,
      "ct": 1,
      "bm": 0,
      "completed": true
    }
  ],
  "markers": [],
  "__complete": true
}