{
  "v": "5.9.6",
  "fr": 60,
  "ip": 0,
  "op": 120,
  "w": 750,
  "h": 750,
  "nm": "Comp 1",
  "ddd": 0,
  "assets": [],
  "layers": [
    {
      "ddd": 0,
      "ind": 1,
      "ty": 4,
      "nm": "Layer 2",
      "sr": 1,
      "ks": {
        "o": {
          "a": 0,
          "k": 100,
          "ix": 11
        },
        "r": {
          "a": 0,
          "k": 0,
          "ix": 10
        },
        "p": {
          "a": 0,
          "k": [
            375,
            375,
            0
          ],
          "ix": 2,
          "l": 2
        },
        "a": {
          "a": 0,
          "k": [
            489.5,
            547.5,
            0
          ],
          "ix": 1,
          "l": 2
        },
        "s": {
          "a": 1,
          "k": [
            {
              "i": {
                "x": [
                  0.667,
                  0.667,
                  0.667
                ],
                "y": [
                  1,
                  1,
                  1
                ]
              },
              "o": {
                "x": [
                  0.333,
                  0.333,
                  0.333
                ],
                "y": [
                  0,
                  0,
                  0
                ]
              },
              "t": 0,
              "s": [
                100,
                100,
                100
              ]
            },
            {
              "i": {
                "x": [
                  0.667,
                  0.667,
                  0.667
                ],
                "y": [
                  1,
                  1,
                  1
                ]
              },
              "o": {
                "x": [
                  0.333,
                  0.333,
                  0.333
                ],
                "y": [
                  0,
                  0,
                  0
                ]
              },
              "t": 25,
              "s": [
                110,
                110,
                100
              ]
            },
            {
              "t": 50,
              "s": [
                100,
                100,
                100
              ]
            }
          ],
          "ix": 6,
          "l": 2
        }
      },
      "ao": 0,
      "shapes": [
        {
          "ty": "gr",
          "it": [
            {
              "ind": 0,
              "ty": "sh",
              "ix": 1,
              "ks": {
                "a": 0,
                "k": {
                  "i": [
                    [
                      -18.073,
                      0
                    ],
                    [
                      18.073,
                      0
                    ]
                  ],
                  "o": [
                    [
                      -18.073,
                      0
                    ],
                    [
                      18.073,
                      0
                    ]
                  ],
                  "v": [
                    [
                      -18.073,
                      0
                    ],
                    [
                      18.073,
                      0
                    ]
                  ],
                  "c": false
                },
                "ix": 2
              },
              "nm": "Path 1",
              "mn": "ADBE Vector Shape - Group",
              "hd": false,
              "_render": true
            },
            {
              "ty": "st",
              "c": {
                "a": 0,
                "k": [
                  0,
                  0,
                  0,
                  1
                ],
                "ix": 3
              },
              "o": {
                "a": 0,
                "k": 100,
                "ix": 4
              },
              "w": {
                "a": 0,
                "k": 35,
                "ix": 5
              },
              "lc": 2,
              "lj": 2,
              "bm": 0,
              "nm": "Stroke 1",
              "mn": "ADBE Vector Graphic - Stroke",
              "hd": false,
              "_render": true
            },
            {
              "ty": "tr",
              "p": {
                "a": 0,
                "k": [
                  471.573,
                  710.5
                ],
                "ix": 2
              },
              "a": {
                "a": 0,
                "k": [
                  0,
                  0
                ],
                "ix": 1
              },
              "s": {
                "a": 0,
                "k": [
                  100,
                  100
                ],
                "ix": 3
              },
              "r": {
                "a": 0,
                "k": 0,
                "ix": 6
              },
              "o": {
                "a": 0,
                "k": 100,
                "ix": 7
              },
              "sk": {
                "a": 0,
                "k": 0,
                "ix": 4
              },
              "sa": {
                "a": 0,
                "k": 0,
                "ix": 5
              },
              "nm": "Transform",
              "_render": true
            }
          ],
          "nm": "Group 1",
          "np": 2,
          "cix": 2,
          "bm": 0,
          "ix": 1,
          "mn": "ADBE Vector Group",
          "hd": false,
          "_render": true
        },
        {
          "ty": "gr",
          "it": [
            {
              "ind": 0,
              "ty": "sh",
              "ix": 1,
              "ks": {
                "a": 0,
                "k": {
                  "i": [
                    [
                      -64.676,
                      -54.539
                    ],
                    [
                      -61.676,
                      -125.539
                    ],
                    [
                      64.676,
                      -54.039
                    ],
                    [
                      63.324,
                      3.4609999999999985
                    ],
                    [
                      17.824,
                      21.961
                    ],
                    [
                      -11.603,
                      35.983000000000004
                    ],
                    [
                      -11.603,
                      127.578
                    ]
                  ],
                  "o": [
                    [
                      -64.676,
                      -54.539
                    ],
                    [
                      62.324,
                      -129.539
                    ],
                    [
                      64.676,
                      -54.039
                    ],
                    [
                      17.824,
                      21.961
                    ],
                    [
                      1.4130000000000003,
                      22.519
                    ],
                    [
                      -11.603,
                      52.404
                    ],
                    [
                      -11.603,
                      127.578
                    ]
                  ],
                  "v": [
                    [
                      -64.676,
                      -54.539
                    ],
                    [
                      0.324,
                      -127.539
                    ],
                    [
                      64.676,
                      -54.039
                    ],
                    [
                      17.824,
                      21.961
                    ],
                    [
                      17.824,
                      21.961
                    ],
                    [
                      -11.603,
                      52.404
                    ],
                    [
                      -11.603,
                      127.578
                    ]
                  ],
                  "c": false
                },
                "ix": 2
              },
              "nm": "Path 1",
              "mn": "ADBE Vector Shape - Group",
              "hd": false,
              "_render": true
            },
            {
              "ty": "tm",
              "s": {
                "a": 0,
                "k": 0,
                "ix": 1
              },
              "e": {
                "a": 1,
                "k": [
                  {
                    "i": {
                      "x": [
                        0.46
                      ],
                      "y": [
                        1
                      ]
                    },
                    "o": {
                      "x": [
                        0.54
                      ],
                      "y": [
                        0
                      ]
                    },
                    "t": 0,
                    "s": [
                      100
                    ]
                  },
                  {
                    "i": {
                      "x": [
                        0.46
                      ],
                      "y": [
                        1
                      ]
                    },
                    "o": {
                      "x": [
                        0.54
                      ],
                      "y": [
                        0
                      ]
                    },
                    "t": 25,
                    "s": [
                      11
                    ]
                  },
                  {
                    "i": {
                      "x": [
                        0.46
                      ],
                      "y": [
                        1
                      ]
                    },
                    "o": {
                      "x": [
                        0.54
                      ],
                      "y": [
                        0
                      ]
                    },
                    "t": 50,
                    "s": [
                      100
                    ]
                  },
                  {
                    "i": {
                      "x": [
                        0.46
                      ],
                      "y": [
                        1
                      ]
                    },
                    "o": {
                      "x": [
                        0.54
                      ],
                      "y": [
                        0
                      ]
                    },
                    "t": 60,
                    "s": [
                      100
                    ]
                  },
                  {
                    "i": {
                      "x": [
                        0.46
                      ],
                      "y": [
                        1
                      ]
                    },
                    "o": {
                      "x": [
                        0.54
                      ],
                      "y": [
                        0
                      ]
                    },
                    "t": 85,
                    "s": [
                      11
                    ]
                  },
                  {
                    "t": 110,
                    "s": [
                      100
                    ]
                  }
                ],
                "ix": 2
              },
              "o": {
                "a": 0,
                "k": 0,
                "ix": 3
              },
              "m": 1,
              "ix": 2,
              "nm": "Trim Paths 1",
              "mn": "ADBE Vector Filter - Trim",
              "hd": false,
              "_render": true
            },
            {
              "ty": "st",
              "c": {
                "a": 0,
                "k": [
                  0,
                  0,
                  0,
                  1
                ],
                "ix": 3
              },
              "o": {
                "a": 0,
                "k": 100,
                "ix": 4
              },
              "w": {
                "a": 0,
                "k": 35,
                "ix": 5
              },
              "lc": 2,
              "lj": 2,
              "bm": 0,
              "nm": "Stroke 1",
              "mn": "ADBE Vector Graphic - Stroke",
              "hd": false,
              "_render": true
            },
            {
              "ty": "tr",
              "p": {
                "a": 0,
                "k": [
                  483.176,
                  536.039
                ],
                "ix": 2
              },
              "a": {
                "a": 0,
                "k": [
                  0,
                  0
                ],
                "ix": 1
              },
              "s": {
                "a": 0,
                "k": [
                  100,
                  100
                ],
                "ix": 3
              },
              "r": {
                "a": 0,
                "k": 0,
                "ix": 6
              },
              "o": {
                "a": 0,
                "k": 100,
                "ix": 7
              },
              "sk": {
                "a": 0,
                "k": 0,
                "ix": 4
              },
              "sa": {
                "a": 0,
                "k": 0,
                "ix": 5
              },
              "nm": "Transform",
              "_render": true
            }
          ],
          "nm": "Group 2",
          "np": 3,
          "cix": 2,
          "bm": 0,
          "ix": 2,
          "mn": "ADBE Vector Group",
          "hd": false,
          "_render": true
        },
        {
          "ty": "gr",
          "it": [
            {
              "ind": 0,
              "ty": "sh",
              "ix": 1,
              "ks": {
                "a": 0,
                "k": {
                  "i": [
                    [
                      -154.317,
                      -238
                    ],
                    [
                      51.088,
                      -238
                    ],
                    [
                      238,
                      -154.317
                    ],
                    [
                      238,
                      51.088
                    ],
                    [
                      154.317,
                      238
                    ],
                    [
                      -51.088,
                      238
                    ],
                    [
                      -238,
                      154.317
                    ],
                    [
                      -238,
                      -51.088
                    ]
                  ],
                  "o": [
                    [
                      -51.088,
                      -238
                    ],
                    [
                      154.317,
                      -238
                    ],
                    [
                      238,
                      -51.088
                    ],
                    [
                      238,
                      154.317
                    ],
                    [
                      51.088,
                      238
                    ],
                    [
                      -154.317,
                      238
                    ],
                    [
                      -238,
                      51.088
                    ],
                    [
                      -238,
                      -154.317
                    ]
                  ],
                  "v": [
                    [
                      -51.088,
                      -238
                    ],
                    [
                      51.088,
                      -238
                    ],
                    [
                      238,
                      -51.088
                    ],
                    [
                      238,
                      51.088
                    ],
                    [
                      51.088,
                      238
                    ],
                    [
                      -51.088,
                      238
                    ],
                    [
                      -238,
                      51.088
                    ],
                    [
                      -238,
                      -51.088
                    ]
                  ],
                  "c": true
                },
                "ix": 2
              },
              "nm": "Path 1",
              "mn": "ADBE Vector Shape - Group",
              "hd": false,
              "_render": true
            },
            {
              "ty": "st",
              "c": {
                "a": 0,
                "k": [
                  0,
                  0,
                  0,
                  1
                ],
                "ix": 3
              },
              "o": {
                "a": 0,
                "k": 100,
                "ix": 4
              },
              "w": {
                "a": 0,
                "k": 35,
                "ix": 5
              },
              "lc": 2,
              "lj": 2,
              "bm": 0,
              "nm": "Stroke 1",
              "mn": "ADBE Vector Graphic - Stroke",
              "hd": false,
              "_render": true
            },
            {
              "ty": "tr",
              "p": {
                "a": 0,
                "k": [
                  489.5,
                  547.5
                ],
                "ix": 2
              },
              "a": {
                "a": 0,
                "k": [
                  0,
                  0
                ],
                "ix": 1
              },
              "s": {
                "a": 0,
                "k": [
                  100,
                  100
                ],
                "ix": 3
              },
              "r": {
                "a": 0,
                "k": 0,
                "ix": 6
              },
              "o": {
                "a": 0,
                "k": 100,
                "ix": 7
              },
              "sk": {
                "a": 0,
                "k": 0,
                "ix": 4
              },
              "sa": {
                "a": 0,
                "k": 0,
                "ix": 5
              },
              "nm": "Transform",
              "_render": true
            }
          ],
          "nm": "Group 3",
          "np": 2,
          "cix": 2,
          "bm": 0,
          "ix": 3,
          "mn": "ADBE Vector Group",
          "hd": false,
          "_render": true
        }
      ],
      "ip": 0,
      "op": 120,
      "st": 0,
      "ct": 1,
      "bm": 0,
      "completed": true
    }
  ],
  "markers": [],
  "__complete": true
}