{
  "v": "5.9.6",
  "fr": 60,
  "ip": 0,
  "op": 120,
  "w": 750,
  "h": 750,
  "nm": "Comp 1",
  "ddd": 0,
  "assets": [],
  "layers": [
    {
      "ddd": 0,
      "ind": 1,
      "ty": 4,
      "nm": "Layer 2",
      "sr": 1,
      "ks": {
        "o": {
          "a": 0,
          "k": 100,
          "ix": 11
        },
        "r": {
          "a": 0,
          "k": 0,
          "ix": 10
        },
        "p": {
          "a": 0,
          "k": [
            348.5,
            370.859,
            0
          ],
          "ix": 2,
          "l": 2
        },
        "a": {
          "a": 0,
          "k": [
            473.5,
            495.859,
            0
          ],
          "ix": 1,
          "l": 2
        },
        "s": {
          "a": 0,
          "k": [
            100,
            100,
            100
          ],
          "ix": 6,
          "l": 2
        }
      },
      "ao": 0,
      "shapes": [
        {
          "ty": "gr",
          "it": [
            {
              "ind": 0,
              "ty": "sh",
              "ix": 1,
              "ks": {
                "a": 1,
                "k": [
                  {
                    "i": {
                      "x": 0.667,
                      "y": 1
                    },
                    "o": {
                      "x": 0.987,
                      "y": 0
                    },
                    "t": 0,
                    "s": [
                      {
                        "i": [
                          [
                            -134,
                            101.307
                          ],
                          [
                            -264,
                            12.807
                          ],
                          [
                            -180,
                            -116.693
                          ],
                          [
                            264,
                            8.794
                          ],
                          [
                            193,
                            132.30700000000002
                          ]
                        ],
                        "o": [
                          [
                            -219,
                            77.307
                          ],
                          [
                            -264,
                            12.807
                          ],
                          [
                            182,
                            -128.69299999999998
                          ],
                          [
                            264,
                            8.794
                          ],
                          [
                            -21,
                            122.307
                          ]
                        ],
                        "v": [
                          [
                            -134,
                            101.307
                          ],
                          [
                            -264,
                            12.807
                          ],
                          [
                            1,
                            -122.693
                          ],
                          [
                            264,
                            8.794
                          ],
                          [
                            -21,
                            122.307
                          ]
                        ],
                        "c": false
                      }
                    ]
                  },
                  {
                    "i": {
                      "x": 0,
                      "y": 1
                    },
                    "o": {
                      "x": 0.333,
                      "y": 0
                    },
                    "t": 25,
                    "s": [
                      {
                        "i": [
                          [
                            90,
                            127.307
                          ],
                          [
                            -270,
                            5.288
                          ],
                          [
                            -180,
                            -116.693
                          ],
                          [
                            264,
                            8.794
                          ],
                          [
                            264.5,
                            42.807
                          ]
                        ],
                        "o": [
                          [
                            -199.5,
                            148.80700000000002
                          ],
                          [
                            -270,
                            6.807
                          ],
                          [
                            182,
                            -128.69299999999998
                          ],
                          [
                            264,
                            8.794
                          ],
                          [
                            195,
                            88.307
                          ]
                        ],
                        "v": [
                          [
                            90,
                            127.307
                          ],
                          [
                            -270,
                            6.807
                          ],
                          [
                            1,
                            -122.693
                          ],
                          [
                            264,
                            8.794
                          ],
                          [
                            195,
                            88.307
                          ]
                        ],
                        "c": false
                      }
                    ]
                  },
                  {
                    "t": 50,
                    "s": [
                      {
                        "i": [
                          [
                            -134,
                            101.307
                          ],
                          [
                            -264,
                            12.807
                          ],
                          [
                            -180,
                            -116.693
                          ],
                          [
                            264,
                            8.794
                          ],
                          [
                            193,
                            132.30700000000002
                          ]
                        ],
                        "o": [
                          [
                            -219,
                            77.307
                          ],
                          [
                            -264,
                            12.807
                          ],
                          [
                            182,
                            -128.69299999999998
                          ],
                          [
                            264,
                            8.794
                          ],
                          [
                            -21,
                            122.307
                          ]
                        ],
                        "v": [
                          [
                            -134,
                            101.307
                          ],
                          [
                            -264,
                            12.807
                          ],
                          [
                            1,
                            -122.693
                          ],
                          [
                            264,
                            8.794
                          ],
                          [
                            -21,
                            122.307
                          ]
                        ],
                        "c": false
                      }
                    ]
                  }
                ],
                "ix": 2
              },
              "nm": "Path 1",
              "mn": "ADBE Vector Shape - Group",
              "hd": false,
              "_render": true
            },
            {
              "ty": "st",
              "c": {
                "a": 0,
                "k": [
                  0,
                  0,
                  0,
                  1
                ],
                "ix": 3
              },
              "o": {
                "a": 0,
                "k": 100,
                "ix": 4
              },
              "w": {
                "a": 0,
                "k": 35,
                "ix": 5
              },
              "lc": 2,
              "lj": 2,
              "bm": 0,
              "nm": "Stroke 1",
              "mn": "ADBE Vector Graphic - Stroke",
              "hd": false,
              "_render": true
            },
            {
              "ty": "tr",
              "p": {
                "a": 0,
                "k": [
                  473.5,
                  487.193
                ],
                "ix": 2
              },
              "a": {
                "a": 0,
                "k": [
                  0,
                  0
                ],
                "ix": 1
              },
              "s": {
                "a": 0,
                "k": [
                  100,
                  100
                ],
                "ix": 3
              },
              "r": {
                "a": 0,
                "k": 0,
                "ix": 6
              },
              "o": {
                "a": 0,
                "k": 100,
                "ix": 7
              },
              "sk": {
                "a": 0,
                "k": 0,
                "ix": 4
              },
              "sa": {
                "a": 0,
                "k": 0,
                "ix": 5
              },
              "nm": "Transform",
              "_render": true
            }
          ],
          "nm": "Group 1",
          "np": 2,
          "cix": 2,
          "bm": 0,
          "ix": 1,
          "mn": "ADBE Vector Group",
          "hd": false,
          "_render": true
        },
        {
          "ty": "gr",
          "it": [
            {
              "ind": 0,
              "ty": "sh",
              "ix": 1,
              "ks": {
                "a": 1,
                "k": [
                  {
                    "i": {
                      "x": 0.667,
                      "y": 1
                    },
                    "o": {
                      "x": 0.987,
                      "y": 0
                    },
                    "t": 0,
                    "s": [
                      {
                        "i": [
                          [
                            64.971,
                            -84.641
                          ],
                          [
                            -64.971,
                            84.641
                          ]
                        ],
                        "o": [
                          [
                            64.971,
                            -84.641
                          ],
                          [
                            -64.971,
                            84.641
                          ]
                        ],
                        "v": [
                          [
                            64.971,
                            -84.641
                          ],
                          [
                            -64.971,
                            84.641
                          ]
                        ],
                        "c": false
                      }
                    ]
                  },
                  {
                    "i": {
                      "x": 0,
                      "y": 1
                    },
                    "o": {
                      "x": 0.333,
                      "y": 0
                    },
                    "t": 25,
                    "s": [
                      {
                        "i": [
                          [
                            -325.113,
                            -48.822
                          ],
                          [
                            -159.598,
                            85.884
                          ]
                        ],
                        "o": [
                          [
                            -325.113,
                            -48.822
                          ],
                          [
                            -159.598,
                            85.884
                          ]
                        ],
                        "v": [
                          [
                            -325.113,
                            -48.822
                          ],
                          [
                            -159.598,
                            85.884
                          ]
                        ],
                        "c": false
                      }
                    ]
                  },
                  {
                    "t": 50,
                    "s": [
                      {
                        "i": [
                          [
                            64.971,
                            -84.641
                          ],
                          [
                            -64.971,
                            84.641
                          ]
                        ],
                        "o": [
                          [
                            64.971,
                            -84.641
                          ],
                          [
                            -64.971,
                            84.641
                          ]
                        ],
                        "v": [
                          [
                            64.971,
                            -84.641
                          ],
                          [
                            -64.971,
                            84.641
                          ]
                        ],
                        "c": false
                      }
                    ]
                  }
                ],
                "ix": 2
              },
              "nm": "Path 1",
              "mn": "ADBE Vector Shape - Group",
              "hd": false,
              "_render": true
            },
            {
              "ty": "st",
              "c": {
                "a": 0,
                "k": [
                  0,
                  0,
                  0,
                  1
                ],
                "ix": 3
              },
              "o": {
                "a": 0,
                "k": 100,
                "ix": 4
              },
              "w": {
                "a": 0,
                "k": 35,
                "ix": 5
              },
              "lc": 2,
              "lj": 2,
              "bm": 0,
              "nm": "Stroke 1",
              "mn": "ADBE Vector Graphic - Stroke",
              "hd": false,
              "_render": true
            },
            {
              "ty": "tr",
              "p": {
                "a": 0,
                "k": [
                  582.471,
                  354.859
                ],
                "ix": 2
              },
              "a": {
                "a": 0,
                "k": [
                  0,
                  0
                ],
                "ix": 1
              },
              "s": {
                "a": 0,
                "k": [
                  100,
                  100
                ],
                "ix": 3
              },
              "r": {
                "a": 0,
                "k": 0,
                "ix": 6
              },
              "o": {
                "a": 0,
                "k": 100,
                "ix": 7
              },
              "sk": {
                "a": 0,
                "k": 0,
                "ix": 4
              },
              "sa": {
                "a": 0,
                "k": 0,
                "ix": 5
              },
              "nm": "Transform",
              "_render": true
            }
          ],
          "nm": "Group 2",
          "np": 2,
          "cix": 2,
          "bm": 0,
          "ix": 2,
          "mn": "ADBE Vector Group",
          "hd": false,
          "_render": true
        },
        {
          "ty": "gr",
          "it": [
            {
              "ind": 0,
              "ty": "sh",
              "ix": 1,
              "ks": {
                "a": 1,
                "k": [
                  {
                    "i": {
                      "x": 0.667,
                      "y": 1
                    },
                    "o": {
                      "x": 0.987,
                      "y": 0
                    },
                    "t": 0,
                    "s": [
                      {
                        "i": [
                          [
                            69,
                            -89.5
                          ],
                          [
                            -69,
                            89.5
                          ]
                        ],
                        "o": [
                          [
                            69,
                            -89.5
                          ],
                          [
                            -69,
                            89.5
                          ]
                        ],
                        "v": [
                          [
                            69,
                            -89.5
                          ],
                          [
                            -69,
                            89.5
                          ]
                        ],
                        "c": false
                      }
                    ]
                  },
                  {
                    "i": {
                      "x": 0,
                      "y": 1
                    },
                    "o": {
                      "x": 0.333,
                      "y": 0
                    },
                    "t": 25,
                    "s": [
                      {
                        "i": [
                          [
                            154.083,
                            -109.357
                          ],
                          [
                            329.083,
                            33.681
                          ]
                        ],
                        "o": [
                          [
                            154.083,
                            -109.357
                          ],
                          [
                            329.083,
                            33.681
                          ]
                        ],
                        "v": [
                          [
                            154.083,
                            -109.357
                          ],
                          [
                            329.083,
                            33.681
                          ]
                        ],
                        "c": false
                      }
                    ]
                  },
                  {
                    "t": 50,
                    "s": [
                      {
                        "i": [
                          [
                            69,
                            -89.5
                          ],
                          [
                            -69,
                            89.5
                          ]
                        ],
                        "o": [
                          [
                            69,
                            -89.5
                          ],
                          [
                            -69,
                            89.5
                          ]
                        ],
                        "v": [
                          [
                            69,
                            -89.5
                          ],
                          [
                            -69,
                            89.5
                          ]
                        ],
                        "c": false
                      }
                    ]
                  }
                ],
                "ix": 2
              },
              "nm": "Path 1",
              "mn": "ADBE Vector Shape - Group",
              "hd": false,
              "_render": true
            },
            {
              "ty": "st",
              "c": {
                "a": 0,
                "k": [
                  0,
                  0,
                  0,
                  1
                ],
                "ix": 3
              },
              "o": {
                "a": 0,
                "k": 100,
                "ix": 4
              },
              "w": {
                "a": 0,
                "k": 35,
                "ix": 5
              },
              "lc": 2,
              "lj": 2,
              "bm": 0,
              "nm": "Stroke 1",
              "mn": "ADBE Vector Graphic - Stroke",
              "hd": false,
              "_render": true
            },
            {
              "ty": "tr",
              "p": {
                "a": 0,
                "k": [
                  369.5,
                  632
                ],
                "ix": 2
              },
              "a": {
                "a": 0,
                "k": [
                  0,
                  0
                ],
                "ix": 1
              },
              "s": {
                "a": 0,
                "k": [
                  100,
                  100
                ],
                "ix": 3
              },
              "r": {
                "a": 0,
                "k": 0,
                "ix": 6
              },
              "o": {
                "a": 0,
                "k": 100,
                "ix": 7
              },
              "sk": {
                "a": 0,
                "k": 0,
                "ix": 4
              },
              "sa": {
                "a": 0,
                "k": 0,
                "ix": 5
              },
              "nm": "Transform",
              "_render": true
            }
          ],
          "nm": "Group 3",
          "np": 2,
          "cix": 2,
          "bm": 0,
          "ix": 3,
          "mn": "ADBE Vector Group",
          "hd": false,
          "_render": true
        },
        {
          "ty": "gr",
          "it": [
            {
              "ind": 0,
              "ty": "sh",
              "ix": 1,
              "ks": {
                "a": 1,
                "k": [
                  {
                    "i": {
                      "x": 0.667,
                      "y": 1
                    },
                    "o": {
                      "x": 0.987,
                      "y": 0
                    },
                    "t": 0,
                    "s": [
                      {
                        "i": [
                          [
                            65,
                            -35.899
                          ],
                          [
                            35.899,
                            65
                          ],
                          [
                            -65,
                            35.899
                          ],
                          [
                            -35.899,
                            -65
                          ]
                        ],
                        "o": [
                          [
                            65,
                            35.899
                          ],
                          [
                            -35.899,
                            65
                          ],
                          [
                            -65,
                            -35.899
                          ],
                          [
                            35.899,
                            -65
                          ]
                        ],
                        "v": [
                          [
                            65,
                            0
                          ],
                          [
                            0,
                            65
                          ],
                          [
                            -65,
                            0
                          ],
                          [
                            0,
                            -65
                          ]
                        ],
                        "c": true
                      }
                    ]
                  },
                  {
                    "i": {
                      "x": 0,
                      "y": 1
                    },
                    "o": {
                      "x": 0.333,
                      "y": 0
                    },
                    "t": 25,
                    "s": [
                      {
                        "i": [
                          [
                            -37.933,
                            -67.40400000000001
                          ],
                          [
                            62.097,
                            -35.442
                          ],
                          [
                            30.136,
                            64.587
                          ],
                          [
                            -69.894,
                            32.626
                          ]
                        ],
                        "o": [
                          [
                            33.835,
                            -65.36
                          ],
                          [
                            60.053000000000004,
                            36.326
                          ],
                          [
                            -41.632,
                            62.543
                          ],
                          [
                            -67.85,
                            -39.142
                          ]
                        ],
                        "v": [
                          [
                            -2.049,
                            -66.382
                          ],
                          [
                            61.075,
                            0.442
                          ],
                          [
                            -5.748,
                            63.565
                          ],
                          [
                            -68.872,
                            -3.258
                          ]
                        ],
                        "c": true
                      }
                    ]
                  },
                  {
                    "t": 50,
                    "s": [
                      {
                        "i": [
                          [
                            65,
                            -35.899
                          ],
                          [
                            35.899,
                            65
                          ],
                          [
                            -65,
                            35.899
                          ],
                          [
                            -35.899,
                            -65
                          ]
                        ],
                        "o": [
                          [
                            65,
                            35.899
                          ],
                          [
                            -35.899,
                            65
                          ],
                          [
                            -65,
                            -35.899
                          ],
                          [
                            35.899,
                            -65
                          ]
                        ],
                        "v": [
                          [
                            65,
                            0
                          ],
                          [
                            0,
                            65
                          ],
                          [
                            -65,
                            0
                          ],
                          [
                            0,
                            -65
                          ]
                        ],
                        "c": true
                      }
                    ]
                  }
                ],
                "ix": 2
              },
              "nm": "Path 1",
              "mn": "ADBE Vector Shape - Group",
              "hd": false,
              "_render": true
            },
            {
              "ty": "st",
              "c": {
                "a": 0,
                "k": [
                  0,
                  0,
                  0,
                  1
                ],
                "ix": 3
              },
              "o": {
                "a": 0,
                "k": 100,
                "ix": 4
              },
              "w": {
                "a": 0,
                "k": 35,
                "ix": 5
              },
              "lc": 2,
              "lj": 2,
              "bm": 0,
              "nm": "Stroke 1",
              "mn": "ADBE Vector Graphic - Stroke",
              "hd": false,
              "_render": true
            },
            {
              "ty": "tr",
              "p": {
                "a": 0,
                "k": [
                  473.5,
                  487.5
                ],
                "ix": 2
              },
              "a": {
                "a": 0,
                "k": [
                  0,
                  0
                ],
                "ix": 1
              },
              "s": {
                "a": 0,
                "k": [
                  100,
                  100
                ],
                "ix": 3
              },
              "r": {
                "a": 0,
                "k": 0,
                "ix": 6
              },
              "o": {
                "a": 0,
                "k": 100,
                "ix": 7
              },
              "sk": {
                "a": 0,
                "k": 0,
                "ix": 4
              },
              "sa": {
                "a": 0,
                "k": 0,
                "ix": 5
              },
              "nm": "Transform",
              "_render": true
            }
          ],
          "nm": "Group 4",
          "np": 2,
          "cix": 2,
          "bm": 0,
          "ix": 4,
          "mn": "ADBE Vector Group",
          "hd": false,
          "_render": true
        }
      ],
      "ip": 0,
      "op": 120,
      "st": 0,
      "ct": 1,
      "bm": 0,
      "completed": true
    }
  ],
  "markers": [],
  "__complete": true
}