{
  "v": "5.9.6",
  "fr": 60,
  "ip": 0,
  "op": 120,
  "w": 750,
  "h": 750,
  "nm": "Comp 1",
  "ddd": 0,
  "assets": [],
  "layers": [
    {
      "ddd": 0,
      "ind": 1,
      "ty": 4,
      "nm": "Layer 1",
      "sr": 1,
      "ks": {
        "o": {
          "a": 0,
          "k": 100,
          "ix": 11
        },
        "r": {
          "a": 0,
          "k": 0,
          "ix": 10
        },
        "p": {
          "a": 0,
          "k": [
            375,
            375,
            0
          ],
          "ix": 2,
          "l": 2
        },
        "a": {
          "a": 0,
          "k": [
            500,
            500,
            0
          ],
          "ix": 1,
          "l": 2
        },
        "s": {
          "a": 0,
          "k": [
            100,
            100,
            100
          ],
          "ix": 6,
          "l": 2
        }
      },
      "ao": 0,
      "shapes": [
        {
          "ty": "gr",
          "it": [
            {
              "ind": 0,
              "ty": "sh",
              "ix": 1,
              "ks": {
                "a": 1,
                "k": [
                  {
                    "i": {
                      "x": 0.23,
                      "y": 1
                    },
                    "o": {
                      "x": 0.77,
                      "y": 0
                    },
                    "t": 0,
                    "s": [
                      {
                        "i": [
                          [
                            -178.819,
                            75.176
                          ],
                          [
                            0,
                            -75.176
                          ],
                          [
                            178.819,
                            70.941
                          ]
                        ],
                        "o": [
                          [
                            -178.819,
                            75.176
                          ],
                          [
                            0,
                            -75.176
                          ],
                          [
                            178.819,
                            70.941
                          ]
                        ],
                        "v": [
                          [
                            -178.819,
                            75.176
                          ],
                          [
                            0,
                            -75.176
                          ],
                          [
                            178.819,
                            70.941
                          ]
                        ],
                        "c": false
                      }
                    ]
                  },
                  {
                    "i": {
                      "x": 0.23,
                      "y": 1
                    },
                    "o": {
                      "x": 0.77,
                      "y": 0
                    },
                    "t": 25.025,
                    "s": [
                      {
                        "i": [
                          [
                            -177.637,
                            211.176
                          ],
                          [
                            1.181,
                            60.824
                          ],
                          [
                            180,
                            206.941
                          ]
                        ],
                        "o": [
                          [
                            -177.637,
                            211.176
                          ],
                          [
                            1.181,
                            60.824
                          ],
                          [
                            180,
                            206.941
                          ]
                        ],
                        "v": [
                          [
                            -177.637,
                            211.176
                          ],
                          [
                            1.181,
                            60.824
                          ],
                          [
                            180,
                            206.941
                          ]
                        ],
                        "c": false
                      }
                    ]
                  },
                  {
                    "t": 50.05078125,
                    "s": [
                      {
                        "i": [
                          [
                            -178.819,
                            75.176
                          ],
                          [
                            0,
                            -75.176
                          ],
                          [
                            178.819,
                            70.941
                          ]
                        ],
                        "o": [
                          [
                            -178.819,
                            75.176
                          ],
                          [
                            0,
                            -75.176
                          ],
                          [
                            178.819,
                            70.941
                          ]
                        ],
                        "v": [
                          [
                            -178.819,
                            75.176
                          ],
                          [
                            0,
                            -75.176
                          ],
                          [
                            178.819,
                            70.941
                          ]
                        ],
                        "c": false
                      }
                    ]
                  }
                ],
                "ix": 2
              },
              "nm": "Path 1",
              "mn": "ADBE Vector Shape - Group",
              "hd": false,
              "_render": true
            },
            {
              "ty": "st",
              "c": {
                "a": 0,
                "k": [
                  0,
                  0,
                  0,
                  1
                ],
                "ix": 3
              },
              "o": {
                "a": 0,
                "k": 100,
                "ix": 4
              },
              "w": {
                "a": 0,
                "k": 35,
                "ix": 5
              },
              "lc": 2,
              "lj": 2,
              "bm": 0,
              "nm": "Stroke 1",
              "mn": "ADBE Vector Graphic - Stroke",
              "hd": false,
              "_render": true
            },
            {
              "ty": "tr",
              "p": {
                "a": 0,
                "k": [
                  500.293,
                  341.037
                ],
                "ix": 2
              },
              "a": {
                "a": 0,
                "k": [
                  0,
                  0
                ],
                "ix": 1
              },
              "s": {
                "a": 0,
                "k": [
                  100,
                  100
                ],
                "ix": 3
              },
              "r": {
                "a": 0,
                "k": 0,
                "ix": 6
              },
              "o": {
                "a": 0,
                "k": 100,
                "ix": 7
              },
              "sk": {
                "a": 0,
                "k": 0,
                "ix": 4
              },
              "sa": {
                "a": 0,
                "k": 0,
                "ix": 5
              },
              "nm": "Transform",
              "_render": true
            }
          ],
          "nm": "Group 1",
          "np": 2,
          "cix": 2,
          "bm": 0,
          "ix": 1,
          "mn": "ADBE Vector Group",
          "hd": false,
          "_render": true
        },
        {
          "ty": "gr",
          "it": [
            {
              "ind": 0,
              "ty": "sh",
              "ix": 1,
              "ks": {
                "a": 1,
                "k": [
                  {
                    "i": {
                      "x": 0.23,
                      "y": 1
                    },
                    "o": {
                      "x": 0.77,
                      "y": 0
                    },
                    "t": 0,
                    "s": [
                      {
                        "i": [
                          [
                            179.111,
                            -161.081
                          ],
                          [
                            178.526,
                            13.581
                          ],
                          [
                            128.909,
                            161.081
                          ],
                          [
                            -68.289,
                            161.081
                          ],
                          [
                            -179.111,
                            95.043
                          ],
                          [
                            -178.526,
                            -156.846
                          ]
                        ],
                        "o": [
                          [
                            179.111,
                            -161.081
                          ],
                          [
                            178.526,
                            95.043
                          ],
                          [
                            67.703,
                            161.081
                          ],
                          [
                            -129.495,
                            161.081
                          ],
                          [
                            -179.111,
                            13.581
                          ],
                          [
                            -178.526,
                            -156.846
                          ]
                        ],
                        "v": [
                          [
                            179.111,
                            -161.081
                          ],
                          [
                            178.526,
                            13.581
                          ],
                          [
                            67.703,
                            161.081
                          ],
                          [
                            -68.289,
                            161.081
                          ],
                          [
                            -179.111,
                            13.581
                          ],
                          [
                            -178.526,
                            -156.846
                          ]
                        ],
                        "c": false
                      }
                    ]
                  },
                  {
                    "i": {
                      "x": 0.23,
                      "y": 1
                    },
                    "o": {
                      "x": 0.77,
                      "y": 0
                    },
                    "t": 25.025,
                    "s": [
                      {
                        "i": [
                          [
                            180.293,
                            -25.081
                          ],
                          [
                            178.526,
                            13.581
                          ],
                          [
                            128.909,
                            161.081
                          ],
                          [
                            -68.289,
                            161.081
                          ],
                          [
                            -179.111,
                            95.043
                          ],
                          [
                            -177.344,
                            -20.846
                          ]
                        ],
                        "o": [
                          [
                            180.293,
                            -25.081
                          ],
                          [
                            178.526,
                            95.043
                          ],
                          [
                            67.703,
                            161.081
                          ],
                          [
                            -129.495,
                            161.081
                          ],
                          [
                            -179.111,
                            13.581
                          ],
                          [
                            -177.344,
                            -20.846
                          ]
                        ],
                        "v": [
                          [
                            180.293,
                            -25.081
                          ],
                          [
                            178.526,
                            13.581
                          ],
                          [
                            67.703,
                            161.081
                          ],
                          [
                            -68.289,
                            161.081
                          ],
                          [
                            -179.111,
                            13.581
                          ],
                          [
                            -177.344,
                            -20.846
                          ]
                        ],
                        "c": false
                      }
                    ]
                  },
                  {
                    "t": 50.05078125,
                    "s": [
                      {
                        "i": [
                          [
                            179.111,
                            -161.081
                          ],
                          [
                            178.526,
                            13.581
                          ],
                          [
                            128.909,
                            161.081
                          ],
                          [
                            -68.289,
                            161.081
                          ],
                          [
                            -179.111,
                            95.043
                          ],
                          [
                            -178.526,
                            -156.846
                          ]
                        ],
                        "o": [
                          [
                            179.111,
                            -161.081
                          ],
                          [
                            178.526,
                            95.043
                          ],
                          [
                            67.703,
                            161.081
                          ],
                          [
                            -129.495,
                            161.081
                          ],
                          [
                            -179.111,
                            13.581
                          ],
                          [
                            -178.526,
                            -156.846
                          ]
                        ],
                        "v": [
                          [
                            179.111,
                            -161.081
                          ],
                          [
                            178.526,
                            13.581
                          ],
                          [
                            67.703,
                            161.081
                          ],
                          [
                            -68.289,
                            161.081
                          ],
                          [
                            -179.111,
                            13.581
                          ],
                          [
                            -178.526,
                            -156.846
                          ]
                        ],
                        "c": false
                      }
                    ]
                  }
                ],
                "ix": 2
              },
              "nm": "Path 1",
              "mn": "ADBE Vector Shape - Group",
              "hd": false,
              "_render": true
            },
            {
              "ty": "st",
              "c": {
                "a": 0,
                "k": [
                  0,
                  0,
                  0,
                  1
                ],
                "ix": 3
              },
              "o": {
                "a": 0,
                "k": 100,
                "ix": 4
              },
              "w": {
                "a": 0,
                "k": 35,
                "ix": 5
              },
              "lc": 2,
              "lj": 2,
              "bm": 0,
              "nm": "Stroke 1",
              "mn": "ADBE Vector Graphic - Stroke",
              "hd": false,
              "_render": true
            },
            {
              "ty": "tr",
              "p": {
                "a": 0,
                "k": [
                  500,
                  573.059
                ],
                "ix": 2
              },
              "a": {
                "a": 0,
                "k": [
                  0,
                  0
                ],
                "ix": 1
              },
              "s": {
                "a": 0,
                "k": [
                  100,
                  100
                ],
                "ix": 3
              },
              "r": {
                "a": 0,
                "k": 0,
                "ix": 6
              },
              "o": {
                "a": 0,
                "k": 100,
                "ix": 7
              },
              "sk": {
                "a": 0,
                "k": 0,
                "ix": 4
              },
              "sa": {
                "a": 0,
                "k": 0,
                "ix": 5
              },
              "nm": "Transform",
              "_render": true
            }
          ],
          "nm": "Group 2",
          "np": 2,
          "cix": 2,
          "bm": 0,
          "ix": 2,
          "mn": "ADBE Vector Group",
          "hd": false,
          "_render": true
        }
      ],
      "ip": 0,
      "op": 120.12012012012,
      "st": 0,
      "ct": 1,
      "bm": 0,
      "completed": true
    }
  ],
  "markers": [],
  "__complete": true
}