{
  "v": "5.9.6",
  "fr": 60,
  "ip": 0,
  "op": 120,
  "w": 750,
  "h": 750,
  "nm": "Comp 1",
  "ddd": 0,
  "assets": [],
  "layers": [
    {
      "ddd": 0,
      "ind": 1,
      "ty": 4,
      "nm": "Layer 1",
      "sr": 1,
      "ks": {
        "o": {
          "a": 0,
          "k": 100,
          "ix": 11
        },
        "r": {
          "a": 0,
          "k": 0,
          "ix": 10
        },
        "p": {
          "a": 0,
          "k": [
            375,
            375,
            0
          ],
          "ix": 2,
          "l": 2
        },
        "a": {
          "a": 0,
          "k": [
            540,
            540,
            0
          ],
          "ix": 1,
          "l": 2
        },
        "s": {
          "a": 0,
          "k": [
            100,
            100,
            100
          ],
          "ix": 6,
          "l": 2
        }
      },
      "ao": 0,
      "shapes": [
        {
          "ty": "gr",
          "it": [
            {
              "ind": 0,
              "ty": "sh",
              "ix": 1,
              "ks": {
                "a": 0,
                "k": {
                  "i": [
                    [
                      -4.024,
                      -5.008
                    ],
                    [
                      4.024,
                      5.008
                    ]
                  ],
                  "o": [
                    [
                      -4.024,
                      -5.008
                    ],
                    [
                      4.024,
                      5.008
                    ]
                  ],
                  "v": [
                    [
                      -4.024,
                      -5.008
                    ],
                    [
                      4.024,
                      5.008
                    ]
                  ],
                  "c": false
                },
                "ix": 2
              },
              "nm": "Path 1",
              "mn": "ADBE Vector Shape - Group",
              "hd": false,
              "_render": true
            },
            {
              "ty": "st",
              "c": {
                "a": 0,
                "k": [
                  0,
                  0,
                  0,
                  1
                ],
                "ix": 3
              },
              "o": {
                "a": 0,
                "k": 100,
                "ix": 4
              },
              "w": {
                "a": 0,
                "k": 35,
                "ix": 5
              },
              "lc": 2,
              "lj": 2,
              "bm": 0,
              "nm": "Stroke 1",
              "mn": "ADBE Vector Graphic - Stroke",
              "hd": false,
              "_render": true
            },
            {
              "ty": "tr",
              "p": {
                "a": 0,
                "k": [
                  527.03,
                  690.717
                ],
                "ix": 2
              },
              "a": {
                "a": 0,
                "k": [
                  0,
                  0
                ],
                "ix": 1
              },
              "s": {
                "a": 0,
                "k": [
                  100,
                  100
                ],
                "ix": 3
              },
              "r": {
                "a": 0,
                "k": 0,
                "ix": 6
              },
              "o": {
                "a": 0,
                "k": 100,
                "ix": 7
              },
              "sk": {
                "a": 0,
                "k": 0,
                "ix": 4
              },
              "sa": {
                "a": 0,
                "k": 0,
                "ix": 5
              },
              "nm": "Transform",
              "_render": true
            }
          ],
          "nm": "Group 1",
          "np": 3,
          "cix": 2,
          "bm": 0,
          "ix": 1,
          "mn": "ADBE Vector Group",
          "hd": false,
          "_render": true
        },
        {
          "ty": "gr",
          "it": [
            {
              "ind": 0,
              "ty": "sh",
              "ix": 1,
              "ks": {
                "a": 0,
                "k": {
                  "i": [
                    [
                      -4.024,
                      -5.008
                    ],
                    [
                      4.024,
                      5.008
                    ]
                  ],
                  "o": [
                    [
                      -4.024,
                      -5.008
                    ],
                    [
                      4.024,
                      5.008
                    ]
                  ],
                  "v": [
                    [
                      -4.024,
                      -5.008
                    ],
                    [
                      4.024,
                      5.008
                    ]
                  ],
                  "c": false
                },
                "ix": 2
              },
              "nm": "Path 1",
              "mn": "ADBE Vector Shape - Group",
              "hd": false,
              "_render": true
            },
            {
              "ty": "st",
              "c": {
                "a": 0,
                "k": [
                  0,
                  0,
                  0,
                  1
                ],
                "ix": 3
              },
              "o": {
                "a": 0,
                "k": 100,
                "ix": 4
              },
              "w": {
                "a": 0,
                "k": 35,
                "ix": 5
              },
              "lc": 2,
              "lj": 2,
              "bm": 0,
              "nm": "Stroke 1",
              "mn": "ADBE Vector Graphic - Stroke",
              "hd": false,
              "_render": true
            },
            {
              "ty": "tr",
              "p": {
                "a": 0,
                "k": [
                  572.017,
                  602.628
                ],
                "ix": 2
              },
              "a": {
                "a": 0,
                "k": [
                  0,
                  0
                ],
                "ix": 1
              },
              "s": {
                "a": 0,
                "k": [
                  100,
                  100
                ],
                "ix": 3
              },
              "r": {
                "a": 0,
                "k": 0,
                "ix": 6
              },
              "o": {
                "a": 0,
                "k": 100,
                "ix": 7
              },
              "sk": {
                "a": 0,
                "k": 0,
                "ix": 4
              },
              "sa": {
                "a": 0,
                "k": 0,
                "ix": 5
              },
              "nm": "Transform",
              "_render": true
            }
          ],
          "nm": "Group 2",
          "np": 3,
          "cix": 2,
          "bm": 0,
          "ix": 2,
          "mn": "ADBE Vector Group",
          "hd": false,
          "_render": true
        },
        {
          "ty": "gr",
          "it": [
            {
              "ind": 0,
              "ty": "sh",
              "ix": 1,
              "ks": {
                "a": 0,
                "k": {
                  "i": [
                    [
                      -34.205,
                      -44.265
                    ],
                    [
                      34.205,
                      44.265
                    ]
                  ],
                  "o": [
                    [
                      -34.205,
                      -44.265
                    ],
                    [
                      34.205,
                      44.265
                    ]
                  ],
                  "v": [
                    [
                      -34.205,
                      -44.265
                    ],
                    [
                      34.205,
                      44.265
                    ]
                  ],
                  "c": false
                },
                "ix": 2
              },
              "nm": "Path 1",
              "mn": "ADBE Vector Shape - Group",
              "hd": false,
              "_render": true
            },
            {
              "ty": "st",
              "c": {
                "a": 0,
                "k": [
                  0,
                  0,
                  0,
                  1
                ],
                "ix": 3
              },
              "o": {
                "a": 0,
                "k": 100,
                "ix": 4
              },
              "w": {
                "a": 0,
                "k": 35,
                "ix": 5
              },
              "lc": 2,
              "lj": 2,
              "bm": 0,
              "nm": "Stroke 1",
              "mn": "ADBE Vector Graphic - Stroke",
              "hd": false,
              "_render": true
            },
            {
              "ty": "tr",
              "p": {
                "a": 0,
                "k": [
                  548.275,
                  644.37
                ],
                "ix": 2
              },
              "a": {
                "a": 0,
                "k": [
                  0,
                  0
                ],
                "ix": 1
              },
              "s": {
                "a": 0,
                "k": [
                  100,
                  100
                ],
                "ix": 3
              },
              "r": {
                "a": 1,
                "k": [
                  {
                    "i": {
                      "x": [
                        0.667
                      ],
                      "y": [
                        1
                      ]
                    },
                    "o": {
                      "x": [
                        0.333
                      ],
                      "y": [
                        0
                      ]
                    },
                    "t": 0,
                    "s": [
                      0
                    ]
                  },
                  {
                    "i": {
                      "x": [
                        0.667
                      ],
                      "y": [
                        1
                      ]
                    },
                    "o": {
                      "x": [
                        0.333
                      ],
                      "y": [
                        0
                      ]
                    },
                    "t": 16.893,
                    "s": [
                      169
                    ]
                  },
                  {
                    "t": 33.78515625,
                    "s": [
                      0
                    ]
                  }
                ],
                "ix": 6
              },
              "o": {
                "a": 0,
                "k": 100,
                "ix": 7
              },
              "sk": {
                "a": 0,
                "k": 0,
                "ix": 4
              },
              "sa": {
                "a": 0,
                "k": 0,
                "ix": 5
              },
              "nm": "Transform",
              "_render": true
            }
          ],
          "nm": "Group 3",
          "np": 3,
          "cix": 2,
          "bm": 0,
          "ix": 3,
          "mn": "ADBE Vector Group",
          "hd": false,
          "_render": true
        },
        {
          "ty": "gr",
          "it": [
            {
              "ind": 0,
              "ty": "sh",
              "ix": 1,
              "ks": {
                "a": 1,
                "k": [
                  {
                    "i": {
                      "x": 0.667,
                      "y": 1
                    },
                    "o": {
                      "x": 0.333,
                      "y": 0
                    },
                    "t": 0,
                    "s": [
                      {
                        "i": [
                          [
                            -9.977,
                            -232.203
                          ],
                          [
                            -140.599,
                            13.476
                          ],
                          [
                            -154.195,
                            53.346999999999994
                          ],
                          [
                            -87.179,
                            231.654
                          ],
                          [
                            154.526,
                            163.353
                          ],
                          [
                            149.543,
                            33.029
                          ],
                          [
                            96.26,
                            -83.042
                          ],
                          [
                            96.26,
                            -51.484
                          ],
                          [
                            71.714,
                            3.342
                          ],
                          [
                            41.434,
                            3.342
                          ],
                          [
                            -13.965,
                            -21.842000000000002
                          ]
                        ],
                        "o": [
                          [
                            -9.977,
                            -232.203
                          ],
                          [
                            -149.249,
                            32.388
                          ],
                          [
                            -155.739,
                            161.6
                          ],
                          [
                            84.802,
                            232.743
                          ],
                          [
                            154.526,
                            54.77100000000001
                          ],
                          [
                            140.6,
                            13.476
                          ],
                          [
                            96.26,
                            -83.042
                          ],
                          [
                            96.26,
                            -21.204
                          ],
                          [
                            41.434,
                            3.342
                          ],
                          [
                            10.747999999999998,
                            3.342
                          ],
                          [
                            -13.383,
                            -52.523
                          ]
                        ],
                        "v": [
                          [
                            -9.977,
                            -232.203
                          ],
                          [
                            -140.599,
                            13.476
                          ],
                          [
                            -154.51,
                            75.428
                          ],
                          [
                            -1,
                            232.2
                          ],
                          [
                            154.526,
                            77.677
                          ],
                          [
                            140.6,
                            13.476
                          ],
                          [
                            96.26,
                            -83.042
                          ],
                          [
                            96.26,
                            -51.484
                          ],
                          [
                            41.434,
                            3.342
                          ],
                          [
                            41.434,
                            3.342
                          ],
                          [
                            -13.383,
                            -52.523
                          ]
                        ],
                        "c": true
                      }
                    ]
                  },
                  {
                    "i": {
                      "x": 0.667,
                      "y": 1
                    },
                    "o": {
                      "x": 0.333,
                      "y": 0
                    },
                    "t": 16.893,
                    "s": [
                      {
                        "i": [
                          [
                            -79.977,
                            -246.203
                          ],
                          [
                            -140.599,
                            13.476
                          ],
                          [
                            -154.195,
                            53.346999999999994
                          ],
                          [
                            -87.179,
                            231.654
                          ],
                          [
                            154.526,
                            163.353
                          ],
                          [
                            149.543,
                            33.029
                          ],
                          [
                            96.26,
                            -83.042
                          ],
                          [
                            96.26,
                            -51.484
                          ],
                          [
                            71.714,
                            3.342
                          ],
                          [
                            41.434,
                            3.342
                          ],
                          [
                            -13.965,
                            -21.842000000000002
                          ]
                        ],
                        "o": [
                          [
                            -79.977,
                            -246.203
                          ],
                          [
                            -149.249,
                            32.388
                          ],
                          [
                            -155.739,
                            161.6
                          ],
                          [
                            84.802,
                            232.743
                          ],
                          [
                            154.526,
                            54.77100000000001
                          ],
                          [
                            140.6,
                            13.476
                          ],
                          [
                            96.26,
                            -83.042
                          ],
                          [
                            96.26,
                            -21.204
                          ],
                          [
                            41.434,
                            3.342
                          ],
                          [
                            10.747999999999998,
                            3.342
                          ],
                          [
                            -13.383,
                            -52.523
                          ]
                        ],
                        "v": [
                          [
                            -79.977,
                            -246.203
                          ],
                          [
                            -140.599,
                            13.476
                          ],
                          [
                            -154.51,
                            75.428
                          ],
                          [
                            -1,
                            232.2
                          ],
                          [
                            154.526,
                            77.677
                          ],
                          [
                            140.6,
                            13.476
                          ],
                          [
                            96.26,
                            -83.042
                          ],
                          [
                            96.26,
                            -51.484
                          ],
                          [
                            41.434,
                            3.342
                          ],
                          [
                            41.434,
                            3.342
                          ],
                          [
                            -13.383,
                            -52.523
                          ]
                        ],
                        "c": true
                      }
                    ]
                  },
                  {
                    "t": 33.78515625,
                    "s": [
                      {
                        "i": [
                          [
                            -9.977,
                            -232.203
                          ],
                          [
                            -140.599,
                            13.476
                          ],
                          [
                            -154.195,
                            53.346999999999994
                          ],
                          [
                            -87.179,
                            231.654
                          ],
                          [
                            154.526,
                            163.353
                          ],
                          [
                            149.543,
                            33.029
                          ],
                          [
                            96.26,
                            -83.042
                          ],
                          [
                            96.26,
                            -51.484
                          ],
                          [
                            71.714,
                            3.342
                          ],
                          [
                            41.434,
                            3.342
                          ],
                          [
                            -13.965,
                            -21.842000000000002
                          ]
                        ],
                        "o": [
                          [
                            -9.977,
                            -232.203
                          ],
                          [
                            -149.249,
                            32.388
                          ],
                          [
                            -155.739,
                            161.6
                          ],
                          [
                            84.802,
                            232.743
                          ],
                          [
                            154.526,
                            54.77100000000001
                          ],
                          [
                            140.6,
                            13.476
                          ],
                          [
                            96.26,
                            -83.042
                          ],
                          [
                            96.26,
                            -21.204
                          ],
                          [
                            41.434,
                            3.342
                          ],
                          [
                            10.747999999999998,
                            3.342
                          ],
                          [
                            -13.383,
                            -52.523
                          ]
                        ],
                        "v": [
                          [
                            -9.977,
                            -232.203
                          ],
                          [
                            -140.599,
                            13.476
                          ],
                          [
                            -154.51,
                            75.428
                          ],
                          [
                            -1,
                            232.2
                          ],
                          [
                            154.526,
                            77.677
                          ],
                          [
                            140.6,
                            13.476
                          ],
                          [
                            96.26,
                            -83.042
                          ],
                          [
                            96.26,
                            -51.484
                          ],
                          [
                            41.434,
                            3.342
                          ],
                          [
                            41.434,
                            3.342
                          ],
                          [
                            -13.383,
                            -52.523
                          ]
                        ],
                        "c": true
                      }
                    ]
                  }
                ],
                "ix": 2
              },
              "nm": "Path 1",
              "mn": "ADBE Vector Shape - Group",
              "hd": false,
              "_render": true
            },
            {
              "ty": "st",
              "c": {
                "a": 0,
                "k": [
                  0,
                  0,
                  0,
                  1
                ],
                "ix": 3
              },
              "o": {
                "a": 0,
                "k": 100,
                "ix": 4
              },
              "w": {
                "a": 0,
                "k": 35,
                "ix": 5
              },
              "lc": 2,
              "lj": 2,
              "bm": 0,
              "nm": "Stroke 1",
              "mn": "ADBE Vector Graphic - Stroke",
              "hd": false,
              "_render": true
            },
            {
              "ty": "tr",
              "p": {
                "a": 0,
                "k": [
                  548.275,
                  547.713
                ],
                "ix": 2
              },
              "a": {
                "a": 0,
                "k": [
                  0,
                  0
                ],
                "ix": 1
              },
              "s": {
                "a": 0,
                "k": [
                  100,
                  100
                ],
                "ix": 3
              },
              "r": {
                "a": 0,
                "k": 0,
                "ix": 6
              },
              "o": {
                "a": 0,
                "k": 100,
                "ix": 7
              },
              "sk": {
                "a": 0,
                "k": 0,
                "ix": 4
              },
              "sa": {
                "a": 0,
                "k": 0,
                "ix": 5
              },
              "nm": "Transform",
              "_render": true
            }
          ],
          "nm": "Group 4",
          "np": 2,
          "cix": 2,
          "bm": 0,
          "ix": 4,
          "mn": "ADBE Vector Group",
          "hd": false,
          "_render": true
        },
        {
          "ty": "gr",
          "it": [
            {
              "ty": "gr",
              "it": [
                {
                  "ind": 0,
                  "ty": "sh",
                  "ix": 1,
                  "ks": {
                    "a": 0,
                    "k": {
                      "i": [
                        [
                          -21.297,
                          -33.09
                        ],
                        [
                          21.297,
                          33.09
                        ]
                      ],
                      "o": [
                        [
                          -21.297,
                          -33.09
                        ],
                        [
                          21.297,
                          33.09
                        ]
                      ],
                      "v": [
                        [
                          -21.297,
                          -33.09
                        ],
                        [
                          21.297,
                          33.09
                        ]
                      ],
                      "c": false
                    },
                    "ix": 2
                  },
                  "nm": "Path 1",
                  "mn": "ADBE Vector Shape - Group",
                  "hd": false,
                  "_render": true
                },
                {
                  "ty": "st",
                  "c": {
                    "a": 0,
                    "k": [
                      0,
                      0,
                      0,
                      1
                    ],
                    "ix": 3
                  },
                  "o": {
                    "a": 0,
                    "k": 100,
                    "ix": 4
                  },
                  "w": {
                    "a": 0,
                    "k": 35,
                    "ix": 5
                  },
                  "lc": 2,
                  "lj": 2,
                  "bm": 0,
                  "nm": "Stroke 1",
                  "mn": "ADBE Vector Graphic - Stroke",
                  "hd": false,
                  "_render": true
                },
                {
                  "ty": "tr",
                  "p": {
                    "a": 0,
                    "k": [
                      376.657,
                      333.174
                    ],
                    "ix": 2
                  },
                  "a": {
                    "a": 0,
                    "k": [
                      0,
                      0
                    ],
                    "ix": 1
                  },
                  "s": {
                    "a": 0,
                    "k": [
                      100,
                      100
                    ],
                    "ix": 3
                  },
                  "r": {
                    "a": 0,
                    "k": 0,
                    "ix": 6
                  },
                  "o": {
                    "a": 0,
                    "k": 100,
                    "ix": 7
                  },
                  "sk": {
                    "a": 0,
                    "k": 0,
                    "ix": 4
                  },
                  "sa": {
                    "a": 0,
                    "k": 0,
                    "ix": 5
                  },
                  "nm": "Transform",
                  "_render": true
                }
              ],
              "nm": "Group 5",
              "np": 2,
              "cix": 2,
              "bm": 0,
              "ix": 1,
              "mn": "ADBE Vector Group",
              "hd": false,
              "_render": true
            },
            {
              "ty": "gr",
              "it": [
                {
                  "ind": 0,
                  "ty": "sh",
                  "ix": 1,
                  "ks": {
                    "a": 0,
                    "k": {
                      "i": [
                        [
                          30.161,
                          -28.219
                        ],
                        [
                          -28.161,
                          44.219
                        ]
                      ],
                      "o": [
                        [
                          30.161,
                          -28.219
                        ],
                        [
                          -28.161,
                          44.219
                        ]
                      ],
                      "v": [
                        [
                          30.161,
                          -28.219
                        ],
                        [
                          -28.161,
                          44.219
                        ]
                      ],
                      "c": false
                    },
                    "ix": 2
                  },
                  "nm": "Path 1",
                  "mn": "ADBE Vector Shape - Group",
                  "hd": false,
                  "_render": true
                },
                {
                  "ty": "st",
                  "c": {
                    "a": 0,
                    "k": [
                      0,
                      0,
                      0,
                      1
                    ],
                    "ix": 3
                  },
                  "o": {
                    "a": 0,
                    "k": 100,
                    "ix": 4
                  },
                  "w": {
                    "a": 0,
                    "k": 35,
                    "ix": 5
                  },
                  "lc": 2,
                  "lj": 2,
                  "bm": 0,
                  "nm": "Stroke 1",
                  "mn": "ADBE Vector Graphic - Stroke",
                  "hd": false,
                  "_render": true
                },
                {
                  "ty": "tr",
                  "p": {
                    "a": 0,
                    "k": [
                      702.801,
                      333.174
                    ],
                    "ix": 2
                  },
                  "a": {
                    "a": 0,
                    "k": [
                      0,
                      0
                    ],
                    "ix": 1
                  },
                  "s": {
                    "a": 0,
                    "k": [
                      100,
                      100
                    ],
                    "ix": 3
                  },
                  "r": {
                    "a": 0,
                    "k": 0,
                    "ix": 6
                  },
                  "o": {
                    "a": 0,
                    "k": 100,
                    "ix": 7
                  },
                  "sk": {
                    "a": 0,
                    "k": 0,
                    "ix": 4
                  },
                  "sa": {
                    "a": 0,
                    "k": 0,
                    "ix": 5
                  },
                  "nm": "Transform",
                  "_render": true
                }
              ],
              "nm": "Group 6",
              "np": 2,
              "cix": 2,
              "bm": 0,
              "ix": 2,
              "mn": "ADBE Vector Group",
              "hd": false,
              "_render": true
            },
            {
              "ty": "tm",
              "s": {
                "a": 1,
                "k": [
                  {
                    "i": {
                      "x": [
                        0.667
                      ],
                      "y": [
                        1
                      ]
                    },
                    "o": {
                      "x": [
                        0.333
                      ],
                      "y": [
                        0
                      ]
                    },
                    "t": 3,
                    "s": [
                      100
                    ]
                  },
                  {
                    "i": {
                      "x": [
                        0.667
                      ],
                      "y": [
                        1
                      ]
                    },
                    "o": {
                      "x": [
                        0.333
                      ],
                      "y": [
                        0
                      ]
                    },
                    "t": 19.893,
                    "s": [
                      0
                    ]
                  },
                  {
                    "t": 24.9609375,
                    "s": [
                      0
                    ]
                  }
                ],
                "ix": 1
              },
              "e": {
                "a": 1,
                "k": [
                  {
                    "i": {
                      "x": [
                        0.667
                      ],
                      "y": [
                        1
                      ]
                    },
                    "o": {
                      "x": [
                        0.333
                      ],
                      "y": [
                        0
                      ]
                    },
                    "t": 8.068,
                    "s": [
                      100
                    ]
                  },
                  {
                    "t": 24.9609375,
                    "s": [
                      0
                    ]
                  }
                ],
                "ix": 2
              },
              "o": {
                "a": 0,
                "k": 0,
                "ix": 3
              },
              "m": 1,
              "ix": 3,
              "nm": "Trim Paths 1",
              "mn": "ADBE Vector Filter - Trim",
              "hd": false,
              "_render": true
            },
            {
              "ty": "tr",
              "p": {
                "a": 0,
                "k": [
                  540,
                  333.174
                ],
                "ix": 2
              },
              "a": {
                "a": 0,
                "k": [
                  540,
                  333.174
                ],
                "ix": 1
              },
              "s": {
                "a": 0,
                "k": [
                  100,
                  100
                ],
                "ix": 3
              },
              "r": {
                "a": 0,
                "k": 0,
                "ix": 6
              },
              "o": {
                "a": 0,
                "k": 100,
                "ix": 7
              },
              "sk": {
                "a": 0,
                "k": 0,
                "ix": 4
              },
              "sa": {
                "a": 0,
                "k": 0,
                "ix": 5
              },
              "nm": "Transform",
              "_render": true
            }
          ],
          "nm": "Group 5",
          "np": 3,
          "cix": 2,
          "bm": 0,
          "ix": 5,
          "mn": "ADBE Vector Group",
          "hd": false,
          "_render": true
        }
      ],
      "ip": 0,
      "op": 120,
      "st": 0,
      "ct": 1,
      "bm": 0,
      "completed": true
    }
  ],
  "markers": [],
  "__complete": true
}