{
  "v": "5.9.6",
  "fr": 60,
  "ip": 0,
  "op": 120,
  "w": 750,
  "h": 750,
  "nm": "Comp 1",
  "ddd": 0,
  "assets": [],
  "layers": [
    {
      "ddd": 0,
      "ind": 1,
      "ty": 4,
      "nm": "Layer 1",
      "sr": 1,
      "ks": {
        "o": {
          "a": 0,
          "k": 100,
          "ix": 11
        },
        "r": {
          "a": 0,
          "k": 0,
          "ix": 10
        },
        "p": {
          "a": 0,
          "k": [
            375,
            375,
            0
          ],
          "ix": 2,
          "l": 2
        },
        "a": {
          "a": 0,
          "k": [
            530.834,
            506.232,
            0
          ],
          "ix": 1,
          "l": 2
        },
        "s": {
          "a": 0,
          "k": [
            100,
            100,
            100
          ],
          "ix": 6,
          "l": 2
        }
      },
      "ao": 0,
      "shapes": [
        {
          "ty": "gr",
          "it": [
            {
              "ty": "gr",
              "it": [
                {
                  "ind": 0,
                  "ty": "sh",
                  "ix": 1,
                  "ks": {
                    "a": 0,
                    "k": {
                      "i": [
                        [
                          59.197,
                          -21.296
                        ],
                        [
                          33.120999999999995,
                          -57.511
                        ],
                        [
                          -54.244,
                          -41.457
                        ],
                        [
                          -39.545,
                          56.156
                        ],
                        [
                          18.615000000000002,
                          59.958999999999996
                        ]
                      ],
                      "o": [
                        [
                          51.555,
                          -41.8
                        ],
                        [
                          -23.54,
                          -64.996
                        ],
                        [
                          -63.083,
                          25.452999999999996
                        ],
                        [
                          6.4559999999999995,
                          62.233000000000004
                        ],
                        [
                          29.146,
                          54.705
                        ]
                      ],
                      "v": [
                        [
                          59.197,
                          -21.296
                        ],
                        [
                          9.915,
                          -60.576
                        ],
                        [
                          -58.664,
                          -8.002
                        ],
                        [
                          -6.09,
                          60.576
                        ],
                        [
                          29.146,
                          54.705
                        ]
                      ],
                      "c": false
                    },
                    "ix": 2
                  },
                  "nm": "Path 1",
                  "mn": "ADBE Vector Shape - Group",
                  "hd": false,
                  "_render": true
                },
                {
                  "ty": "st",
                  "c": {
                    "a": 0,
                    "k": [
                      0,
                      0,
                      0,
                      1
                    ],
                    "ix": 3
                  },
                  "o": {
                    "a": 0,
                    "k": 100,
                    "ix": 4
                  },
                  "w": {
                    "a": 0,
                    "k": 35,
                    "ix": 5
                  },
                  "lc": 2,
                  "lj": 2,
                  "bm": 0,
                  "nm": "Stroke 1",
                  "mn": "ADBE Vector Graphic - Stroke",
                  "hd": false,
                  "_render": true
                },
                {
                  "ty": "tr",
                  "p": {
                    "a": 0,
                    "k": [
                      723.305,
                      324.678
                    ],
                    "ix": 2
                  },
                  "a": {
                    "a": 0,
                    "k": [
                      0,
                      0
                    ],
                    "ix": 1
                  },
                  "s": {
                    "a": 0,
                    "k": [
                      100,
                      100
                    ],
                    "ix": 3
                  },
                  "r": {
                    "a": 0,
                    "k": 0,
                    "ix": 6
                  },
                  "o": {
                    "a": 0,
                    "k": 100,
                    "ix": 7
                  },
                  "sk": {
                    "a": 0,
                    "k": 0,
                    "ix": 4
                  },
                  "sa": {
                    "a": 0,
                    "k": 0,
                    "ix": 5
                  },
                  "nm": "Transform",
                  "_render": true
                }
              ],
              "nm": "Group 1",
              "np": 2,
              "cix": 2,
              "bm": 0,
              "ix": 1,
              "mn": "ADBE Vector Group",
              "hd": false,
              "_render": true
            },
            {
              "ty": "gr",
              "it": [
                {
                  "ind": 0,
                  "ty": "sh",
                  "ix": 1,
                  "ks": {
                    "a": 0,
                    "k": {
                      "i": [
                        [
                          21.818,
                          -27.935
                        ],
                        [
                          18.494,
                          20.793
                        ],
                        [
                          -21.818,
                          27.935
                        ]
                      ],
                      "o": [
                        [
                          21.818,
                          -27.935
                        ],
                        [
                          18.494,
                          20.793
                        ],
                        [
                          -21.818,
                          27.935
                        ]
                      ],
                      "v": [
                        [
                          21.818,
                          -27.935
                        ],
                        [
                          18.494,
                          20.793
                        ],
                        [
                          -21.818,
                          27.935
                        ]
                      ],
                      "c": false
                    },
                    "ix": 2
                  },
                  "nm": "Path 1",
                  "mn": "ADBE Vector Shape - Group",
                  "hd": false,
                  "_render": true
                },
                {
                  "ty": "st",
                  "c": {
                    "a": 0,
                    "k": [
                      0,
                      0,
                      0,
                      1
                    ],
                    "ix": 3
                  },
                  "o": {
                    "a": 0,
                    "k": 100,
                    "ix": 4
                  },
                  "w": {
                    "a": 0,
                    "k": 35,
                    "ix": 5
                  },
                  "lc": 2,
                  "lj": 2,
                  "bm": 0,
                  "nm": "Stroke 1",
                  "mn": "ADBE Vector Graphic - Stroke",
                  "hd": false,
                  "_render": true
                },
                {
                  "ty": "tr",
                  "p": {
                    "a": 0,
                    "k": [
                      777.928,
                      288.31
                    ],
                    "ix": 2
                  },
                  "a": {
                    "a": 0,
                    "k": [
                      0,
                      0
                    ],
                    "ix": 1
                  },
                  "s": {
                    "a": 0,
                    "k": [
                      100,
                      100
                    ],
                    "ix": 3
                  },
                  "r": {
                    "a": 0,
                    "k": 0,
                    "ix": 6
                  },
                  "o": {
                    "a": 0,
                    "k": 100,
                    "ix": 7
                  },
                  "sk": {
                    "a": 0,
                    "k": 0,
                    "ix": 4
                  },
                  "sa": {
                    "a": 0,
                    "k": 0,
                    "ix": 5
                  },
                  "nm": "Transform",
                  "_render": true
                }
              ],
              "nm": "Group 2",
              "np": 2,
              "cix": 2,
              "bm": 0,
              "ix": 2,
              "mn": "ADBE Vector Group",
              "hd": false,
              "_render": true
            },
            {
              "ty": "tm",
              "s": {
                "a": 0,
                "k": 0,
                "ix": 1
              },
              "e": {
                "a": 1,
                "k": [
                  {
                    "i": {
                      "x": [
                        0.31
                      ],
                      "y": [
                        1
                      ]
                    },
                    "o": {
                      "x": [
                        0.69
                      ],
                      "y": [
                        0
                      ]
                    },
                    "t": 6,
                    "s": [
                      100
                    ]
                  },
                  {
                    "i": {
                      "x": [
                        0.31
                      ],
                      "y": [
                        1
                      ]
                    },
                    "o": {
                      "x": [
                        0.69
                      ],
                      "y": [
                        0
                      ]
                    },
                    "t": 31,
                    "s": [
                      8
                    ]
                  },
                  {
                    "t": 56,
                    "s": [
                      100
                    ]
                  }
                ],
                "ix": 2
              },
              "o": {
                "a": 0,
                "k": 0,
                "ix": 3
              },
              "m": 1,
              "ix": 3,
              "nm": "Trim Paths 1",
              "mn": "ADBE Vector Filter - Trim",
              "hd": false,
              "_render": true
            },
            {
              "ty": "tr",
              "p": {
                "a": 0,
                "k": [
                  731.927,
                  323.081
                ],
                "ix": 2
              },
              "a": {
                "a": 0,
                "k": [
                  731.927,
                  323.081
                ],
                "ix": 1
              },
              "s": {
                "a": 0,
                "k": [
                  100,
                  100
                ],
                "ix": 3
              },
              "r": {
                "a": 0,
                "k": 0,
                "ix": 6
              },
              "o": {
                "a": 0,
                "k": 100,
                "ix": 7
              },
              "sk": {
                "a": 0,
                "k": 0,
                "ix": 4
              },
              "sa": {
                "a": 0,
                "k": 0,
                "ix": 5
              },
              "nm": "Transform",
              "_render": true
            }
          ],
          "nm": "Group 5",
          "np": 3,
          "cix": 2,
          "bm": 0,
          "ix": 1,
          "mn": "ADBE Vector Group",
          "hd": false,
          "_render": true
        },
        {
          "ty": "gr",
          "it": [
            {
              "ind": 0,
              "ty": "sh",
              "ix": 1,
              "ks": {
                "a": 0,
                "k": {
                  "i": [
                    [
                      238,
                      -66.5
                    ],
                    [
                      238,
                      90.5
                    ],
                    [
                      171.962,
                      238
                    ],
                    [
                      -90.5,
                      238
                    ],
                    [
                      -238,
                      171.962
                    ],
                    [
                      -238,
                      -90.5
                    ],
                    [
                      -171.962,
                      -238
                    ],
                    [
                      100.812,
                      -238
                    ]
                  ],
                  "o": [
                    [
                      238,
                      -66.5
                    ],
                    [
                      238,
                      171.962
                    ],
                    [
                      90.5,
                      238
                    ],
                    [
                      -171.962,
                      238
                    ],
                    [
                      -238,
                      90.5
                    ],
                    [
                      -238,
                      -171.962
                    ],
                    [
                      -90.5,
                      -238
                    ],
                    [
                      100.812,
                      -238
                    ]
                  ],
                  "v": [
                    [
                      238,
                      -66.5
                    ],
                    [
                      238,
                      90.5
                    ],
                    [
                      90.5,
                      238
                    ],
                    [
                      -90.5,
                      238
                    ],
                    [
                      -238,
                      90.5
                    ],
                    [
                      -238,
                      -90.5
                    ],
                    [
                      -90.5,
                      -238
                    ],
                    [
                      100.812,
                      -238
                    ]
                  ],
                  "c": false
                },
                "ix": 2
              },
              "nm": "Path 1",
              "mn": "ADBE Vector Shape - Group",
              "hd": false,
              "_render": true
            },
            {
              "ty": "st",
              "c": {
                "a": 0,
                "k": [
                  0,
                  0,
                  0,
                  1
                ],
                "ix": 3
              },
              "o": {
                "a": 0,
                "k": 100,
                "ix": 4
              },
              "w": {
                "a": 0,
                "k": 35,
                "ix": 5
              },
              "lc": 2,
              "lj": 2,
              "bm": 0,
              "nm": "Stroke 1",
              "mn": "ADBE Vector Graphic - Stroke",
              "hd": false,
              "_render": true
            },
            {
              "ty": "tm",
              "s": {
                "a": 1,
                "k": [
                  {
                    "i": {
                      "x": [
                        0.31
                      ],
                      "y": [
                        1
                      ]
                    },
                    "o": {
                      "x": [
                        0.69
                      ],
                      "y": [
                        0
                      ]
                    },
                    "t": 3,
                    "s": [
                      0
                    ]
                  },
                  {
                    "i": {
                      "x": [
                        0.31
                      ],
                      "y": [
                        1
                      ]
                    },
                    "o": {
                      "x": [
                        0.69
                      ],
                      "y": [
                        0
                      ]
                    },
                    "t": 28,
                    "s": [
                      7
                    ]
                  },
                  {
                    "t": 53,
                    "s": [
                      0
                    ]
                  }
                ],
                "ix": 1
              },
              "e": {
                "a": 1,
                "k": [
                  {
                    "i": {
                      "x": [
                        0.31
                      ],
                      "y": [
                        1
                      ]
                    },
                    "o": {
                      "x": [
                        0.69
                      ],
                      "y": [
                        0
                      ]
                    },
                    "t": 0,
                    "s": [
                      100
                    ]
                  },
                  {
                    "i": {
                      "x": [
                        0.31
                      ],
                      "y": [
                        1
                      ]
                    },
                    "o": {
                      "x": [
                        0.69
                      ],
                      "y": [
                        0
                      ]
                    },
                    "t": 25,
                    "s": [
                      90
                    ]
                  },
                  {
                    "t": 50,
                    "s": [
                      100
                    ]
                  }
                ],
                "ix": 2
              },
              "o": {
                "a": 0,
                "k": 0,
                "ix": 3
              },
              "m": 1,
              "ix": 3,
              "nm": "Trim Paths 1",
              "mn": "ADBE Vector Filter - Trim",
              "hd": false,
              "_render": true
            },
            {
              "ty": "tr",
              "p": {
                "a": 0,
                "k": [
                  499.923,
                  514.088
                ],
                "ix": 2
              },
              "a": {
                "a": 0,
                "k": [
                  0,
                  0
                ],
                "ix": 1
              },
              "s": {
                "a": 0,
                "k": [
                  100,
                  100
                ],
                "ix": 3
              },
              "r": {
                "a": 0,
                "k": 0,
                "ix": 6
              },
              "o": {
                "a": 0,
                "k": 100,
                "ix": 7
              },
              "sk": {
                "a": 0,
                "k": 0,
                "ix": 4
              },
              "sa": {
                "a": 0,
                "k": 0,
                "ix": 5
              },
              "nm": "Transform",
              "_render": true
            }
          ],
          "nm": "Group 3",
          "np": 3,
          "cix": 2,
          "bm": 0,
          "ix": 2,
          "mn": "ADBE Vector Group",
          "hd": false,
          "_render": true
        },
        {
          "ty": "gr",
          "it": [
            {
              "ind": 0,
              "ty": "sh",
              "ix": 1,
              "ks": {
                "a": 0,
                "k": {
                  "i": [
                    [
                      -238,
                      74.118
                    ],
                    [
                      -77.059,
                      -74.118
                    ],
                    [
                      22.176,
                      43.206
                    ],
                    [
                      121.176,
                      -35.882
                    ],
                    [
                      238,
                      74.118
                    ]
                  ],
                  "o": [
                    [
                      -238,
                      74.118
                    ],
                    [
                      -77.059,
                      -74.118
                    ],
                    [
                      22.176,
                      43.206
                    ],
                    [
                      121.176,
                      -35.882
                    ],
                    [
                      238,
                      74.118
                    ]
                  ],
                  "v": [
                    [
                      -238,
                      74.118
                    ],
                    [
                      -77.059,
                      -74.118
                    ],
                    [
                      22.176,
                      43.206
                    ],
                    [
                      121.176,
                      -35.882
                    ],
                    [
                      238,
                      74.118
                    ]
                  ],
                  "c": false
                },
                "ix": 2
              },
              "nm": "Path 1",
              "mn": "ADBE Vector Shape - Group",
              "hd": false,
              "_render": true
            },
            {
              "ty": "st",
              "c": {
                "a": 0,
                "k": [
                  0,
                  0,
                  0,
                  1
                ],
                "ix": 3
              },
              "o": {
                "a": 0,
                "k": 100,
                "ix": 4
              },
              "w": {
                "a": 0,
                "k": 35,
                "ix": 5
              },
              "lc": 2,
              "lj": 2,
              "bm": 0,
              "nm": "Stroke 1",
              "mn": "ADBE Vector Graphic - Stroke",
              "hd": false,
              "_render": true
            },
            {
              "ty": "tr",
              "p": {
                "a": 0,
                "k": [
                  500.077,
                  493.971
                ],
                "ix": 2
              },
              "a": {
                "a": 0,
                "k": [
                  0,
                  0
                ],
                "ix": 1
              },
              "s": {
                "a": 0,
                "k": [
                  100,
                  100
                ],
                "ix": 3
              },
              "r": {
                "a": 0,
                "k": 0,
                "ix": 6
              },
              "o": {
                "a": 0,
                "k": 100,
                "ix": 7
              },
              "sk": {
                "a": 0,
                "k": 0,
                "ix": 4
              },
              "sa": {
                "a": 0,
                "k": 0,
                "ix": 5
              },
              "nm": "Transform",
              "_render": true
            }
          ],
          "nm": "Group 4",
          "np": 2,
          "cix": 2,
          "bm": 0,
          "ix": 3,
          "mn": "ADBE Vector Group",
          "hd": false,
          "_render": true
        }
      ],
      "ip": 0,
      "op": 120,
      "st": 0,
      "ct": 1,
      "bm": 0,
      "completed": true
    }
  ],
  "markers": [],
  "__complete": true
}