{
  "v": "5.9.6",
  "fr": 60,
  "ip": 0,
  "op": 120,
  "w": 750,
  "h": 750,
  "nm": "Comp 1",
  "ddd": 0,
  "assets": [],
  "layers": [
    {
      "ddd": 0,
      "ind": 1,
      "ty": 4,
      "nm": "Layer 1",
      "sr": 1,
      "ks": {
        "o": {
          "a": 0,
          "k": 100,
          "ix": 11
        },
        "r": {
          "a": 0,
          "k": 0,
          "ix": 10
        },
        "p": {
          "a": 0,
          "k": [
            375,
            375,
            0
          ],
          "ix": 2,
          "l": 2
        },
        "a": {
          "a": 0,
          "k": [
            519.018,
            514.088,
            0
          ],
          "ix": 1,
          "l": 2
        },
        "s": {
          "a": 0,
          "k": [
            100,
            100,
            100
          ],
          "ix": 6,
          "l": 2
        }
      },
      "ao": 0,
      "shapes": [
        {
          "ty": "gr",
          "it": [
            {
              "ind": 0,
              "ty": "sh",
              "ix": 1,
              "ks": {
                "a": 1,
                "k": [
                  {
                    "i": {
                      "x": 0.667,
                      "y": 1
                    },
                    "o": {
                      "x": 0.333,
                      "y": 0
                    },
                    "t": 0,
                    "s": [
                      {
                        "i": [
                          [
                            -12.706,
                            0
                          ],
                          [
                            12.706,
                            0
                          ]
                        ],
                        "o": [
                          [
                            -12.706,
                            0
                          ],
                          [
                            12.706,
                            0
                          ]
                        ],
                        "v": [
                          [
                            -12.706,
                            0
                          ],
                          [
                            12.706,
                            0
                          ]
                        ],
                        "c": false
                      }
                    ]
                  },
                  {
                    "i": {
                      "x": 0.667,
                      "y": 1
                    },
                    "o": {
                      "x": 0.333,
                      "y": 0
                    },
                    "t": 25,
                    "s": [
                      {
                        "i": [
                          [
                            -15.101,
                            9.7
                          ],
                          [
                            8.274,
                            9.7
                          ]
                        ],
                        "o": [
                          [
                            -15.101,
                            9.7
                          ],
                          [
                            8.274,
                            9.7
                          ]
                        ],
                        "v": [
                          [
                            -15.101,
                            9.7
                          ],
                          [
                            8.274,
                            9.7
                          ]
                        ],
                        "c": false
                      }
                    ]
                  },
                  {
                    "t": 50,
                    "s": [
                      {
                        "i": [
                          [
                            -12.706,
                            0
                          ],
                          [
                            12.706,
                            0
                          ]
                        ],
                        "o": [
                          [
                            -12.706,
                            0
                          ],
                          [
                            12.706,
                            0
                          ]
                        ],
                        "v": [
                          [
                            -12.706,
                            0
                          ],
                          [
                            12.706,
                            0
                          ]
                        ],
                        "c": false
                      }
                    ]
                  }
                ],
                "ix": 2
              },
              "nm": "Path 1",
              "mn": "ADBE Vector Shape - Group",
              "hd": false,
              "_render": true
            },
            {
              "ty": "st",
              "c": {
                "a": 0,
                "k": [
                  0,
                  0,
                  0,
                  1
                ],
                "ix": 3
              },
              "o": {
                "a": 0,
                "k": 100,
                "ix": 4
              },
              "w": {
                "a": 0,
                "k": 35,
                "ix": 5
              },
              "lc": 2,
              "lj": 2,
              "bm": 0,
              "nm": "Stroke 1",
              "mn": "ADBE Vector Graphic - Stroke",
              "hd": false,
              "_render": true
            },
            {
              "ty": "tr",
              "p": {
                "a": 0,
                "k": [
                  561.618,
                  393.029
                ],
                "ix": 2
              },
              "a": {
                "a": 0,
                "k": [
                  0,
                  0
                ],
                "ix": 1
              },
              "s": {
                "a": 0,
                "k": [
                  100,
                  100
                ],
                "ix": 3
              },
              "r": {
                "a": 0,
                "k": 0,
                "ix": 6
              },
              "o": {
                "a": 0,
                "k": 100,
                "ix": 7
              },
              "sk": {
                "a": 0,
                "k": 0,
                "ix": 4
              },
              "sa": {
                "a": 0,
                "k": 0,
                "ix": 5
              },
              "nm": "Transform",
              "_render": true
            }
          ],
          "nm": "Group 1",
          "np": 2,
          "cix": 2,
          "bm": 0,
          "ix": 1,
          "mn": "ADBE Vector Group",
          "hd": false,
          "_render": true
        },
        {
          "ty": "gr",
          "it": [
            {
              "ind": 0,
              "ty": "sh",
              "ix": 1,
              "ks": {
                "a": 1,
                "k": [
                  {
                    "i": {
                      "x": 0.667,
                      "y": 1
                    },
                    "o": {
                      "x": 0.333,
                      "y": 0
                    },
                    "t": 0,
                    "s": [
                      {
                        "i": [
                          [
                            171.962,
                            238
                          ],
                          [
                            -90.5,
                            238
                          ],
                          [
                            -238,
                            171.962
                          ],
                          [
                            -238,
                            -90.5
                          ],
                          [
                            -171.962,
                            -238
                          ],
                          [
                            90.5,
                            -238
                          ],
                          [
                            238,
                            -171.962
                          ],
                          [
                            238,
                            90.5
                          ]
                        ],
                        "o": [
                          [
                            90.5,
                            238
                          ],
                          [
                            -171.962,
                            238
                          ],
                          [
                            -238,
                            90.5
                          ],
                          [
                            -238,
                            -171.962
                          ],
                          [
                            -90.5,
                            -238
                          ],
                          [
                            171.962,
                            -238
                          ],
                          [
                            238,
                            -90.5
                          ],
                          [
                            238,
                            171.962
                          ]
                        ],
                        "v": [
                          [
                            90.5,
                            238
                          ],
                          [
                            -90.5,
                            238
                          ],
                          [
                            -238,
                            90.5
                          ],
                          [
                            -238,
                            -90.5
                          ],
                          [
                            -90.5,
                            -238
                          ],
                          [
                            90.5,
                            -238
                          ],
                          [
                            238,
                            -90.5
                          ],
                          [
                            238,
                            90.5
                          ]
                        ],
                        "c": true
                      }
                    ]
                  },
                  {
                    "i": {
                      "x": 0.667,
                      "y": 1
                    },
                    "o": {
                      "x": 0.333,
                      "y": 0
                    },
                    "t": 25,
                    "s": [
                      {
                        "i": [
                          [
                            158.18900000000002,
                            218.929
                          ],
                          [
                            -83.242,
                            218.929
                          ],
                          [
                            -218.923,
                            158.183
                          ],
                          [
                            -218.923,
                            -83.248
                          ],
                          [
                            -158.17700000000002,
                            -218.929
                          ],
                          [
                            83.254,
                            -218.929
                          ],
                          [
                            218.935,
                            -158.183
                          ],
                          [
                            218.935,
                            83.248
                          ]
                        ],
                        "o": [
                          [
                            83.254,
                            218.929
                          ],
                          [
                            -158.17700000000002,
                            218.929
                          ],
                          [
                            -218.923,
                            83.248
                          ],
                          [
                            -218.923,
                            -158.183
                          ],
                          [
                            -83.242,
                            -218.929
                          ],
                          [
                            158.18900000000002,
                            -218.929
                          ],
                          [
                            218.935,
                            -83.248
                          ],
                          [
                            218.935,
                            158.183
                          ]
                        ],
                        "v": [
                          [
                            83.254,
                            218.929
                          ],
                          [
                            -83.242,
                            218.929
                          ],
                          [
                            -218.923,
                            83.248
                          ],
                          [
                            -218.923,
                            -83.248
                          ],
                          [
                            -83.242,
                            -218.929
                          ],
                          [
                            83.254,
                            -218.929
                          ],
                          [
                            218.935,
                            -83.248
                          ],
                          [
                            218.935,
                            83.248
                          ]
                        ],
                        "c": true
                      }
                    ]
                  },
                  {
                    "t": 50,
                    "s": [
                      {
                        "i": [
                          [
                            171.962,
                            238
                          ],
                          [
                            -90.5,
                            238
                          ],
                          [
                            -238,
                            171.962
                          ],
                          [
                            -238,
                            -90.5
                          ],
                          [
                            -171.962,
                            -238
                          ],
                          [
                            90.5,
                            -238
                          ],
                          [
                            238,
                            -171.962
                          ],
                          [
                            238,
                            90.5
                          ]
                        ],
                        "o": [
                          [
                            90.5,
                            238
                          ],
                          [
                            -171.962,
                            238
                          ],
                          [
                            -238,
                            90.5
                          ],
                          [
                            -238,
                            -171.962
                          ],
                          [
                            -90.5,
                            -238
                          ],
                          [
                            171.962,
                            -238
                          ],
                          [
                            238,
                            -90.5
                          ],
                          [
                            238,
                            171.962
                          ]
                        ],
                        "v": [
                          [
                            90.5,
                            238
                          ],
                          [
                            -90.5,
                            238
                          ],
                          [
                            -238,
                            90.5
                          ],
                          [
                            -238,
                            -90.5
                          ],
                          [
                            -90.5,
                            -238
                          ],
                          [
                            90.5,
                            -238
                          ],
                          [
                            238,
                            -90.5
                          ],
                          [
                            238,
                            90.5
                          ]
                        ],
                        "c": true
                      }
                    ]
                  }
                ],
                "ix": 2
              },
              "nm": "Path 1",
              "mn": "ADBE Vector Shape - Group",
              "hd": false,
              "_render": true
            },
            {
              "ty": "st",
              "c": {
                "a": 0,
                "k": [
                  0,
                  0,
                  0,
                  1
                ],
                "ix": 3
              },
              "o": {
                "a": 0,
                "k": 100,
                "ix": 4
              },
              "w": {
                "a": 0,
                "k": 35,
                "ix": 5
              },
              "lc": 2,
              "lj": 2,
              "bm": 0,
              "nm": "Stroke 1",
              "mn": "ADBE Vector Graphic - Stroke",
              "hd": false,
              "_render": true
            },
            {
              "ty": "tr",
              "p": {
                "a": 0,
                "k": [
                  518.941,
                  514.088
                ],
                "ix": 2
              },
              "a": {
                "a": 0,
                "k": [
                  0,
                  0
                ],
                "ix": 1
              },
              "s": {
                "a": 0,
                "k": [
                  100,
                  100
                ],
                "ix": 3
              },
              "r": {
                "a": 0,
                "k": 0,
                "ix": 6
              },
              "o": {
                "a": 0,
                "k": 100,
                "ix": 7
              },
              "sk": {
                "a": 0,
                "k": 0,
                "ix": 4
              },
              "sa": {
                "a": 0,
                "k": 0,
                "ix": 5
              },
              "nm": "Transform",
              "_render": true
            }
          ],
          "nm": "Group 2",
          "np": 2,
          "cix": 2,
          "bm": 0,
          "ix": 2,
          "mn": "ADBE Vector Group",
          "hd": false,
          "_render": true
        },
        {
          "ty": "gr",
          "it": [
            {
              "ind": 0,
              "ty": "sh",
              "ix": 1,
              "ks": {
                "a": 1,
                "k": [
                  {
                    "i": {
                      "x": 0.667,
                      "y": 1
                    },
                    "o": {
                      "x": 0.333,
                      "y": 0
                    },
                    "t": 0,
                    "s": [
                      {
                        "i": [
                          [
                            -238,
                            74.118
                          ],
                          [
                            -77.059,
                            -74.118
                          ],
                          [
                            22.176,
                            43.206
                          ],
                          [
                            121.176,
                            -35.882
                          ],
                          [
                            238,
                            74.118
                          ]
                        ],
                        "o": [
                          [
                            -238,
                            74.118
                          ],
                          [
                            -77.059,
                            -74.118
                          ],
                          [
                            22.176,
                            43.206
                          ],
                          [
                            121.176,
                            -35.882
                          ],
                          [
                            238,
                            74.118
                          ]
                        ],
                        "v": [
                          [
                            -238,
                            74.118
                          ],
                          [
                            -77.059,
                            -74.118
                          ],
                          [
                            22.176,
                            43.206
                          ],
                          [
                            121.176,
                            -35.882
                          ],
                          [
                            238,
                            74.118
                          ]
                        ],
                        "c": false
                      }
                    ]
                  },
                  {
                    "i": {
                      "x": 0.667,
                      "y": 1
                    },
                    "o": {
                      "x": 0.333,
                      "y": 0
                    },
                    "t": 25,
                    "s": [
                      {
                        "i": [
                          [
                            -218.935,
                            69.791
                          ],
                          [
                            -70.89,
                            -66.567
                          ],
                          [
                            20.393,
                            41.356
                          ],
                          [
                            111.461,
                            -31.395
                          ],
                          [
                            218.923,
                            69.791
                          ]
                        ],
                        "o": [
                          [
                            -218.935,
                            69.791
                          ],
                          [
                            -70.89,
                            -66.567
                          ],
                          [
                            20.393,
                            41.356
                          ],
                          [
                            111.461,
                            -31.395
                          ],
                          [
                            218.923,
                            69.791
                          ]
                        ],
                        "v": [
                          [
                            -218.935,
                            69.791
                          ],
                          [
                            -70.89,
                            -66.567
                          ],
                          [
                            20.393,
                            41.356
                          ],
                          [
                            111.461,
                            -31.395
                          ],
                          [
                            218.923,
                            69.791
                          ]
                        ],
                        "c": false
                      }
                    ]
                  },
                  {
                    "t": 50,
                    "s": [
                      {
                        "i": [
                          [
                            -238,
                            74.118
                          ],
                          [
                            -77.059,
                            -74.118
                          ],
                          [
                            22.176,
                            43.206
                          ],
                          [
                            121.176,
                            -35.882
                          ],
                          [
                            238,
                            74.118
                          ]
                        ],
                        "o": [
                          [
                            -238,
                            74.118
                          ],
                          [
                            -77.059,
                            -74.118
                          ],
                          [
                            22.176,
                            43.206
                          ],
                          [
                            121.176,
                            -35.882
                          ],
                          [
                            238,
                            74.118
                          ]
                        ],
                        "v": [
                          [
                            -238,
                            74.118
                          ],
                          [
                            -77.059,
                            -74.118
                          ],
                          [
                            22.176,
                            43.206
                          ],
                          [
                            121.176,
                            -35.882
                          ],
                          [
                            238,
                            74.118
                          ]
                        ],
                        "c": false
                      }
                    ]
                  }
                ],
                "ix": 2
              },
              "nm": "Path 1",
              "mn": "ADBE Vector Shape - Group",
              "hd": false,
              "_render": true
            },
            {
              "ty": "st",
              "c": {
                "a": 0,
                "k": [
                  0,
                  0,
                  0,
                  1
                ],
                "ix": 3
              },
              "o": {
                "a": 0,
                "k": 100,
                "ix": 4
              },
              "w": {
                "a": 0,
                "k": 35,
                "ix": 5
              },
              "lc": 2,
              "lj": 2,
              "bm": 0,
              "nm": "Stroke 1",
              "mn": "ADBE Vector Graphic - Stroke",
              "hd": false,
              "_render": true
            },
            {
              "ty": "tm",
              "s": {
                "a": 0,
                "k": 0,
                "ix": 1
              },
              "e": {
                "a": 1,
                "k": [
                  {
                    "i": {
                      "x": [
                        0.667
                      ],
                      "y": [
                        1
                      ]
                    },
                    "o": {
                      "x": [
                        0.333
                      ],
                      "y": [
                        0
                      ]
                    },
                    "t": 0,
                    "s": [
                      100
                    ]
                  },
                  {
                    "i": {
                      "x": [
                        0.667
                      ],
                      "y": [
                        1
                      ]
                    },
                    "o": {
                      "x": [
                        0.333
                      ],
                      "y": [
                        0
                      ]
                    },
                    "t": 25,
                    "s": [
                      0
                    ]
                  },
                  {
                    "t": 50,
                    "s": [
                      100
                    ]
                  }
                ],
                "ix": 2
              },
              "o": {
                "a": 0,
                "k": 0,
                "ix": 3
              },
              "m": 1,
              "ix": 3,
              "nm": "Trim Paths 1",
              "mn": "ADBE Vector Filter - Trim",
              "hd": false,
              "_render": true
            },
            {
              "ty": "tr",
              "p": {
                "a": 0,
                "k": [
                  519.095,
                  493.971
                ],
                "ix": 2
              },
              "a": {
                "a": 0,
                "k": [
                  0,
                  0
                ],
                "ix": 1
              },
              "s": {
                "a": 0,
                "k": [
                  100,
                  100
                ],
                "ix": 3
              },
              "r": {
                "a": 0,
                "k": 0,
                "ix": 6
              },
              "o": {
                "a": 0,
                "k": 100,
                "ix": 7
              },
              "sk": {
                "a": 0,
                "k": 0,
                "ix": 4
              },
              "sa": {
                "a": 0,
                "k": 0,
                "ix": 5
              },
              "nm": "Transform",
              "_render": true
            }
          ],
          "nm": "Group 3",
          "np": 3,
          "cix": 2,
          "bm": 0,
          "ix": 3,
          "mn": "ADBE Vector Group",
          "hd": false,
          "_render": true
        }
      ],
      "ip": 0,
      "op": 120,
      "st": 0,
      "ct": 1,
      "bm": 0,
      "completed": true
    }
  ],
  "markers": [],
  "__complete": true
}