{
  "v": "5.9.6",
  "fr": 60,
  "ip": 0,
  "op": 120,
  "w": 750,
  "h": 750,
  "nm": "Comp 1",
  "ddd": 0,
  "assets": [],
  "layers": [
    {
      "ddd": 0,
      "ind": 1,
      "ty": 4,
      "nm": "Layer 1",
      "sr": 1,
      "ks": {
        "o": {
          "a": 0,
          "k": 100,
          "ix": 11
        },
        "r": {
          "a": 0,
          "k": 0,
          "ix": 10
        },
        "p": {
          "a": 0,
          "k": [
            375,
            375,
            0
          ],
          "ix": 2,
          "l": 2
        },
        "a": {
          "a": 0,
          "k": [
            488.283,
            514.088,
            0
          ],
          "ix": 1,
          "l": 2
        },
        "s": {
          "a": 0,
          "k": [
            100,
            100,
            100
          ],
          "ix": 6,
          "l": 2
        }
      },
      "ao": 0,
      "shapes": [
        {
          "ty": "gr",
          "it": [
            {
              "ind": 0,
              "ty": "sh",
              "ix": 1,
              "ks": {
                "a": 1,
                "k": [
                  {
                    "i": {
                      "x": 0.667,
                      "y": 1
                    },
                    "o": {
                      "x": 1,
                      "y": 0
                    },
                    "t": 3,
                    "s": [
                      {
                        "i": [
                          [
                            178.30599999999998,
                            194.471
                          ],
                          [
                            -104.669,
                            194.471
                          ],
                          [
                            -238,
                            134.777
                          ],
                          [
                            -238,
                            -61.14
                          ],
                          [
                            -178.30599999999998,
                            -194.471
                          ],
                          [
                            104.669,
                            -194.471
                          ],
                          [
                            238,
                            -134.777
                          ],
                          [
                            238,
                            61.14
                          ]
                        ],
                        "o": [
                          [
                            104.669,
                            194.471
                          ],
                          [
                            -178.30599999999998,
                            194.471
                          ],
                          [
                            -238,
                            61.14
                          ],
                          [
                            -238,
                            -134.777
                          ],
                          [
                            -104.669,
                            -194.471
                          ],
                          [
                            178.30599999999998,
                            -194.471
                          ],
                          [
                            238,
                            -61.14
                          ],
                          [
                            238,
                            134.777
                          ]
                        ],
                        "v": [
                          [
                            104.669,
                            194.471
                          ],
                          [
                            -104.669,
                            194.471
                          ],
                          [
                            -238,
                            61.14
                          ],
                          [
                            -238,
                            -61.14
                          ],
                          [
                            -104.669,
                            -194.471
                          ],
                          [
                            104.669,
                            -194.471
                          ],
                          [
                            238,
                            -61.14
                          ],
                          [
                            238,
                            61.14
                          ]
                        ],
                        "c": true
                      }
                    ]
                  },
                  {
                    "i": {
                      "x": 0,
                      "y": 1
                    },
                    "o": {
                      "x": 0.333,
                      "y": 0
                    },
                    "t": 28,
                    "s": [
                      {
                        "i": [
                          [
                            178.30599999999998,
                            194.471
                          ],
                          [
                            -104.669,
                            194.471
                          ],
                          [
                            -238,
                            134.777
                          ],
                          [
                            -237.952,
                            -136.14
                          ],
                          [
                            -178.25799999999998,
                            -269.471
                          ],
                          [
                            104.717,
                            -269.471
                          ],
                          [
                            238.048,
                            -209.777
                          ],
                          [
                            238,
                            61.14
                          ]
                        ],
                        "o": [
                          [
                            104.669,
                            194.471
                          ],
                          [
                            -178.30599999999998,
                            194.471
                          ],
                          [
                            -238,
                            61.14
                          ],
                          [
                            -237.952,
                            -209.777
                          ],
                          [
                            -104.621,
                            -269.471
                          ],
                          [
                            178.35399999999998,
                            -269.471
                          ],
                          [
                            238.048,
                            -136.14
                          ],
                          [
                            238,
                            134.777
                          ]
                        ],
                        "v": [
                          [
                            104.669,
                            194.471
                          ],
                          [
                            -104.669,
                            194.471
                          ],
                          [
                            -238,
                            61.14
                          ],
                          [
                            -237.952,
                            -136.14
                          ],
                          [
                            -104.621,
                            -269.471
                          ],
                          [
                            104.717,
                            -269.471
                          ],
                          [
                            238.048,
                            -136.14
                          ],
                          [
                            238,
                            61.14
                          ]
                        ],
                        "c": true
                      }
                    ]
                  },
                  {
                    "t": 53,
                    "s": [
                      {
                        "i": [
                          [
                            178.30599999999998,
                            194.471
                          ],
                          [
                            -104.669,
                            194.471
                          ],
                          [
                            -238,
                            134.777
                          ],
                          [
                            -238,
                            -61.14
                          ],
                          [
                            -178.30599999999998,
                            -194.471
                          ],
                          [
                            104.669,
                            -194.471
                          ],
                          [
                            238,
                            -134.777
                          ],
                          [
                            238,
                            61.14
                          ]
                        ],
                        "o": [
                          [
                            104.669,
                            194.471
                          ],
                          [
                            -178.30599999999998,
                            194.471
                          ],
                          [
                            -238,
                            61.14
                          ],
                          [
                            -238,
                            -134.777
                          ],
                          [
                            -104.669,
                            -194.471
                          ],
                          [
                            178.30599999999998,
                            -194.471
                          ],
                          [
                            238,
                            -61.14
                          ],
                          [
                            238,
                            134.777
                          ]
                        ],
                        "v": [
                          [
                            104.669,
                            194.471
                          ],
                          [
                            -104.669,
                            194.471
                          ],
                          [
                            -238,
                            61.14
                          ],
                          [
                            -238,
                            -61.14
                          ],
                          [
                            -104.669,
                            -194.471
                          ],
                          [
                            104.669,
                            -194.471
                          ],
                          [
                            238,
                            -61.14
                          ],
                          [
                            238,
                            61.14
                          ]
                        ],
                        "c": true
                      }
                    ]
                  }
                ],
                "ix": 2
              },
              "nm": "Path 1",
              "mn": "ADBE Vector Shape - Group",
              "hd": false,
              "_render": true
            },
            {
              "ty": "st",
              "c": {
                "a": 0,
                "k": [
                  0,
                  0,
                  0,
                  1
                ],
                "ix": 3
              },
              "o": {
                "a": 0,
                "k": 100,
                "ix": 4
              },
              "w": {
                "a": 0,
                "k": 35,
                "ix": 5
              },
              "lc": 2,
              "lj": 2,
              "bm": 0,
              "nm": "Stroke 1",
              "mn": "ADBE Vector Graphic - Stroke",
              "hd": false,
              "_render": true
            },
            {
              "ty": "tr",
              "p": {
                "a": 0,
                "k": [
                  488.206,
                  514.088
                ],
                "ix": 2
              },
              "a": {
                "a": 0,
                "k": [
                  0,
                  0
                ],
                "ix": 1
              },
              "s": {
                "a": 0,
                "k": [
                  100,
                  100
                ],
                "ix": 3
              },
              "r": {
                "a": 0,
                "k": 0,
                "ix": 6
              },
              "o": {
                "a": 0,
                "k": 100,
                "ix": 7
              },
              "sk": {
                "a": 0,
                "k": 0,
                "ix": 4
              },
              "sa": {
                "a": 0,
                "k": 0,
                "ix": 5
              },
              "nm": "Transform",
              "_render": true
            }
          ],
          "nm": "Group 1",
          "np": 2,
          "cix": 2,
          "bm": 0,
          "ix": 1,
          "mn": "ADBE Vector Group",
          "hd": false,
          "_render": true
        },
        {
          "ty": "gr",
          "it": [
            {
              "ind": 0,
              "ty": "sh",
              "ix": 1,
              "ks": {
                "a": 1,
                "k": [
                  {
                    "i": {
                      "x": 0.667,
                      "y": 1
                    },
                    "o": {
                      "x": 1,
                      "y": 0
                    },
                    "t": 0,
                    "s": [
                      {
                        "i": [
                          [
                            -238,
                            74.118
                          ],
                          [
                            -77.059,
                            -74.118
                          ],
                          [
                            22.176,
                            43.206
                          ],
                          [
                            121.176,
                            -35.882
                          ],
                          [
                            238,
                            74.118
                          ]
                        ],
                        "o": [
                          [
                            -238,
                            74.118
                          ],
                          [
                            -77.059,
                            -74.118
                          ],
                          [
                            22.176,
                            43.206
                          ],
                          [
                            121.176,
                            -35.882
                          ],
                          [
                            238,
                            74.118
                          ]
                        ],
                        "v": [
                          [
                            -238,
                            74.118
                          ],
                          [
                            -77.059,
                            -74.118
                          ],
                          [
                            22.176,
                            43.206
                          ],
                          [
                            121.176,
                            -35.882
                          ],
                          [
                            238,
                            74.118
                          ]
                        ],
                        "c": false
                      }
                    ]
                  },
                  {
                    "i": {
                      "x": 0,
                      "y": 1
                    },
                    "o": {
                      "x": 0.333,
                      "y": 0
                    },
                    "t": 25,
                    "s": [
                      {
                        "i": [
                          [
                            -238,
                            74.118
                          ],
                          [
                            -77.011,
                            -149.118
                          ],
                          [
                            22.176,
                            43.206
                          ],
                          [
                            121.224,
                            -110.882
                          ],
                          [
                            238,
                            74.118
                          ]
                        ],
                        "o": [
                          [
                            -238,
                            74.118
                          ],
                          [
                            -77.011,
                            -149.118
                          ],
                          [
                            22.176,
                            43.206
                          ],
                          [
                            121.224,
                            -110.882
                          ],
                          [
                            238,
                            74.118
                          ]
                        ],
                        "v": [
                          [
                            -238,
                            74.118
                          ],
                          [
                            -77.011,
                            -149.118
                          ],
                          [
                            22.176,
                            43.206
                          ],
                          [
                            121.224,
                            -110.882
                          ],
                          [
                            238,
                            74.118
                          ]
                        ],
                        "c": false
                      }
                    ]
                  },
                  {
                    "t": 50,
                    "s": [
                      {
                        "i": [
                          [
                            -238,
                            74.118
                          ],
                          [
                            -77.059,
                            -74.118
                          ],
                          [
                            22.176,
                            43.206
                          ],
                          [
                            121.176,
                            -35.882
                          ],
                          [
                            238,
                            74.118
                          ]
                        ],
                        "o": [
                          [
                            -238,
                            74.118
                          ],
                          [
                            -77.059,
                            -74.118
                          ],
                          [
                            22.176,
                            43.206
                          ],
                          [
                            121.176,
                            -35.882
                          ],
                          [
                            238,
                            74.118
                          ]
                        ],
                        "v": [
                          [
                            -238,
                            74.118
                          ],
                          [
                            -77.059,
                            -74.118
                          ],
                          [
                            22.176,
                            43.206
                          ],
                          [
                            121.176,
                            -35.882
                          ],
                          [
                            238,
                            74.118
                          ]
                        ],
                        "c": false
                      }
                    ]
                  }
                ],
                "ix": 2
              },
              "nm": "Path 1",
              "mn": "ADBE Vector Shape - Group",
              "hd": false,
              "_render": true
            },
            {
              "ty": "st",
              "c": {
                "a": 0,
                "k": [
                  0,
                  0,
                  0,
                  1
                ],
                "ix": 3
              },
              "o": {
                "a": 0,
                "k": 100,
                "ix": 4
              },
              "w": {
                "a": 0,
                "k": 35,
                "ix": 5
              },
              "lc": 2,
              "lj": 2,
              "bm": 0,
              "nm": "Stroke 1",
              "mn": "ADBE Vector Graphic - Stroke",
              "hd": false,
              "_render": true
            },
            {
              "ty": "tr",
              "p": {
                "a": 0,
                "k": [
                  488.36,
                  493.971
                ],
                "ix": 2
              },
              "a": {
                "a": 0,
                "k": [
                  0,
                  0
                ],
                "ix": 1
              },
              "s": {
                "a": 0,
                "k": [
                  100,
                  100
                ],
                "ix": 3
              },
              "r": {
                "a": 0,
                "k": 0,
                "ix": 6
              },
              "o": {
                "a": 0,
                "k": 100,
                "ix": 7
              },
              "sk": {
                "a": 0,
                "k": 0,
                "ix": 4
              },
              "sa": {
                "a": 0,
                "k": 0,
                "ix": 5
              },
              "nm": "Transform",
              "_render": true
            }
          ],
          "nm": "Group 2",
          "np": 2,
          "cix": 2,
          "bm": 0,
          "ix": 2,
          "mn": "ADBE Vector Group",
          "hd": false,
          "_render": true
        }
      ],
      "ip": 0,
      "op": 120,
      "st": 0,
      "ct": 1,
      "bm": 0,
      "completed": true
    }
  ],
  "markers": [],
  "__complete": true
}