{
  "v": "5.9.6",
  "fr": 60,
  "ip": 0,
  "op": 120,
  "w": 750,
  "h": 750,
  "nm": "Comp 1",
  "ddd": 0,
  "assets": [],
  "layers": [
    {
      "ddd": 0,
      "ind": 1,
      "ty": 4,
      "nm": "Layer 1",
      "sr": 1,
      "ks": {
        "o": {
          "a": 0,
          "k": 100,
          "ix": 11
        },
        "r": {
          "a": 0,
          "k": 0,
          "ix": 10
        },
        "p": {
          "a": 1,
          "k": [
            {
              "i": {
                "x": 0.667,
                "y": 1
              },
              "o": {
                "x": 0.333,
                "y": 0
              },
              "t": 0,
              "s": [
                344.125,
                342.689,
                0
              ],
              "to": null,
              "ti": null
            },
            {
              "i": {
                "x": 0.667,
                "y": 1
              },
              "o": {
                "x": 0.333,
                "y": 0
              },
              "t": 6,
              "s": [
                240.625,
                234.375,
                0
              ],
              "to": [
                16.245,
                17,
                0
              ],
              "ti": [
                -6.151,
                -6.437,
                0
              ]
            },
            {
              "i": {
                "x": 0.667,
                "y": 0.667
              },
              "o": {
                "x": 0.333,
                "y": 0.333
              },
              "t": 30,
              "s": [
                375,
                375,
                0
              ],
              "to": null,
              "ti": null
            },
            {
              "i": {
                "x": 0.667,
                "y": 1
              },
              "o": {
                "x": 0.333,
                "y": 0
              },
              "t": 33,
              "s": [
                375,
                375,
                0
              ],
              "to": [
                -22.396,
                -23.438,
                0
              ],
              "ti": [
                22.396,
                23.438,
                0
              ]
            },
            {
              "i": {
                "x": 0.667,
                "y": 1
              },
              "o": {
                "x": 0.333,
                "y": 0
              },
              "t": 61,
              "s": [
                240.625,
                234.375,
                0
              ],
              "to": null,
              "ti": null
            },
            {
              "t": 76,
              "s": [
                344.125,
                342.689,
                0
              ]
            }
          ],
          "ix": 2,
          "l": 2
        },
        "a": {
          "a": 0,
          "k": [
            0,
            0,
            0
          ],
          "ix": 1,
          "l": 2
        },
        "s": {
          "a": 0,
          "k": [
            100,
            100,
            100
          ],
          "ix": 6,
          "l": 2
        }
      },
      "ao": 0,
      "shapes": [
        {
          "ty": "gr",
          "it": [
            {
              "ind": 0,
              "ty": "sh",
              "ix": 1,
              "ks": {
                "a": 0,
                "k": {
                  "i": [
                    [
                      105.711,
                      -125.679
                    ],
                    [
                      123.124,
                      59.349
                    ],
                    [
                      194.33,
                      106.56
                    ],
                    [
                      229.107,
                      161.495
                    ],
                    [
                      156.061,
                      223.588
                    ],
                    [
                      62.451,
                      161.522
                    ],
                    [
                      -220.886,
                      -32.626
                    ],
                    [
                      -196.076,
                      -152.288
                    ],
                    [
                      -171.656,
                      -189.118
                    ],
                    [
                      -126.289,
                      -158.534
                    ],
                    [
                      -130.833,
                      -109.03
                    ],
                    [
                      15.294,
                      -12.145
                    ],
                    [
                      27.884,
                      -215.367
                    ],
                    [
                      101.533,
                      -170.082
                    ]
                  ],
                  "o": [
                    [
                      116.351,
                      -12.619
                    ],
                    [
                      123.124,
                      59.349
                    ],
                    [
                      221.645,
                      124.671
                    ],
                    [
                      192.88600000000002,
                      216.125
                    ],
                    [
                      128.746,
                      205.477
                    ],
                    [
                      62.451,
                      161.522
                    ],
                    [
                      -220.886,
                      -32.626
                    ],
                    [
                      -196.076,
                      -152.288
                    ],
                    [
                      -171.656,
                      -189.118
                    ],
                    [
                      -126.289,
                      -158.534
                    ],
                    [
                      -130.833,
                      -109.03
                    ],
                    [
                      15.294,
                      -12.145
                    ],
                    [
                      27.884,
                      -215.367
                    ],
                    [
                      101.533,
                      -170.082
                    ]
                  ],
                  "v": [
                    [
                      110.392,
                      -75.941
                    ],
                    [
                      123.124,
                      59.349
                    ],
                    [
                      194.33,
                      106.56
                    ],
                    [
                      210.996,
                      188.81
                    ],
                    [
                      128.746,
                      205.477
                    ],
                    [
                      62.451,
                      161.522
                    ],
                    [
                      -220.886,
                      -32.626
                    ],
                    [
                      -196.076,
                      -152.288
                    ],
                    [
                      -171.656,
                      -189.118
                    ],
                    [
                      -126.289,
                      -158.534
                    ],
                    [
                      -130.833,
                      -109.03
                    ],
                    [
                      15.294,
                      -12.145
                    ],
                    [
                      27.884,
                      -215.367
                    ],
                    [
                      101.533,
                      -170.082
                    ]
                  ],
                  "c": true
                },
                "ix": 2
              },
              "nm": "Path 1",
              "mn": "ADBE Vector Shape - Group",
              "hd": false,
              "_render": true
            },
            {
              "ty": "st",
              "c": {
                "a": 0,
                "k": [
                  0,
                  0,
                  0,
                  1
                ],
                "ix": 3
              },
              "o": {
                "a": 0,
                "k": 100,
                "ix": 4
              },
              "w": {
                "a": 0,
                "k": 35,
                "ix": 5
              },
              "lc": 2,
              "lj": 2,
              "bm": 0,
              "nm": "Stroke 1",
              "mn": "ADBE Vector Graphic - Stroke",
              "hd": false,
              "_render": true
            },
            {
              "ty": "tr",
              "p": {
                "a": 0,
                "k": [
                  0,
                  0
                ],
                "ix": 2
              },
              "a": {
                "a": 0,
                "k": [
                  0,
                  0
                ],
                "ix": 1
              },
              "s": {
                "a": 0,
                "k": [
                  100,
                  100
                ],
                "ix": 3
              },
              "r": {
                "a": 0,
                "k": 0,
                "ix": 6
              },
              "o": {
                "a": 0,
                "k": 100,
                "ix": 7
              },
              "sk": {
                "a": 0,
                "k": 0,
                "ix": 4
              },
              "sa": {
                "a": 0,
                "k": 0,
                "ix": 5
              },
              "nm": "Transform",
              "_render": true
            }
          ],
          "nm": "Group 1",
          "np": 2,
          "cix": 2,
          "bm": 0,
          "ix": 1,
          "mn": "ADBE Vector Group",
          "hd": false,
          "_render": true
        }
      ],
      "ip": 0,
      "op": 120,
      "st": 0,
      "ct": 1,
      "bm": 0,
      "completed": true
    }
  ],
  "markers": [],
  "__complete": true
}