{
  "v": "5.9.6",
  "fr": 60,
  "ip": 0,
  "op": 120,
  "w": 750,
  "h": 750,
  "nm": "Comp 1",
  "ddd": 0,
  "assets": [],
  "layers": [
    {
      "ddd": 0,
      "ind": 1,
      "ty": 4,
      "nm": "Layer 2",
      "sr": 1,
      "ks": {
        "o": {
          "a": 0,
          "k": 100,
          "ix": 11
        },
        "r": {
          "a": 0,
          "k": 0,
          "ix": 10
        },
        "p": {
          "a": 0,
          "k": [
            375,
            411,
            0
          ],
          "ix": 2,
          "l": 2
        },
        "a": {
          "a": 0,
          "k": [
            540,
            540,
            0
          ],
          "ix": 1,
          "l": 2
        },
        "s": {
          "a": 0,
          "k": [
            100,
            100,
            100
          ],
          "ix": 6,
          "l": 2
        }
      },
      "ao": 0,
      "shapes": [
        {
          "ty": "gr",
          "it": [
            {
              "ind": 0,
              "ty": "sh",
              "ix": 1,
              "ks": {
                "a": 1,
                "k": [
                  {
                    "i": {
                      "x": 0.667,
                      "y": 1
                    },
                    "o": {
                      "x": 0.333,
                      "y": 0
                    },
                    "t": 15,
                    "s": [
                      {
                        "i": [
                          [
                            0,
                            -326.875
                          ],
                          [
                            0,
                            254.875
                          ]
                        ],
                        "o": [
                          [
                            0,
                            -326.875
                          ],
                          [
                            0,
                            254.875
                          ]
                        ],
                        "v": [
                          [
                            0,
                            -326.875
                          ],
                          [
                            0,
                            254.875
                          ]
                        ],
                        "c": false
                      }
                    ]
                  },
                  {
                    "i": {
                      "x": 0.833,
                      "y": 1
                    },
                    "o": {
                      "x": 0.333,
                      "y": 0
                    },
                    "t": 40,
                    "s": [
                      {
                        "i": [
                          [
                            0,
                            -164.875
                          ],
                          [
                            0,
                            18.875
                          ]
                        ],
                        "o": [
                          [
                            0,
                            -164.875
                          ],
                          [
                            0,
                            18.875
                          ]
                        ],
                        "v": [
                          [
                            0,
                            -164.875
                          ],
                          [
                            0,
                            18.875
                          ]
                        ],
                        "c": false
                      }
                    ]
                  },
                  {
                    "i": {
                      "x": 0.667,
                      "y": 1
                    },
                    "o": {
                      "x": 0.333,
                      "y": 0
                    },
                    "t": 65,
                    "s": [
                      {
                        "i": [
                          [
                            0,
                            -326.875
                          ],
                          [
                            0,
                            254.875
                          ]
                        ],
                        "o": [
                          [
                            0,
                            -326.875
                          ],
                          [
                            0,
                            254.875
                          ]
                        ],
                        "v": [
                          [
                            0,
                            -326.875
                          ],
                          [
                            0,
                            254.875
                          ]
                        ],
                        "c": false
                      }
                    ]
                  },
                  {
                    "i": {
                      "x": 0.667,
                      "y": 1
                    },
                    "o": {
                      "x": 0.333,
                      "y": 0
                    },
                    "t": 90,
                    "s": [
                      {
                        "i": [
                          [
                            0,
                            -164.875
                          ],
                          [
                            0,
                            18.875
                          ]
                        ],
                        "o": [
                          [
                            0,
                            -164.875
                          ],
                          [
                            0,
                            18.875
                          ]
                        ],
                        "v": [
                          [
                            0,
                            -164.875
                          ],
                          [
                            0,
                            18.875
                          ]
                        ],
                        "c": false
                      }
                    ]
                  },
                  {
                    "t": 115,
                    "s": [
                      {
                        "i": [
                          [
                            0,
                            -326.875
                          ],
                          [
                            0,
                            254.875
                          ]
                        ],
                        "o": [
                          [
                            0,
                            -326.875
                          ],
                          [
                            0,
                            254.875
                          ]
                        ],
                        "v": [
                          [
                            0,
                            -326.875
                          ],
                          [
                            0,
                            254.875
                          ]
                        ],
                        "c": false
                      }
                    ]
                  }
                ],
                "ix": 2
              },
              "nm": "Path 1",
              "mn": "ADBE Vector Shape - Group",
              "hd": false,
              "_render": true
            },
            {
              "ty": "st",
              "c": {
                "a": 0,
                "k": [
                  0,
                  0,
                  0,
                  1
                ],
                "ix": 3
              },
              "o": {
                "a": 0,
                "k": 100,
                "ix": 4
              },
              "w": {
                "a": 0,
                "k": 27,
                "ix": 5
              },
              "lc": 2,
              "lj": 1,
              "ml": 10,
              "bm": 0,
              "nm": "Stroke 1",
              "mn": "ADBE Vector Graphic - Stroke",
              "hd": false,
              "_render": true
            },
            {
              "ty": "fl",
              "c": {
                "a": 0,
                "k": [
                  1,
                  1,
                  1,
                  1
                ],
                "ix": 4
              },
              "o": {
                "a": 0,
                "k": 100,
                "ix": 5
              },
              "r": 1,
              "bm": 0,
              "nm": "Fill 1",
              "mn": "ADBE Vector Graphic - Fill",
              "hd": false,
              "_render": true
            },
            {
              "ty": "tr",
              "p": {
                "a": 0,
                "k": [
                  839,
                  540
                ],
                "ix": 2
              },
              "a": {
                "a": 0,
                "k": [
                  0,
                  0
                ],
                "ix": 1
              },
              "s": {
                "a": 0,
                "k": [
                  100,
                  100
                ],
                "ix": 3
              },
              "r": {
                "a": 0,
                "k": 0,
                "ix": 6
              },
              "o": {
                "a": 0,
                "k": 100,
                "ix": 7
              },
              "sk": {
                "a": 0,
                "k": 0,
                "ix": 4
              },
              "sa": {
                "a": 0,
                "k": 0,
                "ix": 5
              },
              "nm": "Transform",
              "_render": true
            }
          ],
          "nm": "Group 1",
          "np": 3,
          "cix": 2,
          "bm": 0,
          "ix": 1,
          "mn": "ADBE Vector Group",
          "hd": false,
          "_render": true
        },
        {
          "ty": "gr",
          "it": [
            {
              "ind": 0,
              "ty": "sh",
              "ix": 1,
              "ks": {
                "a": 1,
                "k": [
                  {
                    "i": {
                      "x": 0.667,
                      "y": 1
                    },
                    "o": {
                      "x": 0.333,
                      "y": 0
                    },
                    "t": 12.5,
                    "s": [
                      {
                        "i": [
                          [
                            0,
                            -326.875
                          ],
                          [
                            0,
                            254.875
                          ]
                        ],
                        "o": [
                          [
                            0,
                            -326.875
                          ],
                          [
                            0,
                            254.875
                          ]
                        ],
                        "v": [
                          [
                            0,
                            -326.875
                          ],
                          [
                            0,
                            254.875
                          ]
                        ],
                        "c": false
                      }
                    ]
                  },
                  {
                    "i": {
                      "x": 0.833,
                      "y": 1
                    },
                    "o": {
                      "x": 0.333,
                      "y": 0
                    },
                    "t": 37.5,
                    "s": [
                      {
                        "i": [
                          [
                            0,
                            -164.875
                          ],
                          [
                            0,
                            18.875
                          ]
                        ],
                        "o": [
                          [
                            0,
                            -164.875
                          ],
                          [
                            0,
                            18.875
                          ]
                        ],
                        "v": [
                          [
                            0,
                            -164.875
                          ],
                          [
                            0,
                            18.875
                          ]
                        ],
                        "c": false
                      }
                    ]
                  },
                  {
                    "i": {
                      "x": 0.667,
                      "y": 1
                    },
                    "o": {
                      "x": 0.333,
                      "y": 0
                    },
                    "t": 62.5,
                    "s": [
                      {
                        "i": [
                          [
                            0,
                            -326.875
                          ],
                          [
                            0,
                            254.875
                          ]
                        ],
                        "o": [
                          [
                            0,
                            -326.875
                          ],
                          [
                            0,
                            254.875
                          ]
                        ],
                        "v": [
                          [
                            0,
                            -326.875
                          ],
                          [
                            0,
                            254.875
                          ]
                        ],
                        "c": false
                      }
                    ]
                  },
                  {
                    "i": {
                      "x": 0.667,
                      "y": 1
                    },
                    "o": {
                      "x": 0.333,
                      "y": 0
                    },
                    "t": 87.5,
                    "s": [
                      {
                        "i": [
                          [
                            0,
                            -164.875
                          ],
                          [
                            0,
                            18.875
                          ]
                        ],
                        "o": [
                          [
                            0,
                            -164.875
                          ],
                          [
                            0,
                            18.875
                          ]
                        ],
                        "v": [
                          [
                            0,
                            -164.875
                          ],
                          [
                            0,
                            18.875
                          ]
                        ],
                        "c": false
                      }
                    ]
                  },
                  {
                    "t": 112.5,
                    "s": [
                      {
                        "i": [
                          [
                            0,
                            -326.875
                          ],
                          [
                            0,
                            254.875
                          ]
                        ],
                        "o": [
                          [
                            0,
                            -326.875
                          ],
                          [
                            0,
                            254.875
                          ]
                        ],
                        "v": [
                          [
                            0,
                            -326.875
                          ],
                          [
                            0,
                            254.875
                          ]
                        ],
                        "c": false
                      }
                    ]
                  }
                ],
                "ix": 2
              },
              "nm": "Path 1",
              "mn": "ADBE Vector Shape - Group",
              "hd": false,
              "_render": true
            },
            {
              "ty": "st",
              "c": {
                "a": 0,
                "k": [
                  0,
                  0,
                  0,
                  1
                ],
                "ix": 3
              },
              "o": {
                "a": 0,
                "k": 100,
                "ix": 4
              },
              "w": {
                "a": 0,
                "k": 27,
                "ix": 5
              },
              "lc": 2,
              "lj": 1,
              "ml": 10,
              "bm": 0,
              "nm": "Stroke 1",
              "mn": "ADBE Vector Graphic - Stroke",
              "hd": false,
              "_render": true
            },
            {
              "ty": "fl",
              "c": {
                "a": 0,
                "k": [
                  1,
                  1,
                  1,
                  1
                ],
                "ix": 4
              },
              "o": {
                "a": 0,
                "k": 100,
                "ix": 5
              },
              "r": 1,
              "bm": 0,
              "nm": "Fill 1",
              "mn": "ADBE Vector Graphic - Fill",
              "hd": false,
              "_render": true
            },
            {
              "ty": "tr",
              "p": {
                "a": 0,
                "k": [
                  739.333,
                  540
                ],
                "ix": 2
              },
              "a": {
                "a": 0,
                "k": [
                  0,
                  0
                ],
                "ix": 1
              },
              "s": {
                "a": 0,
                "k": [
                  100,
                  100
                ],
                "ix": 3
              },
              "r": {
                "a": 0,
                "k": 0,
                "ix": 6
              },
              "o": {
                "a": 0,
                "k": 100,
                "ix": 7
              },
              "sk": {
                "a": 0,
                "k": 0,
                "ix": 4
              },
              "sa": {
                "a": 0,
                "k": 0,
                "ix": 5
              },
              "nm": "Transform",
              "_render": true
            }
          ],
          "nm": "Group 2",
          "np": 3,
          "cix": 2,
          "bm": 0,
          "ix": 2,
          "mn": "ADBE Vector Group",
          "hd": false,
          "_render": true
        },
        {
          "ty": "gr",
          "it": [
            {
              "ind": 0,
              "ty": "sh",
              "ix": 1,
              "ks": {
                "a": 1,
                "k": [
                  {
                    "i": {
                      "x": 0.667,
                      "y": 1
                    },
                    "o": {
                      "x": 0.333,
                      "y": 0
                    },
                    "t": 10,
                    "s": [
                      {
                        "i": [
                          [
                            0,
                            -326.875
                          ],
                          [
                            0,
                            254.875
                          ]
                        ],
                        "o": [
                          [
                            0,
                            -326.875
                          ],
                          [
                            0,
                            254.875
                          ]
                        ],
                        "v": [
                          [
                            0,
                            -326.875
                          ],
                          [
                            0,
                            254.875
                          ]
                        ],
                        "c": false
                      }
                    ]
                  },
                  {
                    "i": {
                      "x": 0.833,
                      "y": 1
                    },
                    "o": {
                      "x": 0.333,
                      "y": 0
                    },
                    "t": 35,
                    "s": [
                      {
                        "i": [
                          [
                            0,
                            -164.875
                          ],
                          [
                            0,
                            18.875
                          ]
                        ],
                        "o": [
                          [
                            0,
                            -164.875
                          ],
                          [
                            0,
                            18.875
                          ]
                        ],
                        "v": [
                          [
                            0,
                            -164.875
                          ],
                          [
                            0,
                            18.875
                          ]
                        ],
                        "c": false
                      }
                    ]
                  },
                  {
                    "i": {
                      "x": 0.667,
                      "y": 1
                    },
                    "o": {
                      "x": 0.333,
                      "y": 0
                    },
                    "t": 60,
                    "s": [
                      {
                        "i": [
                          [
                            0,
                            -326.875
                          ],
                          [
                            0,
                            254.875
                          ]
                        ],
                        "o": [
                          [
                            0,
                            -326.875
                          ],
                          [
                            0,
                            254.875
                          ]
                        ],
                        "v": [
                          [
                            0,
                            -326.875
                          ],
                          [
                            0,
                            254.875
                          ]
                        ],
                        "c": false
                      }
                    ]
                  },
                  {
                    "i": {
                      "x": 0.667,
                      "y": 1
                    },
                    "o": {
                      "x": 0.333,
                      "y": 0
                    },
                    "t": 85,
                    "s": [
                      {
                        "i": [
                          [
                            0,
                            -164.875
                          ],
                          [
                            0,
                            18.875
                          ]
                        ],
                        "o": [
                          [
                            0,
                            -164.875
                          ],
                          [
                            0,
                            18.875
                          ]
                        ],
                        "v": [
                          [
                            0,
                            -164.875
                          ],
                          [
                            0,
                            18.875
                          ]
                        ],
                        "c": false
                      }
                    ]
                  },
                  {
                    "t": 110,
                    "s": [
                      {
                        "i": [
                          [
                            0,
                            -326.875
                          ],
                          [
                            0,
                            254.875
                          ]
                        ],
                        "o": [
                          [
                            0,
                            -326.875
                          ],
                          [
                            0,
                            254.875
                          ]
                        ],
                        "v": [
                          [
                            0,
                            -326.875
                          ],
                          [
                            0,
                            254.875
                          ]
                        ],
                        "c": false
                      }
                    ]
                  }
                ],
                "ix": 2
              },
              "nm": "Path 1",
              "mn": "ADBE Vector Shape - Group",
              "hd": false,
              "_render": true
            },
            {
              "ty": "st",
              "c": {
                "a": 0,
                "k": [
                  0,
                  0,
                  0,
                  1
                ],
                "ix": 3
              },
              "o": {
                "a": 0,
                "k": 100,
                "ix": 4
              },
              "w": {
                "a": 0,
                "k": 27,
                "ix": 5
              },
              "lc": 2,
              "lj": 1,
              "ml": 10,
              "bm": 0,
              "nm": "Stroke 1",
              "mn": "ADBE Vector Graphic - Stroke",
              "hd": false,
              "_render": true
            },
            {
              "ty": "fl",
              "c": {
                "a": 0,
                "k": [
                  1,
                  1,
                  1,
                  1
                ],
                "ix": 4
              },
              "o": {
                "a": 0,
                "k": 100,
                "ix": 5
              },
              "r": 1,
              "bm": 0,
              "nm": "Fill 1",
              "mn": "ADBE Vector Graphic - Fill",
              "hd": false,
              "_render": true
            },
            {
              "ty": "tr",
              "p": {
                "a": 0,
                "k": [
                  639.667,
                  540
                ],
                "ix": 2
              },
              "a": {
                "a": 0,
                "k": [
                  0,
                  0
                ],
                "ix": 1
              },
              "s": {
                "a": 0,
                "k": [
                  100,
                  100
                ],
                "ix": 3
              },
              "r": {
                "a": 0,
                "k": 0,
                "ix": 6
              },
              "o": {
                "a": 0,
                "k": 100,
                "ix": 7
              },
              "sk": {
                "a": 0,
                "k": 0,
                "ix": 4
              },
              "sa": {
                "a": 0,
                "k": 0,
                "ix": 5
              },
              "nm": "Transform",
              "_render": true
            }
          ],
          "nm": "Group 3",
          "np": 3,
          "cix": 2,
          "bm": 0,
          "ix": 3,
          "mn": "ADBE Vector Group",
          "hd": false,
          "_render": true
        },
        {
          "ty": "gr",
          "it": [
            {
              "ind": 0,
              "ty": "sh",
              "ix": 1,
              "ks": {
                "a": 1,
                "k": [
                  {
                    "i": {
                      "x": 0.667,
                      "y": 1
                    },
                    "o": {
                      "x": 0.333,
                      "y": 0
                    },
                    "t": 7.5,
                    "s": [
                      {
                        "i": [
                          [
                            0,
                            -326.875
                          ],
                          [
                            0,
                            254.875
                          ]
                        ],
                        "o": [
                          [
                            0,
                            -326.875
                          ],
                          [
                            0,
                            254.875
                          ]
                        ],
                        "v": [
                          [
                            0,
                            -326.875
                          ],
                          [
                            0,
                            254.875
                          ]
                        ],
                        "c": false
                      }
                    ]
                  },
                  {
                    "i": {
                      "x": 0.833,
                      "y": 1
                    },
                    "o": {
                      "x": 0.333,
                      "y": 0
                    },
                    "t": 32.5,
                    "s": [
                      {
                        "i": [
                          [
                            0,
                            -164.875
                          ],
                          [
                            0,
                            18.875
                          ]
                        ],
                        "o": [
                          [
                            0,
                            -164.875
                          ],
                          [
                            0,
                            18.875
                          ]
                        ],
                        "v": [
                          [
                            0,
                            -164.875
                          ],
                          [
                            0,
                            18.875
                          ]
                        ],
                        "c": false
                      }
                    ]
                  },
                  {
                    "i": {
                      "x": 0.667,
                      "y": 1
                    },
                    "o": {
                      "x": 0.333,
                      "y": 0
                    },
                    "t": 57.5,
                    "s": [
                      {
                        "i": [
                          [
                            0,
                            -326.875
                          ],
                          [
                            0,
                            254.875
                          ]
                        ],
                        "o": [
                          [
                            0,
                            -326.875
                          ],
                          [
                            0,
                            254.875
                          ]
                        ],
                        "v": [
                          [
                            0,
                            -326.875
                          ],
                          [
                            0,
                            254.875
                          ]
                        ],
                        "c": false
                      }
                    ]
                  },
                  {
                    "i": {
                      "x": 0.667,
                      "y": 1
                    },
                    "o": {
                      "x": 0.333,
                      "y": 0
                    },
                    "t": 82.5,
                    "s": [
                      {
                        "i": [
                          [
                            0,
                            -164.875
                          ],
                          [
                            0,
                            18.875
                          ]
                        ],
                        "o": [
                          [
                            0,
                            -164.875
                          ],
                          [
                            0,
                            18.875
                          ]
                        ],
                        "v": [
                          [
                            0,
                            -164.875
                          ],
                          [
                            0,
                            18.875
                          ]
                        ],
                        "c": false
                      }
                    ]
                  },
                  {
                    "t": 107.5,
                    "s": [
                      {
                        "i": [
                          [
                            0,
                            -326.875
                          ],
                          [
                            0,
                            254.875
                          ]
                        ],
                        "o": [
                          [
                            0,
                            -326.875
                          ],
                          [
                            0,
                            254.875
                          ]
                        ],
                        "v": [
                          [
                            0,
                            -326.875
                          ],
                          [
                            0,
                            254.875
                          ]
                        ],
                        "c": false
                      }
                    ]
                  }
                ],
                "ix": 2
              },
              "nm": "Path 1",
              "mn": "ADBE Vector Shape - Group",
              "hd": false,
              "_render": true
            },
            {
              "ty": "st",
              "c": {
                "a": 0,
                "k": [
                  0,
                  0,
                  0,
                  1
                ],
                "ix": 3
              },
              "o": {
                "a": 0,
                "k": 100,
                "ix": 4
              },
              "w": {
                "a": 0,
                "k": 27,
                "ix": 5
              },
              "lc": 2,
              "lj": 1,
              "ml": 10,
              "bm": 0,
              "nm": "Stroke 1",
              "mn": "ADBE Vector Graphic - Stroke",
              "hd": false,
              "_render": true
            },
            {
              "ty": "fl",
              "c": {
                "a": 0,
                "k": [
                  1,
                  1,
                  1,
                  1
                ],
                "ix": 4
              },
              "o": {
                "a": 0,
                "k": 100,
                "ix": 5
              },
              "r": 1,
              "bm": 0,
              "nm": "Fill 1",
              "mn": "ADBE Vector Graphic - Fill",
              "hd": false,
              "_render": true
            },
            {
              "ty": "tr",
              "p": {
                "a": 0,
                "k": [
                  540,
                  540
                ],
                "ix": 2
              },
              "a": {
                "a": 0,
                "k": [
                  0,
                  0
                ],
                "ix": 1
              },
              "s": {
                "a": 0,
                "k": [
                  100,
                  100
                ],
                "ix": 3
              },
              "r": {
                "a": 0,
                "k": 0,
                "ix": 6
              },
              "o": {
                "a": 0,
                "k": 100,
                "ix": 7
              },
              "sk": {
                "a": 0,
                "k": 0,
                "ix": 4
              },
              "sa": {
                "a": 0,
                "k": 0,
                "ix": 5
              },
              "nm": "Transform",
              "_render": true
            }
          ],
          "nm": "Group 4",
          "np": 3,
          "cix": 2,
          "bm": 0,
          "ix": 4,
          "mn": "ADBE Vector Group",
          "hd": false,
          "_render": true
        },
        {
          "ty": "gr",
          "it": [
            {
              "ind": 0,
              "ty": "sh",
              "ix": 1,
              "ks": {
                "a": 1,
                "k": [
                  {
                    "i": {
                      "x": 0.667,
                      "y": 1
                    },
                    "o": {
                      "x": 0.333,
                      "y": 0
                    },
                    "t": 5,
                    "s": [
                      {
                        "i": [
                          [
                            0,
                            -326.875
                          ],
                          [
                            0,
                            254.875
                          ]
                        ],
                        "o": [
                          [
                            0,
                            -326.875
                          ],
                          [
                            0,
                            254.875
                          ]
                        ],
                        "v": [
                          [
                            0,
                            -326.875
                          ],
                          [
                            0,
                            254.875
                          ]
                        ],
                        "c": false
                      }
                    ]
                  },
                  {
                    "i": {
                      "x": 0.833,
                      "y": 1
                    },
                    "o": {
                      "x": 0.333,
                      "y": 0
                    },
                    "t": 30,
                    "s": [
                      {
                        "i": [
                          [
                            0,
                            -164.875
                          ],
                          [
                            0,
                            18.875
                          ]
                        ],
                        "o": [
                          [
                            0,
                            -164.875
                          ],
                          [
                            0,
                            18.875
                          ]
                        ],
                        "v": [
                          [
                            0,
                            -164.875
                          ],
                          [
                            0,
                            18.875
                          ]
                        ],
                        "c": false
                      }
                    ]
                  },
                  {
                    "i": {
                      "x": 0.667,
                      "y": 1
                    },
                    "o": {
                      "x": 0.333,
                      "y": 0
                    },
                    "t": 55,
                    "s": [
                      {
                        "i": [
                          [
                            0,
                            -326.875
                          ],
                          [
                            0,
                            254.875
                          ]
                        ],
                        "o": [
                          [
                            0,
                            -326.875
                          ],
                          [
                            0,
                            254.875
                          ]
                        ],
                        "v": [
                          [
                            0,
                            -326.875
                          ],
                          [
                            0,
                            254.875
                          ]
                        ],
                        "c": false
                      }
                    ]
                  },
                  {
                    "i": {
                      "x": 0.667,
                      "y": 1
                    },
                    "o": {
                      "x": 0.333,
                      "y": 0
                    },
                    "t": 80,
                    "s": [
                      {
                        "i": [
                          [
                            0,
                            -164.875
                          ],
                          [
                            0,
                            18.875
                          ]
                        ],
                        "o": [
                          [
                            0,
                            -164.875
                          ],
                          [
                            0,
                            18.875
                          ]
                        ],
                        "v": [
                          [
                            0,
                            -164.875
                          ],
                          [
                            0,
                            18.875
                          ]
                        ],
                        "c": false
                      }
                    ]
                  },
                  {
                    "t": 105,
                    "s": [
                      {
                        "i": [
                          [
                            0,
                            -326.875
                          ],
                          [
                            0,
                            254.875
                          ]
                        ],
                        "o": [
                          [
                            0,
                            -326.875
                          ],
                          [
                            0,
                            254.875
                          ]
                        ],
                        "v": [
                          [
                            0,
                            -326.875
                          ],
                          [
                            0,
                            254.875
                          ]
                        ],
                        "c": false
                      }
                    ]
                  }
                ],
                "ix": 2
              },
              "nm": "Path 1",
              "mn": "ADBE Vector Shape - Group",
              "hd": false,
              "_render": true
            },
            {
              "ty": "st",
              "c": {
                "a": 0,
                "k": [
                  0,
                  0,
                  0,
                  1
                ],
                "ix": 3
              },
              "o": {
                "a": 0,
                "k": 100,
                "ix": 4
              },
              "w": {
                "a": 0,
                "k": 27,
                "ix": 5
              },
              "lc": 2,
              "lj": 1,
              "ml": 10,
              "bm": 0,
              "nm": "Stroke 1",
              "mn": "ADBE Vector Graphic - Stroke",
              "hd": false,
              "_render": true
            },
            {
              "ty": "fl",
              "c": {
                "a": 0,
                "k": [
                  1,
                  1,
                  1,
                  1
                ],
                "ix": 4
              },
              "o": {
                "a": 0,
                "k": 100,
                "ix": 5
              },
              "r": 1,
              "bm": 0,
              "nm": "Fill 1",
              "mn": "ADBE Vector Graphic - Fill",
              "hd": false,
              "_render": true
            },
            {
              "ty": "tr",
              "p": {
                "a": 0,
                "k": [
                  440.333,
                  540
                ],
                "ix": 2
              },
              "a": {
                "a": 0,
                "k": [
                  0,
                  0
                ],
                "ix": 1
              },
              "s": {
                "a": 0,
                "k": [
                  100,
                  100
                ],
                "ix": 3
              },
              "r": {
                "a": 0,
                "k": 0,
                "ix": 6
              },
              "o": {
                "a": 0,
                "k": 100,
                "ix": 7
              },
              "sk": {
                "a": 0,
                "k": 0,
                "ix": 4
              },
              "sa": {
                "a": 0,
                "k": 0,
                "ix": 5
              },
              "nm": "Transform",
              "_render": true
            }
          ],
          "nm": "Group 5",
          "np": 3,
          "cix": 2,
          "bm": 0,
          "ix": 5,
          "mn": "ADBE Vector Group",
          "hd": false,
          "_render": true
        },
        {
          "ty": "gr",
          "it": [
            {
              "ind": 0,
              "ty": "sh",
              "ix": 1,
              "ks": {
                "a": 1,
                "k": [
                  {
                    "i": {
                      "x": 0.667,
                      "y": 1
                    },
                    "o": {
                      "x": 0.333,
                      "y": 0
                    },
                    "t": 2.5,
                    "s": [
                      {
                        "i": [
                          [
                            0,
                            -326.875
                          ],
                          [
                            0,
                            254.875
                          ]
                        ],
                        "o": [
                          [
                            0,
                            -326.875
                          ],
                          [
                            0,
                            254.875
                          ]
                        ],
                        "v": [
                          [
                            0,
                            -326.875
                          ],
                          [
                            0,
                            254.875
                          ]
                        ],
                        "c": false
                      }
                    ]
                  },
                  {
                    "i": {
                      "x": 0.833,
                      "y": 1
                    },
                    "o": {
                      "x": 0.333,
                      "y": 0
                    },
                    "t": 27.5,
                    "s": [
                      {
                        "i": [
                          [
                            0,
                            -164.875
                          ],
                          [
                            0,
                            18.875
                          ]
                        ],
                        "o": [
                          [
                            0,
                            -164.875
                          ],
                          [
                            0,
                            18.875
                          ]
                        ],
                        "v": [
                          [
                            0,
                            -164.875
                          ],
                          [
                            0,
                            18.875
                          ]
                        ],
                        "c": false
                      }
                    ]
                  },
                  {
                    "i": {
                      "x": 0.667,
                      "y": 1
                    },
                    "o": {
                      "x": 0.333,
                      "y": 0
                    },
                    "t": 52.5,
                    "s": [
                      {
                        "i": [
                          [
                            0,
                            -326.875
                          ],
                          [
                            0,
                            254.875
                          ]
                        ],
                        "o": [
                          [
                            0,
                            -326.875
                          ],
                          [
                            0,
                            254.875
                          ]
                        ],
                        "v": [
                          [
                            0,
                            -326.875
                          ],
                          [
                            0,
                            254.875
                          ]
                        ],
                        "c": false
                      }
                    ]
                  },
                  {
                    "i": {
                      "x": 0.667,
                      "y": 1
                    },
                    "o": {
                      "x": 0.333,
                      "y": 0
                    },
                    "t": 77.5,
                    "s": [
                      {
                        "i": [
                          [
                            0,
                            -164.875
                          ],
                          [
                            0,
                            18.875
                          ]
                        ],
                        "o": [
                          [
                            0,
                            -164.875
                          ],
                          [
                            0,
                            18.875
                          ]
                        ],
                        "v": [
                          [
                            0,
                            -164.875
                          ],
                          [
                            0,
                            18.875
                          ]
                        ],
                        "c": false
                      }
                    ]
                  },
                  {
                    "t": 102.5,
                    "s": [
                      {
                        "i": [
                          [
                            0,
                            -326.875
                          ],
                          [
                            0,
                            254.875
                          ]
                        ],
                        "o": [
                          [
                            0,
                            -326.875
                          ],
                          [
                            0,
                            254.875
                          ]
                        ],
                        "v": [
                          [
                            0,
                            -326.875
                          ],
                          [
                            0,
                            254.875
                          ]
                        ],
                        "c": false
                      }
                    ]
                  }
                ],
                "ix": 2
              },
              "nm": "Path 1",
              "mn": "ADBE Vector Shape - Group",
              "hd": false,
              "_render": true
            },
            {
              "ty": "st",
              "c": {
                "a": 0,
                "k": [
                  0,
                  0,
                  0,
                  1
                ],
                "ix": 3
              },
              "o": {
                "a": 0,
                "k": 100,
                "ix": 4
              },
              "w": {
                "a": 0,
                "k": 27,
                "ix": 5
              },
              "lc": 2,
              "lj": 1,
              "ml": 10,
              "bm": 0,
              "nm": "Stroke 1",
              "mn": "ADBE Vector Graphic - Stroke",
              "hd": false,
              "_render": true
            },
            {
              "ty": "fl",
              "c": {
                "a": 0,
                "k": [
                  1,
                  1,
                  1,
                  1
                ],
                "ix": 4
              },
              "o": {
                "a": 0,
                "k": 100,
                "ix": 5
              },
              "r": 1,
              "bm": 0,
              "nm": "Fill 1",
              "mn": "ADBE Vector Graphic - Fill",
              "hd": false,
              "_render": true
            },
            {
              "ty": "tr",
              "p": {
                "a": 0,
                "k": [
                  340.667,
                  540
                ],
                "ix": 2
              },
              "a": {
                "a": 0,
                "k": [
                  0,
                  0
                ],
                "ix": 1
              },
              "s": {
                "a": 0,
                "k": [
                  100,
                  100
                ],
                "ix": 3
              },
              "r": {
                "a": 0,
                "k": 0,
                "ix": 6
              },
              "o": {
                "a": 0,
                "k": 100,
                "ix": 7
              },
              "sk": {
                "a": 0,
                "k": 0,
                "ix": 4
              },
              "sa": {
                "a": 0,
                "k": 0,
                "ix": 5
              },
              "nm": "Transform",
              "_render": true
            }
          ],
          "nm": "Group 6",
          "np": 3,
          "cix": 2,
          "bm": 0,
          "ix": 6,
          "mn": "ADBE Vector Group",
          "hd": false,
          "_render": true
        },
        {
          "ty": "gr",
          "it": [
            {
              "ind": 0,
              "ty": "sh",
              "ix": 1,
              "ks": {
                "a": 1,
                "k": [
                  {
                    "i": {
                      "x": 0.667,
                      "y": 1
                    },
                    "o": {
                      "x": 0.333,
                      "y": 0
                    },
                    "t": 0,
                    "s": [
                      {
                        "i": [
                          [
                            0,
                            -326.875
                          ],
                          [
                            0,
                            254.875
                          ]
                        ],
                        "o": [
                          [
                            0,
                            -326.875
                          ],
                          [
                            0,
                            254.875
                          ]
                        ],
                        "v": [
                          [
                            0,
                            -326.875
                          ],
                          [
                            0,
                            254.875
                          ]
                        ],
                        "c": false
                      }
                    ]
                  },
                  {
                    "i": {
                      "x": 0.833,
                      "y": 1
                    },
                    "o": {
                      "x": 0.333,
                      "y": 0
                    },
                    "t": 25,
                    "s": [
                      {
                        "i": [
                          [
                            0,
                            -164.875
                          ],
                          [
                            0,
                            18.875
                          ]
                        ],
                        "o": [
                          [
                            0,
                            -164.875
                          ],
                          [
                            0,
                            18.875
                          ]
                        ],
                        "v": [
                          [
                            0,
                            -164.875
                          ],
                          [
                            0,
                            18.875
                          ]
                        ],
                        "c": false
                      }
                    ]
                  },
                  {
                    "i": {
                      "x": 0.667,
                      "y": 1
                    },
                    "o": {
                      "x": 0.333,
                      "y": 0
                    },
                    "t": 50,
                    "s": [
                      {
                        "i": [
                          [
                            0,
                            -326.875
                          ],
                          [
                            0,
                            254.875
                          ]
                        ],
                        "o": [
                          [
                            0,
                            -326.875
                          ],
                          [
                            0,
                            254.875
                          ]
                        ],
                        "v": [
                          [
                            0,
                            -326.875
                          ],
                          [
                            0,
                            254.875
                          ]
                        ],
                        "c": false
                      }
                    ]
                  },
                  {
                    "i": {
                      "x": 0.667,
                      "y": 1
                    },
                    "o": {
                      "x": 0.333,
                      "y": 0
                    },
                    "t": 75,
                    "s": [
                      {
                        "i": [
                          [
                            0,
                            -164.875
                          ],
                          [
                            0,
                            18.875
                          ]
                        ],
                        "o": [
                          [
                            0,
                            -164.875
                          ],
                          [
                            0,
                            18.875
                          ]
                        ],
                        "v": [
                          [
                            0,
                            -164.875
                          ],
                          [
                            0,
                            18.875
                          ]
                        ],
                        "c": false
                      }
                    ]
                  },
                  {
                    "t": 100,
                    "s": [
                      {
                        "i": [
                          [
                            0,
                            -326.875
                          ],
                          [
                            0,
                            254.875
                          ]
                        ],
                        "o": [
                          [
                            0,
                            -326.875
                          ],
                          [
                            0,
                            254.875
                          ]
                        ],
                        "v": [
                          [
                            0,
                            -326.875
                          ],
                          [
                            0,
                            254.875
                          ]
                        ],
                        "c": false
                      }
                    ]
                  }
                ],
                "ix": 2
              },
              "nm": "Path 1",
              "mn": "ADBE Vector Shape - Group",
              "hd": false,
              "_render": true
            },
            {
              "ty": "st",
              "c": {
                "a": 0,
                "k": [
                  0,
                  0,
                  0,
                  1
                ],
                "ix": 3
              },
              "o": {
                "a": 0,
                "k": 100,
                "ix": 4
              },
              "w": {
                "a": 0,
                "k": 27,
                "ix": 5
              },
              "lc": 2,
              "lj": 1,
              "ml": 10,
              "bm": 0,
              "nm": "Stroke 1",
              "mn": "ADBE Vector Graphic - Stroke",
              "hd": false,
              "_render": true
            },
            {
              "ty": "fl",
              "c": {
                "a": 0,
                "k": [
                  1,
                  1,
                  1,
                  1
                ],
                "ix": 4
              },
              "o": {
                "a": 0,
                "k": 100,
                "ix": 5
              },
              "r": 1,
              "bm": 0,
              "nm": "Fill 1",
              "mn": "ADBE Vector Graphic - Fill",
              "hd": false,
              "_render": true
            },
            {
              "ty": "tr",
              "p": {
                "a": 0,
                "k": [
                  241,
                  540
                ],
                "ix": 2
              },
              "a": {
                "a": 0,
                "k": [
                  0,
                  0
                ],
                "ix": 1
              },
              "s": {
                "a": 0,
                "k": [
                  100,
                  100
                ],
                "ix": 3
              },
              "r": {
                "a": 0,
                "k": 0,
                "ix": 6
              },
              "o": {
                "a": 0,
                "k": 100,
                "ix": 7
              },
              "sk": {
                "a": 0,
                "k": 0,
                "ix": 4
              },
              "sa": {
                "a": 0,
                "k": 0,
                "ix": 5
              },
              "nm": "Transform",
              "_render": true
            }
          ],
          "nm": "Group 7",
          "np": 3,
          "cix": 2,
          "bm": 0,
          "ix": 7,
          "mn": "ADBE Vector Group",
          "hd": false,
          "_render": true
        }
      ],
      "ip": 0,
      "op": 120,
      "st": 0,
      "ct": 1,
      "bm": 0,
      "completed": true
    }
  ],
  "markers": [],
  "__complete": true
}