{
  "v": "5.9.6",
  "fr": 60,
  "ip": 0,
  "op": 120,
  "w": 750,
  "h": 750,
  "nm": "Comp 1",
  "ddd": 0,
  "assets": [],
  "layers": [
    {
      "ddd": 0,
      "ind": 1,
      "ty": 4,
      "nm": "Layer 1",
      "sr": 1,
      "ks": {
        "o": {
          "a": 0,
          "k": 100,
          "ix": 11
        },
        "r": {
          "a": 1,
          "k": [
            {
              "i": {
                "x": [
                  0.3
                ],
                "y": [
                  1
                ]
              },
              "o": {
                "x": [
                  0.7
                ],
                "y": [
                  0
                ]
              },
              "t": 0,
              "s": [
                0
              ]
            },
            {
              "i": {
                "x": [
                  0.3
                ],
                "y": [
                  1
                ]
              },
              "o": {
                "x": [
                  0.7
                ],
                "y": [
                  0
                ]
              },
              "t": 33,
              "s": [
                180
              ]
            },
            {
              "t": 66,
              "s": [
                0
              ]
            }
          ],
          "ix": 10
        },
        "p": {
          "a": 0,
          "k": [
            374,
            393,
            0
          ],
          "ix": 2,
          "l": 2
        },
        "a": {
          "a": 0,
          "k": [
            439.664,
            565.835,
            0
          ],
          "ix": 1,
          "l": 2
        },
        "s": {
          "a": 0,
          "k": [
            100,
            100,
            100
          ],
          "ix": 6,
          "l": 2
        }
      },
      "ao": 0,
      "shapes": [
        {
          "ty": "gr",
          "it": [
            {
              "ind": 0,
              "ty": "sh",
              "ix": 1,
              "ks": {
                "a": 0,
                "k": {
                  "i": [
                    [
                      77.119,
                      -42.592
                    ],
                    [
                      42.592,
                      77.119
                    ],
                    [
                      -77.119,
                      42.592
                    ],
                    [
                      -42.592,
                      -77.119
                    ]
                  ],
                  "o": [
                    [
                      77.119,
                      42.592
                    ],
                    [
                      -42.592,
                      77.119
                    ],
                    [
                      -77.119,
                      -42.592
                    ],
                    [
                      42.592,
                      -77.119
                    ]
                  ],
                  "v": [
                    [
                      77.119,
                      0
                    ],
                    [
                      0,
                      77.119
                    ],
                    [
                      -77.119,
                      0
                    ],
                    [
                      0,
                      -77.119
                    ]
                  ],
                  "c": true
                },
                "ix": 2
              },
              "nm": "Path 1",
              "mn": "ADBE Vector Shape - Group",
              "hd": false,
              "_render": true
            },
            {
              "ty": "st",
              "c": {
                "a": 0,
                "k": [
                  0,
                  0,
                  0,
                  1
                ],
                "ix": 3
              },
              "o": {
                "a": 0,
                "k": 100,
                "ix": 4
              },
              "w": {
                "a": 0,
                "k": 35,
                "ix": 5
              },
              "lc": 2,
              "lj": 2,
              "bm": 0,
              "nm": "Stroke 1",
              "mn": "ADBE Vector Graphic - Stroke",
              "hd": false,
              "_render": true
            },
            {
              "ty": "tr",
              "p": {
                "a": 0,
                "k": [
                  438.69,
                  564.399
                ],
                "ix": 2
              },
              "a": {
                "a": 0,
                "k": [
                  0,
                  0
                ],
                "ix": 1
              },
              "s": {
                "a": 0,
                "k": [
                  100,
                  100
                ],
                "ix": 3
              },
              "r": {
                "a": 0,
                "k": 0,
                "ix": 6
              },
              "o": {
                "a": 0,
                "k": 100,
                "ix": 7
              },
              "sk": {
                "a": 0,
                "k": 0,
                "ix": 4
              },
              "sa": {
                "a": 0,
                "k": 0,
                "ix": 5
              },
              "nm": "Transform",
              "_render": true
            }
          ],
          "nm": "Group 1",
          "np": 2,
          "cix": 2,
          "bm": 0,
          "ix": 1,
          "mn": "ADBE Vector Group",
          "hd": false,
          "_render": true
        },
        {
          "ty": "gr",
          "it": [
            {
              "ind": 0,
              "ty": "sh",
              "ix": 1,
              "ks": {
                "a": 0,
                "k": {
                  "i": [
                    [
                      32.767,
                      -18.097
                    ],
                    [
                      18.097,
                      32.767
                    ],
                    [
                      -32.767,
                      18.097
                    ],
                    [
                      -18.097,
                      -32.767
                    ]
                  ],
                  "o": [
                    [
                      32.767,
                      18.097
                    ],
                    [
                      -18.097,
                      32.767
                    ],
                    [
                      -32.767,
                      -18.097
                    ],
                    [
                      18.097,
                      -32.767
                    ]
                  ],
                  "v": [
                    [
                      32.767,
                      0
                    ],
                    [
                      0,
                      32.767
                    ],
                    [
                      -32.767,
                      0
                    ],
                    [
                      0,
                      -32.767
                    ]
                  ],
                  "c": true
                },
                "ix": 2
              },
              "nm": "Path 1",
              "mn": "ADBE Vector Shape - Group",
              "hd": false,
              "_render": true
            },
            {
              "ty": "fl",
              "c": {
                "a": 0,
                "k": [
                  0,
                  0,
                  0,
                  1
                ],
                "ix": 4
              },
              "o": {
                "a": 0,
                "k": 100,
                "ix": 5
              },
              "r": 1,
              "bm": 0,
              "nm": "Fill 1",
              "mn": "ADBE Vector Graphic - Fill",
              "hd": false,
              "_render": true
            },
            {
              "ty": "tr",
              "p": {
                "a": 0,
                "k": [
                  611.504,
                  662.739
                ],
                "ix": 2
              },
              "a": {
                "a": 0,
                "k": [
                  0,
                  0
                ],
                "ix": 1
              },
              "s": {
                "a": 0,
                "k": [
                  100,
                  100
                ],
                "ix": 3
              },
              "r": {
                "a": 0,
                "k": 0,
                "ix": 6
              },
              "o": {
                "a": 0,
                "k": 100,
                "ix": 7
              },
              "sk": {
                "a": 0,
                "k": 0,
                "ix": 4
              },
              "sa": {
                "a": 0,
                "k": 0,
                "ix": 5
              },
              "nm": "Transform",
              "_render": true
            }
          ],
          "nm": "Group 2",
          "np": 2,
          "cix": 2,
          "bm": 0,
          "ix": 2,
          "mn": "ADBE Vector Group",
          "hd": false,
          "_render": true
        },
        {
          "ty": "gr",
          "it": [
            {
              "ind": 0,
              "ty": "sh",
              "ix": 1,
              "ks": {
                "a": 0,
                "k": {
                  "i": [
                    [
                      32.767,
                      -18.097
                    ],
                    [
                      18.097,
                      32.767
                    ],
                    [
                      -32.767,
                      18.097
                    ],
                    [
                      -18.097,
                      -32.767
                    ]
                  ],
                  "o": [
                    [
                      32.767,
                      18.097
                    ],
                    [
                      -18.097,
                      32.767
                    ],
                    [
                      -32.767,
                      -18.097
                    ],
                    [
                      18.097,
                      -32.767
                    ]
                  ],
                  "v": [
                    [
                      32.767,
                      0
                    ],
                    [
                      0,
                      32.767
                    ],
                    [
                      -32.767,
                      0
                    ],
                    [
                      0,
                      -32.767
                    ]
                  ],
                  "c": true
                },
                "ix": 2
              },
              "nm": "Path 1",
              "mn": "ADBE Vector Shape - Group",
              "hd": false,
              "_render": true
            },
            {
              "ty": "fl",
              "c": {
                "a": 0,
                "k": [
                  0,
                  0,
                  0,
                  1
                ],
                "ix": 4
              },
              "o": {
                "a": 0,
                "k": 100,
                "ix": 5
              },
              "r": 1,
              "bm": 0,
              "nm": "Fill 1",
              "mn": "ADBE Vector Graphic - Fill",
              "hd": false,
              "_render": true
            },
            {
              "ty": "tr",
              "p": {
                "a": 0,
                "k": [
                  270.534,
                  662.739
                ],
                "ix": 2
              },
              "a": {
                "a": 0,
                "k": [
                  0,
                  0
                ],
                "ix": 1
              },
              "s": {
                "a": 0,
                "k": [
                  100,
                  100
                ],
                "ix": 3
              },
              "r": {
                "a": 0,
                "k": 0,
                "ix": 6
              },
              "o": {
                "a": 0,
                "k": 100,
                "ix": 7
              },
              "sk": {
                "a": 0,
                "k": 0,
                "ix": 4
              },
              "sa": {
                "a": 0,
                "k": 0,
                "ix": 5
              },
              "nm": "Transform",
              "_render": true
            }
          ],
          "nm": "Group 3",
          "np": 2,
          "cix": 2,
          "bm": 0,
          "ix": 3,
          "mn": "ADBE Vector Group",
          "hd": false,
          "_render": true
        },
        {
          "ty": "gr",
          "it": [
            {
              "ind": 0,
              "ty": "sh",
              "ix": 1,
              "ks": {
                "a": 0,
                "k": {
                  "i": [
                    [
                      32.767,
                      -18.097
                    ],
                    [
                      18.097,
                      32.767
                    ],
                    [
                      -32.767,
                      18.097
                    ],
                    [
                      -18.097,
                      -32.767
                    ]
                  ],
                  "o": [
                    [
                      32.767,
                      18.097
                    ],
                    [
                      -18.097,
                      32.767
                    ],
                    [
                      -32.767,
                      -18.097
                    ],
                    [
                      18.097,
                      -32.767
                    ]
                  ],
                  "v": [
                    [
                      32.767,
                      0
                    ],
                    [
                      0,
                      32.767
                    ],
                    [
                      -32.767,
                      0
                    ],
                    [
                      0,
                      -32.767
                    ]
                  ],
                  "c": true
                },
                "ix": 2
              },
              "nm": "Path 1",
              "mn": "ADBE Vector Shape - Group",
              "hd": false,
              "_render": true
            },
            {
              "ty": "fl",
              "c": {
                "a": 0,
                "k": [
                  0,
                  0,
                  0,
                  1
                ],
                "ix": 4
              },
              "o": {
                "a": 0,
                "k": 100,
                "ix": 5
              },
              "r": 1,
              "bm": 0,
              "nm": "Fill 1",
              "mn": "ADBE Vector Graphic - Fill",
              "hd": false,
              "_render": true
            },
            {
              "ty": "tr",
              "p": {
                "a": 0,
                "k": [
                  438.69,
                  346.302
                ],
                "ix": 2
              },
              "a": {
                "a": 0,
                "k": [
                  0,
                  0
                ],
                "ix": 1
              },
              "s": {
                "a": 0,
                "k": [
                  100,
                  100
                ],
                "ix": 3
              },
              "r": {
                "a": 0,
                "k": 0,
                "ix": 6
              },
              "o": {
                "a": 0,
                "k": 100,
                "ix": 7
              },
              "sk": {
                "a": 0,
                "k": 0,
                "ix": 4
              },
              "sa": {
                "a": 0,
                "k": 0,
                "ix": 5
              },
              "nm": "Transform",
              "_render": true
            }
          ],
          "nm": "Group 4",
          "np": 2,
          "cix": 2,
          "bm": 0,
          "ix": 4,
          "mn": "ADBE Vector Group",
          "hd": false,
          "_render": true
        },
        {
          "ty": "gr",
          "it": [
            {
              "ind": 0,
              "ty": "sh",
              "ix": 1,
              "ks": {
                "a": 0,
                "k": {
                  "i": [
                    [
                      301.702,
                      114.184
                    ],
                    [
                      290.319,
                      199.794
                    ],
                    [
                      163.784,
                      298.312
                    ],
                    [
                      61.509,
                      225.46699999999998
                    ],
                    [
                      24.158,
                      169.42600000000002
                    ],
                    [
                      2.811,
                      168.361
                    ],
                    [
                      -41.336000000000006,
                      180.692
                    ],
                    [
                      -54.847,
                      211.355
                    ],
                    [
                      -173.376,
                      298.31600000000003
                    ],
                    [
                      -316.641,
                      145.88
                    ],
                    [
                      -204.56799999999998,
                      17.701999999999998
                    ],
                    [
                      -112.14,
                      13.227
                    ],
                    [
                      -100.887,
                      -6.864
                    ],
                    [
                      -99.347,
                      -9.691
                    ],
                    [
                      -90.687,
                      -54.53
                    ],
                    [
                      -140.877,
                      -170.811
                    ],
                    [
                      3.603999999999992,
                      -298.204
                    ],
                    [
                      145.434,
                      -145.675
                    ],
                    [
                      103.531,
                      -76.368
                    ],
                    [
                      83.931,
                      -26.931
                    ],
                    [
                      98.00500000000001,
                      -4.121
                    ],
                    [
                      132.611,
                      25.08
                    ],
                    [
                      210.22799999999998,
                      25.016
                    ]
                  ],
                  "o": [
                    [
                      296.19399999999996,
                      180.752
                    ],
                    [
                      243.098,
                      278.487
                    ],
                    [
                      79.361,
                      247.653
                    ],
                    [
                      42.264,
                      182.503
                    ],
                    [
                      3.1,
                      168.375
                    ],
                    [
                      -20.28,
                      167.36999999999998
                    ],
                    [
                      -52.429,
                      206.549
                    ],
                    [
                      -93.554,
                      277.546
                    ],
                    [
                      -296.48400000000004,
                      225.618
                    ],
                    [
                      -253.293,
                      40.31
                    ],
                    [
                      -133.945,
                      24.556
                    ],
                    [
                      -100.975,
                      -6.707999999999999
                    ],
                    [
                      -100.074,
                      -8.329
                    ],
                    [
                      -88.508,
                      -30.721000000000004
                    ],
                    [
                      -135.814,
                      -112.971
                    ],
                    [
                      -75.703,
                      -278.541
                    ],
                    [
                      125.60999999999999,
                      -224.98700000000002
                    ],
                    [
                      106.237,
                      -80.352
                    ],
                    [
                      85.937,
                      -53.27799999999999
                    ],
                    [
                      97.325,
                      -5.189
                    ],
                    [
                      110.881,
                      15.466
                    ],
                    [
                      181.841,
                      19.506999999999998
                    ],
                    [
                      279.111,
                      66.35
                    ]
                  ],
                  "v": [
                    [
                      297.775,
                      161.65
                    ],
                    [
                      279.79,
                      217.34
                    ],
                    [
                      102.637,
                      261.62
                    ],
                    [
                      50.765,
                      201.482
                    ],
                    [
                      3.388,
                      168.389
                    ],
                    [
                      2.522,
                      168.349
                    ],
                    [
                      -50.334,
                      201.666
                    ],
                    [
                      -57.597,
                      216.057
                    ],
                    [
                      -234.711,
                      262.096
                    ],
                    [
                      -279.79,
                      84.467
                    ],
                    [
                      -156.509,
                      22.366
                    ],
                    [
                      -101.062,
                      -6.552
                    ],
                    [
                      -100.8,
                      -7.021
                    ],
                    [
                      -98.622,
                      -11.098
                    ],
                    [
                      -104.179,
                      -72.003
                    ],
                    [
                      -112.444,
                      -217.81
                    ],
                    [
                      64.466,
                      -261.68
                    ],
                    [
                      108.743,
                      -84.529
                    ],
                    [
                      100.646,
                      -72.582
                    ],
                    [
                      96.66,
                      -6.268
                    ],
                    [
                      98.7,
                      -3.063
                    ],
                    [
                      154.644,
                      22.586
                    ],
                    [
                      235.51,
                      40.187
                    ]
                  ],
                  "c": true
                },
                "ix": 2
              },
              "nm": "Path 1",
              "mn": "ADBE Vector Shape - Group",
              "hd": false,
              "_render": true
            },
            {
              "ty": "st",
              "c": {
                "a": 0,
                "k": [
                  0,
                  0,
                  0,
                  1
                ],
                "ix": 3
              },
              "o": {
                "a": 0,
                "k": 100,
                "ix": 4
              },
              "w": {
                "a": 0,
                "k": 35,
                "ix": 5
              },
              "lc": 2,
              "lj": 2,
              "bm": 0,
              "nm": "Stroke 1",
              "mn": "ADBE Vector Graphic - Stroke",
              "hd": false,
              "_render": true
            },
            {
              "ty": "tr",
              "p": {
                "a": 0,
                "k": [
                  440.664,
                  511.835
                ],
                "ix": 2
              },
              "a": {
                "a": 0,
                "k": [
                  0,
                  0
                ],
                "ix": 1
              },
              "s": {
                "a": 0,
                "k": [
                  100,
                  100
                ],
                "ix": 3
              },
              "r": {
                "a": 0,
                "k": 0,
                "ix": 6
              },
              "o": {
                "a": 0,
                "k": 100,
                "ix": 7
              },
              "sk": {
                "a": 0,
                "k": 0,
                "ix": 4
              },
              "sa": {
                "a": 0,
                "k": 0,
                "ix": 5
              },
              "nm": "Transform",
              "_render": true
            }
          ],
          "nm": "Group 5",
          "np": 2,
          "cix": 2,
          "bm": 0,
          "ix": 5,
          "mn": "ADBE Vector Group",
          "hd": false,
          "_render": true
        }
      ],
      "ip": 0,
      "op": 120,
      "st": 0,
      "ct": 1,
      "bm": 0,
      "completed": true
    }
  ],
  "markers": [],
  "__complete": true
}