{
  "v": "5.9.6",
  "fr": 60,
  "ip": 0,
  "op": 120,
  "w": 750,
  "h": 750,
  "nm": "Comp 1",
  "ddd": 0,
  "assets": [],
  "layers": [
    {
      "ddd": 0,
      "ind": 1,
      "ty": 3,
      "nm": "Null 1",
      "sr": 1,
      "ks": {
        "o": {
          "a": 0,
          "k": 0,
          "ix": 11
        },
        "r": {
          "a": 0,
          "k": 0,
          "ix": 10
        },
        "p": {
          "a": 1,
          "k": [
            {
              "i": {
                "x": 0.68,
                "y": 1
              },
              "o": {
                "x": 0.32,
                "y": 0
              },
              "t": 26.025,
              "s": [
                375,
                375,
                0
              ],
              "to": null,
              "ti": null
            },
            {
              "i": {
                "x": 0.68,
                "y": 1
              },
              "o": {
                "x": 0.32,
                "y": 0
              },
              "t": 36.035,
              "s": [
                375,
                400,
                0
              ],
              "to": null,
              "ti": null
            },
            {
              "t": 60.060546875,
              "s": [
                375,
                375,
                0
              ]
            }
          ],
          "ix": 2,
          "l": 2
        },
        "a": {
          "a": 0,
          "k": [
            50,
            50,
            0
          ],
          "ix": 1,
          "l": 2
        },
        "s": {
          "a": 0,
          "k": [
            100,
            100,
            100
          ],
          "ix": 6,
          "l": 2
        }
      },
      "ao": 0,
      "ip": 0,
      "op": 120.12012012012,
      "st": 0,
      "bm": 0,
      "completed": true
    },
    {
      "ddd": 0,
      "ind": 2,
      "ty": 4,
      "nm": "Group 8",
      "parent": 1,
      "sr": 1,
      "ks": {
        "o": {
          "a": 0,
          "k": 100,
          "ix": 11
        },
        "r": {
          "a": 1,
          "k": [
            {
              "i": {
                "x": [
                  0.667
                ],
                "y": [
                  1
                ]
              },
              "o": {
                "x": [
                  0.333
                ],
                "y": [
                  0
                ]
              },
              "t": 0,
              "s": [
                0
              ]
            },
            {
              "i": {
                "x": [
                  0.667
                ],
                "y": [
                  1
                ]
              },
              "o": {
                "x": [
                  1
                ],
                "y": [
                  0
                ]
              },
              "t": 20.02,
              "s": [
                19
              ]
            },
            {
              "i": {
                "x": [
                  0.667
                ],
                "y": [
                  1
                ]
              },
              "o": {
                "x": [
                  0.333
                ],
                "y": [
                  0
                ]
              },
              "t": 30.029,
              "s": [
                0
              ]
            },
            {
              "i": {
                "x": [
                  0.667
                ],
                "y": [
                  1
                ]
              },
              "o": {
                "x": [
                  0.333
                ],
                "y": [
                  0
                ]
              },
              "t": 40.041,
              "s": [
                -7
              ]
            },
            {
              "i": {
                "x": [
                  0.667
                ],
                "y": [
                  1
                ]
              },
              "o": {
                "x": [
                  0.313
                ],
                "y": [
                  0
                ]
              },
              "t": 50.051,
              "s": [
                0
              ]
            },
            {
              "t": 60.060546875,
              "s": [
                0
              ]
            }
          ],
          "ix": 10
        },
        "p": {
          "a": 1,
          "k": [
            {
              "i": {
                "x": 0.667,
                "y": 1
              },
              "o": {
                "x": 0.333,
                "y": 0
              },
              "t": 0,
              "s": [
                47.588,
                88.116,
                0
              ],
              "to": null,
              "ti": null
            },
            {
              "i": {
                "x": 0.667,
                "y": 1
              },
              "o": {
                "x": 1,
                "y": 0
              },
              "t": 20.02,
              "s": [
                47.588,
                -20.884,
                0
              ],
              "to": null,
              "ti": null
            },
            {
              "i": {
                "x": 0.667,
                "y": 0.667
              },
              "o": {
                "x": 0.333,
                "y": 0.333
              },
              "t": 30.029,
              "s": [
                47.588,
                88.116,
                0
              ],
              "to": null,
              "ti": null
            },
            {
              "t": 60.060546875,
              "s": [
                47.588,
                88.116,
                0
              ]
            }
          ],
          "ix": 2,
          "l": 2
        },
        "a": {
          "a": 0,
          "k": [
            497.588,
            538.116,
            0
          ],
          "ix": 1,
          "l": 2
        },
        "s": {
          "a": 0,
          "k": [
            100,
            100,
            100
          ],
          "ix": 6,
          "l": 2
        }
      },
      "ao": 0,
      "shapes": [
        {
          "ty": "gr",
          "it": [
            {
              "ty": "gr",
              "it": [
                {
                  "d": 1,
                  "ty": "el",
                  "s": {
                    "a": 0,
                    "k": [
                      58.997,
                      58.997
                    ],
                    "ix": 2
                  },
                  "p": {
                    "a": 0,
                    "k": [
                      0,
                      0
                    ],
                    "ix": 3
                  },
                  "nm": "Ellipse Path 1",
                  "mn": "ADBE Vector Shape - Ellipse",
                  "hd": false,
                  "_render": true
                },
                {
                  "ty": "st",
                  "c": {
                    "a": 0,
                    "k": [
                      0,
                      0,
                      0,
                      1
                    ],
                    "ix": 3
                  },
                  "o": {
                    "a": 0,
                    "k": 100,
                    "ix": 4
                  },
                  "w": {
                    "a": 0,
                    "k": 35,
                    "ix": 5
                  },
                  "lc": 2,
                  "lj": 2,
                  "bm": 0,
                  "nm": "Stroke 1",
                  "mn": "ADBE Vector Graphic - Stroke",
                  "hd": false,
                  "_render": true
                },
                {
                  "ty": "tr",
                  "p": {
                    "a": 0,
                    "k": [
                      499.568,
                      306.84
                    ],
                    "ix": 2
                  },
                  "a": {
                    "a": 0,
                    "k": [
                      0,
                      0
                    ],
                    "ix": 1
                  },
                  "s": {
                    "a": 0,
                    "k": [
                      100,
                      100
                    ],
                    "ix": 3
                  },
                  "r": {
                    "a": 0,
                    "k": 0,
                    "ix": 6
                  },
                  "o": {
                    "a": 0,
                    "k": 100,
                    "ix": 7
                  },
                  "sk": {
                    "a": 0,
                    "k": 0,
                    "ix": 4
                  },
                  "sa": {
                    "a": 0,
                    "k": 0,
                    "ix": 5
                  },
                  "nm": "Transform",
                  "_render": true
                }
              ],
              "nm": "Group 5",
              "np": 2,
              "cix": 2,
              "bm": 0,
              "ix": 1,
              "mn": "ADBE Vector Group",
              "hd": false,
              "_render": true
            },
            {
              "ty": "gr",
              "it": [
                {
                  "ind": 0,
                  "ty": "sh",
                  "ix": 1,
                  "ks": {
                    "a": 0,
                    "k": {
                      "i": [
                        [
                          102.118,
                          -63.428
                        ],
                        [
                          102.118,
                          -63.428
                        ],
                        [
                          102.118,
                          -63.428
                        ],
                        [
                          57.984,
                          -159.436
                        ],
                        [
                          -104.941,
                          -115.435
                        ],
                        [
                          -102.045,
                          -63.428
                        ],
                        [
                          -102.045,
                          -63.428
                        ],
                        [
                          -102.045,
                          -63.428
                        ],
                        [
                          -101.666,
                          -58.571
                        ],
                        [
                          -91.426,
                          5.533000000000001
                        ],
                        [
                          -19.442,
                          137.606
                        ],
                        [
                          60.730000000000004,
                          91.128
                        ],
                        [
                          97.726,
                          -26.277999999999995
                        ],
                        [
                          101.96799999999999,
                          -59.384
                        ]
                      ],
                      "o": [
                        [
                          102.118,
                          -63.428
                        ],
                        [
                          102.118,
                          -63.428
                        ],
                        [
                          104.04899999999999,
                          -115.435
                        ],
                        [
                          -59.692,
                          -159.436
                        ],
                        [
                          -102.045,
                          -63.428
                        ],
                        [
                          -102.045,
                          -63.428
                        ],
                        [
                          -102.045,
                          -63.428
                        ],
                        [
                          -101.909,
                          -60.985
                        ],
                        [
                          -98.33099999999999,
                          -28.691
                        ],
                        [
                          -51.509,
                          99.184
                        ],
                        [
                          27.227,
                          133.006
                        ],
                        [
                          91.893,
                          2.41
                        ],
                        [
                          101.52799999999999,
                          -55.416
                        ],
                        [
                          102.118,
                          -63.428
                        ]
                      ],
                      "v": [
                        [
                          102.118,
                          -63.428
                        ],
                        [
                          102.118,
                          -63.428
                        ],
                        [
                          102.118,
                          -63.428
                        ],
                        [
                          -0.854,
                          -159.436
                        ],
                        [
                          -102.045,
                          -63.428
                        ],
                        [
                          -102.045,
                          -63.428
                        ],
                        [
                          -102.045,
                          -63.428
                        ],
                        [
                          -102.045,
                          -63.428
                        ],
                        [
                          -101.326,
                          -56.186
                        ],
                        [
                          -75.785,
                          42.229
                        ],
                        [
                          4.037,
                          159.436
                        ],
                        [
                          81.227,
                          32.774
                        ],
                        [
                          100.824,
                          -51.538
                        ],
                        [
                          102.118,
                          -63.428
                        ]
                      ],
                      "c": true
                    },
                    "ix": 2
                  },
                  "nm": "Path 1",
                  "mn": "ADBE Vector Shape - Group",
                  "hd": false,
                  "_render": true
                },
                {
                  "ty": "st",
                  "c": {
                    "a": 0,
                    "k": [
                      0,
                      0,
                      0,
                      1
                    ],
                    "ix": 3
                  },
                  "o": {
                    "a": 0,
                    "k": 100,
                    "ix": 4
                  },
                  "w": {
                    "a": 0,
                    "k": 35,
                    "ix": 5
                  },
                  "lc": 2,
                  "lj": 2,
                  "bm": 0,
                  "nm": "Stroke 1",
                  "mn": "ADBE Vector Graphic - Stroke",
                  "hd": false,
                  "_render": true
                },
                {
                  "ty": "tr",
                  "p": {
                    "a": 0,
                    "k": [
                      497.588,
                      378.681
                    ],
                    "ix": 2
                  },
                  "a": {
                    "a": 0,
                    "k": [
                      0,
                      0
                    ],
                    "ix": 1
                  },
                  "s": {
                    "a": 0,
                    "k": [
                      100,
                      100
                    ],
                    "ix": 3
                  },
                  "r": {
                    "a": 0,
                    "k": 0,
                    "ix": 6
                  },
                  "o": {
                    "a": 0,
                    "k": 100,
                    "ix": 7
                  },
                  "sk": {
                    "a": 0,
                    "k": 0,
                    "ix": 4
                  },
                  "sa": {
                    "a": 0,
                    "k": 0,
                    "ix": 5
                  },
                  "nm": "Transform",
                  "_render": true
                }
              ],
              "nm": "Group 6",
              "np": 2,
              "cix": 2,
              "bm": 0,
              "ix": 2,
              "mn": "ADBE Vector Group",
              "hd": false,
              "_render": true
            },
            {
              "ty": "tr",
              "p": {
                "a": 0,
                "k": [
                  497.588,
                  378.681
                ],
                "ix": 2
              },
              "a": {
                "a": 0,
                "k": [
                  497.588,
                  378.681
                ],
                "ix": 1
              },
              "s": {
                "a": 0,
                "k": [
                  100,
                  100
                ],
                "ix": 3
              },
              "r": {
                "a": 0,
                "k": 0,
                "ix": 6
              },
              "o": {
                "a": 0,
                "k": 100,
                "ix": 7
              },
              "sk": {
                "a": 0,
                "k": 0,
                "ix": 4
              },
              "sa": {
                "a": 0,
                "k": 0,
                "ix": 5
              },
              "nm": "Transform",
              "_render": true
            }
          ],
          "nm": "Group 8",
          "np": 2,
          "cix": 2,
          "bm": 0,
          "ix": 1,
          "mn": "ADBE Vector Group",
          "hd": false,
          "_render": true
        }
      ],
      "ip": 0,
      "op": 120.12012012012,
      "st": 0,
      "ct": 1,
      "bm": 0,
      "completed": true
    },
    {
      "ddd": 0,
      "ind": 3,
      "ty": 4,
      "nm": "Group 7",
      "parent": 1,
      "sr": 1,
      "ks": {
        "o": {
          "a": 0,
          "k": 100,
          "ix": 11
        },
        "r": {
          "a": 0,
          "k": 0,
          "ix": 10
        },
        "p": {
          "a": 0,
          "k": [
            50,
            120.821,
            0
          ],
          "ix": 2,
          "l": 2
        },
        "a": {
          "a": 0,
          "k": [
            500,
            570.821,
            0
          ],
          "ix": 1,
          "l": 2
        },
        "s": {
          "a": 0,
          "k": [
            100,
            100,
            100
          ],
          "ix": 6,
          "l": 2
        }
      },
      "ao": 0,
      "shapes": [
        {
          "ty": "gr",
          "it": [
            {
              "ty": "gr",
              "it": [
                {
                  "ind": 0,
                  "ty": "sh",
                  "ix": 1,
                  "ks": {
                    "a": 0,
                    "k": {
                      "i": [
                        [
                          0,
                          48
                        ],
                        [
                          0,
                          -48
                        ]
                      ],
                      "o": [
                        [
                          0,
                          48
                        ],
                        [
                          0,
                          -48
                        ]
                      ],
                      "v": [
                        [
                          0,
                          48
                        ],
                        [
                          0,
                          -48
                        ]
                      ],
                      "c": false
                    },
                    "ix": 2
                  },
                  "nm": "Path 1",
                  "mn": "ADBE Vector Shape - Group",
                  "hd": false,
                  "_render": true
                },
                {
                  "ty": "st",
                  "c": {
                    "a": 0,
                    "k": [
                      0,
                      0,
                      0,
                      1
                    ],
                    "ix": 3
                  },
                  "o": {
                    "a": 0,
                    "k": 100,
                    "ix": 4
                  },
                  "w": {
                    "a": 0,
                    "k": 35,
                    "ix": 5
                  },
                  "lc": 2,
                  "lj": 2,
                  "bm": 0,
                  "nm": "Stroke 1",
                  "mn": "ADBE Vector Graphic - Stroke",
                  "hd": false,
                  "_render": true
                },
                {
                  "ty": "tr",
                  "p": {
                    "a": 0,
                    "k": [
                      617.882,
                      642.402
                    ],
                    "ix": 2
                  },
                  "a": {
                    "a": 0,
                    "k": [
                      0,
                      0
                    ],
                    "ix": 1
                  },
                  "s": {
                    "a": 0,
                    "k": [
                      100,
                      100
                    ],
                    "ix": 3
                  },
                  "r": {
                    "a": 0,
                    "k": 0,
                    "ix": 6
                  },
                  "o": {
                    "a": 0,
                    "k": 100,
                    "ix": 7
                  },
                  "sk": {
                    "a": 0,
                    "k": 0,
                    "ix": 4
                  },
                  "sa": {
                    "a": 0,
                    "k": 0,
                    "ix": 5
                  },
                  "nm": "Transform",
                  "_render": true
                }
              ],
              "nm": "Group 1",
              "np": 2,
              "cix": 2,
              "bm": 0,
              "ix": 1,
              "mn": "ADBE Vector Group",
              "hd": false,
              "_render": true
            },
            {
              "ty": "gr",
              "it": [
                {
                  "ind": 0,
                  "ty": "sh",
                  "ix": 1,
                  "ks": {
                    "a": 0,
                    "k": {
                      "i": [
                        [
                          0,
                          48
                        ],
                        [
                          0,
                          -48
                        ]
                      ],
                      "o": [
                        [
                          0,
                          48
                        ],
                        [
                          0,
                          -48
                        ]
                      ],
                      "v": [
                        [
                          0,
                          48
                        ],
                        [
                          0,
                          -48
                        ]
                      ],
                      "c": false
                    },
                    "ix": 2
                  },
                  "nm": "Path 1",
                  "mn": "ADBE Vector Shape - Group",
                  "hd": false,
                  "_render": true
                },
                {
                  "ty": "st",
                  "c": {
                    "a": 0,
                    "k": [
                      0,
                      0,
                      0,
                      1
                    ],
                    "ix": 3
                  },
                  "o": {
                    "a": 0,
                    "k": 100,
                    "ix": 4
                  },
                  "w": {
                    "a": 0,
                    "k": 35,
                    "ix": 5
                  },
                  "lc": 2,
                  "lj": 2,
                  "bm": 0,
                  "nm": "Stroke 1",
                  "mn": "ADBE Vector Graphic - Stroke",
                  "hd": false,
                  "_render": true
                },
                {
                  "ty": "tr",
                  "p": {
                    "a": 0,
                    "k": [
                      496.088,
                      720.049
                    ],
                    "ix": 2
                  },
                  "a": {
                    "a": 0,
                    "k": [
                      0,
                      0
                    ],
                    "ix": 1
                  },
                  "s": {
                    "a": 0,
                    "k": [
                      100,
                      100
                    ],
                    "ix": 3
                  },
                  "r": {
                    "a": 0,
                    "k": 0,
                    "ix": 6
                  },
                  "o": {
                    "a": 0,
                    "k": 100,
                    "ix": 7
                  },
                  "sk": {
                    "a": 0,
                    "k": 0,
                    "ix": 4
                  },
                  "sa": {
                    "a": 0,
                    "k": 0,
                    "ix": 5
                  },
                  "nm": "Transform",
                  "_render": true
                }
              ],
              "nm": "Group 2",
              "np": 2,
              "cix": 2,
              "bm": 0,
              "ix": 2,
              "mn": "ADBE Vector Group",
              "hd": false,
              "_render": true
            },
            {
              "ty": "gr",
              "it": [
                {
                  "ind": 0,
                  "ty": "sh",
                  "ix": 1,
                  "ks": {
                    "a": 0,
                    "k": {
                      "i": [
                        [
                          0,
                          48
                        ],
                        [
                          0,
                          -48
                        ]
                      ],
                      "o": [
                        [
                          0,
                          48
                        ],
                        [
                          0,
                          -48
                        ]
                      ],
                      "v": [
                        [
                          0,
                          48
                        ],
                        [
                          0,
                          -48
                        ]
                      ],
                      "c": false
                    },
                    "ix": 2
                  },
                  "nm": "Path 1",
                  "mn": "ADBE Vector Shape - Group",
                  "hd": false,
                  "_render": true
                },
                {
                  "ty": "st",
                  "c": {
                    "a": 0,
                    "k": [
                      0,
                      0,
                      0,
                      1
                    ],
                    "ix": 3
                  },
                  "o": {
                    "a": 0,
                    "k": 100,
                    "ix": 4
                  },
                  "w": {
                    "a": 0,
                    "k": 35,
                    "ix": 5
                  },
                  "lc": 2,
                  "lj": 2,
                  "bm": 0,
                  "nm": "Stroke 1",
                  "mn": "ADBE Vector Graphic - Stroke",
                  "hd": false,
                  "_render": true
                },
                {
                  "ty": "tr",
                  "p": {
                    "a": 0,
                    "k": [
                      369.412,
                      649.461
                    ],
                    "ix": 2
                  },
                  "a": {
                    "a": 0,
                    "k": [
                      0,
                      0
                    ],
                    "ix": 1
                  },
                  "s": {
                    "a": 0,
                    "k": [
                      100,
                      100
                    ],
                    "ix": 3
                  },
                  "r": {
                    "a": 0,
                    "k": 0,
                    "ix": 6
                  },
                  "o": {
                    "a": 0,
                    "k": 100,
                    "ix": 7
                  },
                  "sk": {
                    "a": 0,
                    "k": 0,
                    "ix": 4
                  },
                  "sa": {
                    "a": 0,
                    "k": 0,
                    "ix": 5
                  },
                  "nm": "Transform",
                  "_render": true
                }
              ],
              "nm": "Group 3",
              "np": 2,
              "cix": 2,
              "bm": 0,
              "ix": 3,
              "mn": "ADBE Vector Group",
              "hd": false,
              "_render": true
            },
            {
              "ty": "gr",
              "it": [
                {
                  "ind": 0,
                  "ty": "sh",
                  "ix": 1,
                  "ks": {
                    "a": 0,
                    "k": {
                      "i": [
                        [
                          149.898,
                          -209.934
                        ],
                        [
                          266.118,
                          -165.596
                        ],
                        [
                          266.118,
                          194.404
                        ],
                        [
                          116.471,
                          126.64
                        ],
                        [
                          -3.912,
                          209.934
                        ],
                        [
                          -130.588,
                          126.64
                        ],
                        [
                          -266.118,
                          183.11
                        ],
                        [
                          -266.118,
                          -141.596
                        ],
                        [
                          -152.99,
                          -207.9
                        ]
                      ],
                      "o": [
                        [
                          149.898,
                          -209.934
                        ],
                        [
                          266.118,
                          -165.596
                        ],
                        [
                          266.118,
                          194.404
                        ],
                        [
                          116.471,
                          126.64
                        ],
                        [
                          -3.912,
                          209.934
                        ],
                        [
                          -130.588,
                          126.64
                        ],
                        [
                          -266.118,
                          183.11
                        ],
                        [
                          -266.118,
                          -141.596
                        ],
                        [
                          -152.99,
                          -207.9
                        ]
                      ],
                      "v": [
                        [
                          149.898,
                          -209.934
                        ],
                        [
                          266.118,
                          -165.596
                        ],
                        [
                          266.118,
                          194.404
                        ],
                        [
                          116.471,
                          126.64
                        ],
                        [
                          -3.912,
                          209.934
                        ],
                        [
                          -130.588,
                          126.64
                        ],
                        [
                          -266.118,
                          183.11
                        ],
                        [
                          -266.118,
                          -141.596
                        ],
                        [
                          -152.99,
                          -207.9
                        ]
                      ],
                      "c": false
                    },
                    "ix": 2
                  },
                  "nm": "Path 1",
                  "mn": "ADBE Vector Shape - Group",
                  "hd": false,
                  "_render": true
                },
                {
                  "ty": "st",
                  "c": {
                    "a": 0,
                    "k": [
                      0,
                      0,
                      0,
                      1
                    ],
                    "ix": 3
                  },
                  "o": {
                    "a": 0,
                    "k": 100,
                    "ix": 4
                  },
                  "w": {
                    "a": 0,
                    "k": 35,
                    "ix": 5
                  },
                  "lc": 2,
                  "lj": 2,
                  "bm": 0,
                  "nm": "Stroke 1",
                  "mn": "ADBE Vector Graphic - Stroke",
                  "hd": false,
                  "_render": true
                },
                {
                  "ty": "tr",
                  "p": {
                    "a": 0,
                    "k": [
                      500,
                      570.821
                    ],
                    "ix": 2
                  },
                  "a": {
                    "a": 0,
                    "k": [
                      0,
                      0
                    ],
                    "ix": 1
                  },
                  "s": {
                    "a": 0,
                    "k": [
                      100,
                      100
                    ],
                    "ix": 3
                  },
                  "r": {
                    "a": 0,
                    "k": 0,
                    "ix": 6
                  },
                  "o": {
                    "a": 0,
                    "k": 100,
                    "ix": 7
                  },
                  "sk": {
                    "a": 0,
                    "k": 0,
                    "ix": 4
                  },
                  "sa": {
                    "a": 0,
                    "k": 0,
                    "ix": 5
                  },
                  "nm": "Transform",
                  "_render": true
                }
              ],
              "nm": "Group 4",
              "np": 2,
              "cix": 2,
              "bm": 0,
              "ix": 4,
              "mn": "ADBE Vector Group",
              "hd": false,
              "_render": true
            },
            {
              "ty": "tr",
              "p": {
                "a": 0,
                "k": [
                  500,
                  570.821
                ],
                "ix": 2
              },
              "a": {
                "a": 0,
                "k": [
                  500,
                  570.821
                ],
                "ix": 1
              },
              "s": {
                "a": 0,
                "k": [
                  100,
                  100
                ],
                "ix": 3
              },
              "r": {
                "a": 0,
                "k": 0,
                "ix": 6
              },
              "o": {
                "a": 0,
                "k": 100,
                "ix": 7
              },
              "sk": {
                "a": 0,
                "k": 0,
                "ix": 4
              },
              "sa": {
                "a": 0,
                "k": 0,
                "ix": 5
              },
              "nm": "Transform",
              "_render": true
            }
          ],
          "nm": "Group 7",
          "np": 4,
          "cix": 2,
          "bm": 0,
          "ix": 1,
          "mn": "ADBE Vector Group",
          "hd": false,
          "_render": true
        }
      ],
      "ip": 0,
      "op": 120.12012012012,
      "st": 0,
      "ct": 1,
      "bm": 0,
      "completed": true
    }
  ],
  "markers": [],
  "__complete": true
}