{
  "v": "5.9.6",
  "fr": 60,
  "ip": 0,
  "op": 120,
  "w": 750,
  "h": 750,
  "nm": "Comp 1",
  "ddd": 0,
  "assets": [],
  "layers": [
    {
      "ddd": 0,
      "ind": 1,
      "ty": 4,
      "nm": "Group 1",
      "sr": 1,
      "ks": {
        "o": {
          "a": 0,
          "k": 100,
          "ix": 11
        },
        "r": {
          "a": 0,
          "k": 0,
          "ix": 10
        },
        "p": {
          "a": 0,
          "k": [
            539.171,
            375,
            0
          ],
          "ix": 2,
          "l": 2
        },
        "a": {
          "a": 0,
          "k": [
            664.171,
            500,
            0
          ],
          "ix": 1,
          "l": 2
        },
        "s": {
          "a": 0,
          "k": [
            100,
            100,
            100
          ],
          "ix": 6,
          "l": 2
        }
      },
      "ao": 0,
      "shapes": [
        {
          "ty": "gr",
          "it": [
            {
              "ind": 0,
              "ty": "sh",
              "ix": 1,
              "ks": {
                "a": 0,
                "k": {
                  "i": [
                    [
                      -57.773,
                      186.853
                    ],
                    [
                      23.728,
                      186.853
                    ],
                    [
                      57.773,
                      171.611
                    ],
                    [
                      57.773,
                      -152.808
                    ],
                    [
                      42.531000000000006,
                      -186.853
                    ],
                    [
                      -57.773,
                      -186.853
                    ]
                  ],
                  "o": [
                    [
                      -57.773,
                      186.853
                    ],
                    [
                      42.531000000000006,
                      186.853
                    ],
                    [
                      57.773,
                      152.808
                    ],
                    [
                      57.773,
                      -171.611
                    ],
                    [
                      23.728,
                      -186.853
                    ],
                    [
                      -57.773,
                      -186.853
                    ]
                  ],
                  "v": [
                    [
                      -57.773,
                      186.853
                    ],
                    [
                      23.728,
                      186.853
                    ],
                    [
                      57.773,
                      152.808
                    ],
                    [
                      57.773,
                      -152.808
                    ],
                    [
                      23.728,
                      -186.853
                    ],
                    [
                      -57.773,
                      -186.853
                    ]
                  ],
                  "c": false
                },
                "ix": 2
              },
              "nm": "Path 1",
              "mn": "ADBE Vector Shape - Group",
              "hd": false,
              "_render": true
            },
            {
              "ty": "st",
              "c": {
                "a": 0,
                "k": [
                  0,
                  0,
                  0,
                  1
                ],
                "ix": 3
              },
              "o": {
                "a": 0,
                "k": 100,
                "ix": 4
              },
              "w": {
                "a": 0,
                "k": 35,
                "ix": 5
              },
              "lc": 2,
              "lj": 2,
              "bm": 0,
              "nm": "Stroke 1",
              "mn": "ADBE Vector Graphic - Stroke",
              "hd": false,
              "_render": true
            },
            {
              "ty": "tr",
              "p": {
                "a": 0,
                "k": [
                  664.171,
                  500
                ],
                "ix": 2
              },
              "a": {
                "a": 0,
                "k": [
                  0,
                  0
                ],
                "ix": 1
              },
              "s": {
                "a": 0,
                "k": [
                  100,
                  100
                ],
                "ix": 3
              },
              "r": {
                "a": 0,
                "k": 0,
                "ix": 6
              },
              "o": {
                "a": 0,
                "k": 100,
                "ix": 7
              },
              "sk": {
                "a": 0,
                "k": 0,
                "ix": 4
              },
              "sa": {
                "a": 0,
                "k": 0,
                "ix": 5
              },
              "nm": "Transform",
              "_render": true
            }
          ],
          "nm": "Group 1",
          "np": 2,
          "cix": 2,
          "bm": 0,
          "ix": 1,
          "mn": "ADBE Vector Group",
          "hd": false,
          "_render": true
        },
        {
          "ty": "tm",
          "s": {
            "a": 1,
            "k": [
              {
                "i": {
                  "x": [
                    0.33
                  ],
                  "y": [
                    1
                  ]
                },
                "o": {
                  "x": [
                    0.67
                  ],
                  "y": [
                    0
                  ]
                },
                "t": 0,
                "s": [
                  0
                ]
              },
              {
                "i": {
                  "x": [
                    0.33
                  ],
                  "y": [
                    1
                  ]
                },
                "o": {
                  "x": [
                    0.67
                  ],
                  "y": [
                    0
                  ]
                },
                "t": 20.02,
                "s": [
                  33
                ]
              },
              {
                "t": 40.041015625,
                "s": [
                  0
                ]
              }
            ],
            "ix": 1
          },
          "e": {
            "a": 1,
            "k": [
              {
                "i": {
                  "x": [
                    0.33
                  ],
                  "y": [
                    1
                  ]
                },
                "o": {
                  "x": [
                    0.67
                  ],
                  "y": [
                    0
                  ]
                },
                "t": 0,
                "s": [
                  100
                ]
              },
              {
                "i": {
                  "x": [
                    0.33
                  ],
                  "y": [
                    1
                  ]
                },
                "o": {
                  "x": [
                    0.67
                  ],
                  "y": [
                    0
                  ]
                },
                "t": 20.02,
                "s": [
                  70
                ]
              },
              {
                "t": 40.041015625,
                "s": [
                  100
                ]
              }
            ],
            "ix": 2
          },
          "o": {
            "a": 0,
            "k": 0,
            "ix": 3
          },
          "m": 1,
          "ix": 2,
          "nm": "Trim Paths 1",
          "mn": "ADBE Vector Filter - Trim",
          "hd": false,
          "_render": true
        }
      ],
      "ip": 0,
      "op": 120.12012012012,
      "st": 0,
      "ct": 1,
      "bm": 0,
      "completed": true
    },
    {
      "ddd": 0,
      "ind": 2,
      "ty": 4,
      "nm": "Group 1",
      "sr": 1,
      "ks": {
        "o": {
          "a": 0,
          "k": 100,
          "ix": 11
        },
        "r": {
          "a": 0,
          "k": 0,
          "ix": 10
        },
        "p": {
          "a": 1,
          "k": [
            {
              "i": {
                "x": 0.33,
                "y": 1
              },
              "o": {
                "x": 0.67,
                "y": 0
              },
              "t": 0,
              "s": [
                318.227,
                372.093,
                0
              ],
              "to": null,
              "ti": null
            },
            {
              "i": {
                "x": 0.33,
                "y": 1
              },
              "o": {
                "x": 0.67,
                "y": 0
              },
              "t": 20.02,
              "s": [
                207.378,
                372.093,
                0
              ],
              "to": null,
              "ti": null
            },
            {
              "t": 40.041015625,
              "s": [
                318.227,
                372.093,
                0
              ]
            }
          ],
          "ix": 2,
          "l": 2
        },
        "a": {
          "a": 0,
          "k": [
            443.227,
            497.093,
            0
          ],
          "ix": 1,
          "l": 2
        },
        "s": {
          "a": 0,
          "k": [
            100,
            100,
            100
          ],
          "ix": 6,
          "l": 2
        }
      },
      "ao": 0,
      "shapes": [
        {
          "ty": "gr",
          "it": [
            {
              "ty": "gr",
              "it": [
                {
                  "ind": 0,
                  "ty": "sh",
                  "ix": 1,
                  "ks": {
                    "a": 0,
                    "k": {
                      "i": [
                        [
                          164.171,
                          0
                        ],
                        [
                          -164.171,
                          0
                        ]
                      ],
                      "o": [
                        [
                          164.171,
                          0
                        ],
                        [
                          -164.171,
                          0
                        ]
                      ],
                      "v": [
                        [
                          164.171,
                          0
                        ],
                        [
                          -164.171,
                          0
                        ]
                      ],
                      "c": false
                    },
                    "ix": 2
                  },
                  "nm": "Path 1",
                  "mn": "ADBE Vector Shape - Group",
                  "hd": false,
                  "_render": true
                },
                {
                  "ty": "st",
                  "c": {
                    "a": 0,
                    "k": [
                      0,
                      0,
                      0,
                      1
                    ],
                    "ix": 3
                  },
                  "o": {
                    "a": 0,
                    "k": 100,
                    "ix": 4
                  },
                  "w": {
                    "a": 0,
                    "k": 35,
                    "ix": 5
                  },
                  "lc": 2,
                  "lj": 2,
                  "bm": 0,
                  "nm": "Stroke 1",
                  "mn": "ADBE Vector Graphic - Stroke",
                  "hd": false,
                  "_render": true
                },
                {
                  "ty": "tr",
                  "p": {
                    "a": 0,
                    "k": [
                      443.227,
                      497.093
                    ],
                    "ix": 2
                  },
                  "a": {
                    "a": 0,
                    "k": [
                      0,
                      0
                    ],
                    "ix": 1
                  },
                  "s": {
                    "a": 0,
                    "k": [
                      100,
                      100
                    ],
                    "ix": 3
                  },
                  "r": {
                    "a": 0,
                    "k": 0,
                    "ix": 6
                  },
                  "o": {
                    "a": 0,
                    "k": 100,
                    "ix": 7
                  },
                  "sk": {
                    "a": 0,
                    "k": 0,
                    "ix": 4
                  },
                  "sa": {
                    "a": 0,
                    "k": 0,
                    "ix": 5
                  },
                  "nm": "Transform",
                  "_render": true
                }
              ],
              "nm": "Group 1",
              "np": 2,
              "cix": 2,
              "bm": 0,
              "ix": 1,
              "mn": "ADBE Vector Group",
              "hd": false,
              "_render": true
            },
            {
              "ty": "gr",
              "it": [
                {
                  "ind": 0,
                  "ty": "sh",
                  "ix": 1,
                  "ks": {
                    "a": 0,
                    "k": {
                      "i": [
                        [
                          -40.073,
                          -68.994
                        ],
                        [
                          40.073,
                          0
                        ],
                        [
                          -40.073,
                          68.994
                        ]
                      ],
                      "o": [
                        [
                          -40.073,
                          -68.994
                        ],
                        [
                          40.073,
                          0
                        ],
                        [
                          -40.073,
                          68.994
                        ]
                      ],
                      "v": [
                        [
                          -40.073,
                          -68.994
                        ],
                        [
                          40.073,
                          0
                        ],
                        [
                          -40.073,
                          68.994
                        ]
                      ],
                      "c": false
                    },
                    "ix": 2
                  },
                  "nm": "Path 1",
                  "mn": "ADBE Vector Shape - Group",
                  "hd": false,
                  "_render": true
                },
                {
                  "ty": "st",
                  "c": {
                    "a": 0,
                    "k": [
                      0,
                      0,
                      0,
                      1
                    ],
                    "ix": 3
                  },
                  "o": {
                    "a": 0,
                    "k": 100,
                    "ix": 4
                  },
                  "w": {
                    "a": 0,
                    "k": 35,
                    "ix": 5
                  },
                  "lc": 2,
                  "lj": 2,
                  "bm": 0,
                  "nm": "Stroke 1",
                  "mn": "ADBE Vector Graphic - Stroke",
                  "hd": false,
                  "_render": true
                },
                {
                  "ty": "tr",
                  "p": {
                    "a": 0,
                    "k": [
                      567.325,
                      497.093
                    ],
                    "ix": 2
                  },
                  "a": {
                    "a": 0,
                    "k": [
                      0,
                      0
                    ],
                    "ix": 1
                  },
                  "s": {
                    "a": 0,
                    "k": [
                      100,
                      100
                    ],
                    "ix": 3
                  },
                  "r": {
                    "a": 0,
                    "k": 0,
                    "ix": 6
                  },
                  "o": {
                    "a": 0,
                    "k": 100,
                    "ix": 7
                  },
                  "sk": {
                    "a": 0,
                    "k": 0,
                    "ix": 4
                  },
                  "sa": {
                    "a": 0,
                    "k": 0,
                    "ix": 5
                  },
                  "nm": "Transform",
                  "_render": true
                }
              ],
              "nm": "Group 2",
              "np": 2,
              "cix": 2,
              "bm": 0,
              "ix": 2,
              "mn": "ADBE Vector Group",
              "hd": false,
              "_render": true
            },
            {
              "ty": "tr",
              "p": {
                "a": 0,
                "k": [
                  567.325,
                  497.093
                ],
                "ix": 2
              },
              "a": {
                "a": 0,
                "k": [
                  567.325,
                  497.093
                ],
                "ix": 1
              },
              "s": {
                "a": 0,
                "k": [
                  100,
                  100
                ],
                "ix": 3
              },
              "r": {
                "a": 0,
                "k": 0,
                "ix": 6
              },
              "o": {
                "a": 0,
                "k": 100,
                "ix": 7
              },
              "sk": {
                "a": 0,
                "k": 0,
                "ix": 4
              },
              "sa": {
                "a": 0,
                "k": 0,
                "ix": 5
              },
              "nm": "Transform",
              "_render": true
            }
          ],
          "nm": "Group 1",
          "np": 2,
          "cix": 2,
          "bm": 0,
          "ix": 1,
          "mn": "ADBE Vector Group",
          "hd": false,
          "_render": true
        }
      ],
      "ip": 0,
      "op": 120.12012012012,
      "st": 0,
      "ct": 1,
      "bm": 0,
      "completed": true
    }
  ],
  "markers": [],
  "__complete": true
}