{
  "v": "5.9.6",
  "fr": 60,
  "ip": 0,
  "op": 120,
  "w": 750,
  "h": 750,
  "nm": "Comp 1",
  "ddd": 0,
  "assets": [],
  "layers": [
    {
      "ddd": 0,
      "ind": 1,
      "ty": 4,
      "nm": "Layer 2",
      "sr": 1,
      "ks": {
        "o": {
          "a": 0,
          "k": 100,
          "ix": 11
        },
        "r": {
          "a": 0,
          "k": 0,
          "ix": 10
        },
        "p": {
          "a": 0,
          "k": [
            375,
            375,
            0
          ],
          "ix": 2,
          "l": 2
        },
        "a": {
          "a": 0,
          "k": [
            453.201,
            500.5,
            0
          ],
          "ix": 1,
          "l": 2
        },
        "s": {
          "a": 0,
          "k": [
            100,
            100,
            100
          ],
          "ix": 6,
          "l": 2
        }
      },
      "ao": 0,
      "shapes": [
        {
          "ty": "gr",
          "it": [
            {
              "ty": "gr",
              "it": [
                {
                  "ind": 0,
                  "ty": "sh",
                  "ix": 1,
                  "ks": {
                    "a": 0,
                    "k": {
                      "i": [
                        [
                          -40.348,
                          -82.118
                        ],
                        [
                          40.647,
                          3.118
                        ],
                        [
                          -40.647,
                          82.118
                        ]
                      ],
                      "o": [
                        [
                          -40.348,
                          -82.118
                        ],
                        [
                          40.647,
                          3.118
                        ],
                        [
                          -40.647,
                          82.118
                        ]
                      ],
                      "v": [
                        [
                          -40.348,
                          -82.118
                        ],
                        [
                          40.647,
                          3.118
                        ],
                        [
                          -40.647,
                          82.118
                        ]
                      ],
                      "c": false
                    },
                    "ix": 2
                  },
                  "nm": "Path 1",
                  "mn": "ADBE Vector Shape - Group",
                  "hd": false,
                  "_render": true
                },
                {
                  "ty": "st",
                  "c": {
                    "a": 0,
                    "k": [
                      0,
                      0,
                      0,
                      1
                    ],
                    "ix": 3
                  },
                  "o": {
                    "a": 0,
                    "k": 100,
                    "ix": 4
                  },
                  "w": {
                    "a": 0,
                    "k": 35,
                    "ix": 5
                  },
                  "lc": 2,
                  "lj": 2,
                  "bm": 0,
                  "nm": "Stroke 1",
                  "mn": "ADBE Vector Graphic - Stroke",
                  "hd": false,
                  "_render": true
                },
                {
                  "ty": "tr",
                  "p": {
                    "a": 0,
                    "k": [
                      493.55,
                      497.382
                    ],
                    "ix": 2
                  },
                  "a": {
                    "a": 0,
                    "k": [
                      0,
                      0
                    ],
                    "ix": 1
                  },
                  "s": {
                    "a": 0,
                    "k": [
                      100,
                      100
                    ],
                    "ix": 3
                  },
                  "r": {
                    "a": 0,
                    "k": 0,
                    "ix": 6
                  },
                  "o": {
                    "a": 0,
                    "k": 100,
                    "ix": 7
                  },
                  "sk": {
                    "a": 0,
                    "k": 0,
                    "ix": 4
                  },
                  "sa": {
                    "a": 0,
                    "k": 0,
                    "ix": 5
                  },
                  "nm": "Transform",
                  "_render": true
                }
              ],
              "nm": "Group 1",
              "np": 2,
              "cix": 2,
              "bm": 0,
              "ix": 1,
              "mn": "ADBE Vector Group",
              "hd": false,
              "_render": true
            },
            {
              "ty": "gr",
              "it": [
                {
                  "ind": 0,
                  "ty": "sh",
                  "ix": 1,
                  "ks": {
                    "a": 0,
                    "k": {
                      "i": [
                        [
                          -141.5,
                          0
                        ],
                        [
                          141.5,
                          0
                        ]
                      ],
                      "o": [
                        [
                          -141.5,
                          0
                        ],
                        [
                          141.5,
                          0
                        ]
                      ],
                      "v": [
                        [
                          -141.5,
                          0
                        ],
                        [
                          141.5,
                          0
                        ]
                      ],
                      "c": false
                    },
                    "ix": 2
                  },
                  "nm": "Path 1",
                  "mn": "ADBE Vector Shape - Group",
                  "hd": false,
                  "_render": true
                },
                {
                  "ty": "st",
                  "c": {
                    "a": 0,
                    "k": [
                      0,
                      0,
                      0,
                      1
                    ],
                    "ix": 3
                  },
                  "o": {
                    "a": 0,
                    "k": 100,
                    "ix": 4
                  },
                  "w": {
                    "a": 0,
                    "k": 35,
                    "ix": 5
                  },
                  "lc": 2,
                  "lj": 2,
                  "bm": 0,
                  "nm": "Stroke 1",
                  "mn": "ADBE Vector Graphic - Stroke",
                  "hd": false,
                  "_render": true
                },
                {
                  "ty": "tr",
                  "p": {
                    "a": 0,
                    "k": [
                      357.403,
                      500.5
                    ],
                    "ix": 2
                  },
                  "a": {
                    "a": 0,
                    "k": [
                      0,
                      0
                    ],
                    "ix": 1
                  },
                  "s": {
                    "a": 0,
                    "k": [
                      100,
                      100
                    ],
                    "ix": 3
                  },
                  "r": {
                    "a": 0,
                    "k": 0,
                    "ix": 6
                  },
                  "o": {
                    "a": 0,
                    "k": 100,
                    "ix": 7
                  },
                  "sk": {
                    "a": 0,
                    "k": 0,
                    "ix": 4
                  },
                  "sa": {
                    "a": 0,
                    "k": 0,
                    "ix": 5
                  },
                  "nm": "Transform",
                  "_render": true
                }
              ],
              "nm": "Group 2",
              "np": 2,
              "cix": 2,
              "bm": 0,
              "ix": 2,
              "mn": "ADBE Vector Group",
              "hd": false,
              "_render": true
            },
            {
              "ty": "tr",
              "p": {
                "a": 1,
                "k": [
                  {
                    "i": {
                      "x": 0.45,
                      "y": 1
                    },
                    "o": {
                      "x": 0.55,
                      "y": 0
                    },
                    "t": 8,
                    "s": [
                      375.05,
                      497.382
                    ],
                    "to": null,
                    "ti": null
                  },
                  {
                    "i": {
                      "x": 0.45,
                      "y": 1
                    },
                    "o": {
                      "x": 0.55,
                      "y": 0
                    },
                    "t": 33,
                    "s": [
                      470.05,
                      497.382
                    ],
                    "to": null,
                    "ti": null
                  },
                  {
                    "t": 58,
                    "s": [
                      375.05,
                      497.382
                    ]
                  }
                ],
                "ix": 2
              },
              "a": {
                "a": 0,
                "k": [
                  375.05,
                  497.382
                ],
                "ix": 1
              },
              "s": {
                "a": 0,
                "k": [
                  100,
                  100
                ],
                "ix": 3
              },
              "r": {
                "a": 0,
                "k": 0,
                "ix": 6
              },
              "o": {
                "a": 0,
                "k": 100,
                "ix": 7
              },
              "sk": {
                "a": 0,
                "k": 0,
                "ix": 4
              },
              "sa": {
                "a": 0,
                "k": 0,
                "ix": 5
              },
              "nm": "Transform",
              "_render": true
            }
          ],
          "nm": "Group 4",
          "np": 2,
          "cix": 2,
          "bm": 0,
          "ix": 1,
          "mn": "ADBE Vector Group",
          "hd": false,
          "_render": true
        },
        {
          "ty": "gr",
          "it": [
            {
              "ind": 0,
              "ty": "sh",
              "ix": 1,
              "ks": {
                "a": 0,
                "k": {
                  "i": [
                    [
                      -237.701,
                      66.141
                    ],
                    [
                      -149.548,
                      238
                    ],
                    [
                      50.79,
                      238
                    ],
                    [
                      237.701,
                      154.317
                    ],
                    [
                      237.701,
                      -51.088
                    ],
                    [
                      154.018,
                      -238
                    ],
                    [
                      -51.387,
                      -238
                    ],
                    [
                      -226.524,
                      -165.589
                    ]
                  ],
                  "o": [
                    [
                      -230.035,
                      162.32999999999998
                    ],
                    [
                      -51.387,
                      238
                    ],
                    [
                      154.019,
                      238
                    ],
                    [
                      237.701,
                      51.088
                    ],
                    [
                      237.701,
                      -154.317
                    ],
                    [
                      50.789,
                      -238
                    ],
                    [
                      -147.411,
                      -238
                    ],
                    [
                      -237.098,
                      -72.393
                    ]
                  ],
                  "v": [
                    [
                      -237.701,
                      66.141
                    ],
                    [
                      -51.387,
                      238
                    ],
                    [
                      50.79,
                      238
                    ],
                    [
                      237.701,
                      51.088
                    ],
                    [
                      237.701,
                      -51.088
                    ],
                    [
                      50.789,
                      -238
                    ],
                    [
                      -51.387,
                      -238
                    ],
                    [
                      -237.098,
                      -72.393
                    ]
                  ],
                  "c": false
                },
                "ix": 2
              },
              "nm": "Path 1",
              "mn": "ADBE Vector Shape - Group",
              "hd": false,
              "_render": true
            },
            {
              "ty": "st",
              "c": {
                "a": 0,
                "k": [
                  0,
                  0,
                  0,
                  1
                ],
                "ix": 3
              },
              "o": {
                "a": 0,
                "k": 100,
                "ix": 4
              },
              "w": {
                "a": 0,
                "k": 35,
                "ix": 5
              },
              "lc": 2,
              "lj": 2,
              "bm": 0,
              "nm": "Stroke 1",
              "mn": "ADBE Vector Graphic - Stroke",
              "hd": false,
              "_render": true
            },
            {
              "ty": "tm",
              "s": {
                "a": 1,
                "k": [
                  {
                    "i": {
                      "x": [
                        0.45
                      ],
                      "y": [
                        1
                      ]
                    },
                    "o": {
                      "x": [
                        0.55
                      ],
                      "y": [
                        0
                      ]
                    },
                    "t": 4,
                    "s": [
                      0
                    ]
                  },
                  {
                    "i": {
                      "x": [
                        0.45
                      ],
                      "y": [
                        1
                      ]
                    },
                    "o": {
                      "x": [
                        0.55
                      ],
                      "y": [
                        0
                      ]
                    },
                    "t": 29,
                    "s": [
                      12
                    ]
                  },
                  {
                    "t": 54,
                    "s": [
                      0
                    ]
                  }
                ],
                "ix": 1
              },
              "e": {
                "a": 1,
                "k": [
                  {
                    "i": {
                      "x": [
                        0.45
                      ],
                      "y": [
                        1
                      ]
                    },
                    "o": {
                      "x": [
                        0.55
                      ],
                      "y": [
                        0
                      ]
                    },
                    "t": 0,
                    "s": [
                      100
                    ]
                  },
                  {
                    "i": {
                      "x": [
                        0.45
                      ],
                      "y": [
                        1
                      ]
                    },
                    "o": {
                      "x": [
                        0.55
                      ],
                      "y": [
                        0
                      ]
                    },
                    "t": 25,
                    "s": [
                      85
                    ]
                  },
                  {
                    "t": 50,
                    "s": [
                      100
                    ]
                  }
                ],
                "ix": 2
              },
              "o": {
                "a": 0,
                "k": 0,
                "ix": 3
              },
              "m": 1,
              "ix": 3,
              "nm": "Trim Paths 1",
              "mn": "ADBE Vector Filter - Trim",
              "hd": false,
              "_render": true
            },
            {
              "ty": "tr",
              "p": {
                "a": 0,
                "k": [
                  453.201,
                  500.5
                ],
                "ix": 2
              },
              "a": {
                "a": 0,
                "k": [
                  0,
                  0
                ],
                "ix": 1
              },
              "s": {
                "a": 0,
                "k": [
                  100,
                  100
                ],
                "ix": 3
              },
              "r": {
                "a": 0,
                "k": 0,
                "ix": 6
              },
              "o": {
                "a": 0,
                "k": 100,
                "ix": 7
              },
              "sk": {
                "a": 0,
                "k": 0,
                "ix": 4
              },
              "sa": {
                "a": 0,
                "k": 0,
                "ix": 5
              },
              "nm": "Transform",
              "_render": true
            }
          ],
          "nm": "Group 3",
          "np": 3,
          "cix": 2,
          "bm": 0,
          "ix": 2,
          "mn": "ADBE Vector Group",
          "hd": false,
          "_render": true
        }
      ],
      "ip": 0,
      "op": 120,
      "st": 0,
      "ct": 1,
      "bm": 0,
      "completed": true
    }
  ],
  "markers": [],
  "__complete": true
}