{
  "v": "5.9.6",
  "fr": 60,
  "ip": 0,
  "op": 120,
  "w": 750,
  "h": 750,
  "nm": "Comp 1",
  "ddd": 0,
  "assets": [],
  "layers": [
    {
      "ddd": 0,
      "ind": 1,
      "ty": 4,
      "nm": "Layer 1",
      "sr": 1,
      "ks": {
        "o": {
          "a": 0,
          "k": 100,
          "ix": 11
        },
        "r": {
          "a": 0,
          "k": 0,
          "ix": 10
        },
        "p": {
          "a": 0,
          "k": [
            375,
            375,
            0
          ],
          "ix": 2,
          "l": 2
        },
        "a": {
          "a": 0,
          "k": [
            0,
            0,
            0
          ],
          "ix": 1,
          "l": 2
        },
        "s": {
          "a": 0,
          "k": [
            100,
            100,
            100
          ],
          "ix": 6,
          "l": 2
        }
      },
      "ao": 0,
      "shapes": [
        {
          "ty": "gr",
          "it": [
            {
              "ind": 0,
              "ty": "sh",
              "ix": 1,
              "ks": {
                "a": 0,
                "k": {
                  "i": [
                    [
                      -218.24200000000002,
                      126.35199999999999
                    ],
                    [
                      -348.031,
                      -46.672999999999995
                    ],
                    [
                      -219.725,
                      -128.586
                    ],
                    [
                      21.00999999999999,
                      130.51999999999998
                    ],
                    [
                      355.31399999999996,
                      -133.322
                    ],
                    [
                      -11.512,
                      125.988
                    ]
                  ],
                  "o": [
                    [
                      -332.101,
                      80.024
                    ],
                    [
                      -245.53100000000003,
                      -118.65799999999999
                    ],
                    [
                      -5.667000000000002,
                      -139.353
                    ],
                    [
                      373.608,
                      130.054
                    ],
                    [
                      10.705999999999989,
                      -127.67399999999999
                    ],
                    [
                      -193.75199999999998,
                      131.28
                    ]
                  ],
                  "v": [
                    [
                      -238.531,
                      118.097
                    ],
                    [
                      -265.362,
                      -104.731
                    ],
                    [
                      -186.167,
                      -130.274
                    ],
                    [
                      181.666,
                      130.308
                    ],
                    [
                      183.01,
                      -130.498
                    ],
                    [
                      -164.284,
                      130.424
                    ]
                  ],
                  "c": true
                },
                "ix": 2
              },
              "nm": "Path 1",
              "mn": "ADBE Vector Shape - Group",
              "hd": false,
              "_render": true
            },
            {
              "ty": "st",
              "c": {
                "a": 0,
                "k": [
                  0,
                  0,
                  0,
                  1
                ],
                "ix": 3
              },
              "o": {
                "a": 0,
                "k": 100,
                "ix": 4
              },
              "w": {
                "a": 0,
                "k": 35,
                "ix": 5
              },
              "lc": 2,
              "lj": 2,
              "bm": 0,
              "nm": "Stroke 1",
              "mn": "ADBE Vector Graphic - Stroke",
              "hd": false,
              "_render": true
            },
            {
              "ty": "tr",
              "p": {
                "a": 0,
                "k": [
                  0,
                  0
                ],
                "ix": 2
              },
              "a": {
                "a": 0,
                "k": [
                  0,
                  0
                ],
                "ix": 1
              },
              "s": {
                "a": 0,
                "k": [
                  100,
                  100
                ],
                "ix": 3
              },
              "r": {
                "a": 0,
                "k": 0,
                "ix": 6
              },
              "o": {
                "a": 0,
                "k": 100,
                "ix": 7
              },
              "sk": {
                "a": 0,
                "k": 0,
                "ix": 4
              },
              "sa": {
                "a": 0,
                "k": 0,
                "ix": 5
              },
              "nm": "Transform",
              "_render": true
            }
          ],
          "nm": "Group 1",
          "np": 2,
          "cix": 2,
          "bm": 0,
          "ix": 1,
          "mn": "ADBE Vector Group",
          "hd": false,
          "_render": true
        },
        {
          "ty": "tm",
          "s": {
            "a": 1,
            "k": [
              {
                "i": {
                  "x": [
                    0.33
                  ],
                  "y": [
                    1
                  ]
                },
                "o": {
                  "x": [
                    0.67
                  ],
                  "y": [
                    0
                  ]
                },
                "t": 0,
                "s": [
                  0
                ]
              },
              {
                "t": 74.07421875,
                "s": [
                  0
                ]
              }
            ],
            "ix": 1
          },
          "e": {
            "a": 1,
            "k": [
              {
                "i": {
                  "x": [
                    0.33
                  ],
                  "y": [
                    1
                  ]
                },
                "o": {
                  "x": [
                    0.67
                  ],
                  "y": [
                    0
                  ]
                },
                "t": 0,
                "s": [
                  100
                ]
              },
              {
                "i": {
                  "x": [
                    0.33
                  ],
                  "y": [
                    1
                  ]
                },
                "o": {
                  "x": [
                    0.67
                  ],
                  "y": [
                    0
                  ]
                },
                "t": 41.586,
                "s": [
                  86
                ]
              },
              {
                "t": 74.07421875,
                "s": [
                  100
                ]
              }
            ],
            "ix": 2
          },
          "o": {
            "a": 1,
            "k": [
              {
                "i": {
                  "x": [
                    0.33
                  ],
                  "y": [
                    1
                  ]
                },
                "o": {
                  "x": [
                    0.67
                  ],
                  "y": [
                    0
                  ]
                },
                "t": 0,
                "s": [
                  0
                ]
              },
              {
                "t": 66.275390625,
                "s": [
                  362
                ]
              }
            ],
            "ix": 3
          },
          "m": 1,
          "ix": 2,
          "nm": "Trim Paths 1",
          "mn": "ADBE Vector Filter - Trim",
          "hd": false,
          "_render": true
        }
      ],
      "ip": 0,
      "op": 120.12012012012,
      "st": 0,
      "ct": 1,
      "bm": 0,
      "completed": true
    }
  ],
  "markers": [],
  "__complete": true
}