{
  "v": "5.9.6",
  "fr": 60,
  "ip": 0,
  "op": 120,
  "w": 750,
  "h": 750,
  "nm": "Comp 1",
  "ddd": 0,
  "assets": [],
  "layers": [
    {
      "ddd": 0,
      "ind": 1,
      "ty": 4,
      "nm": "Layer 2",
      "sr": 1,
      "ks": {
        "o": {
          "a": 0,
          "k": 100,
          "ix": 11
        },
        "r": {
          "a": 0,
          "k": 0,
          "ix": 10
        },
        "p": {
          "a": 0,
          "k": [
            375,
            375,
            0
          ],
          "ix": 2,
          "l": 2
        },
        "a": {
          "a": 0,
          "k": [
            0,
            0,
            0
          ],
          "ix": 1,
          "l": 2
        },
        "s": {
          "a": 0,
          "k": [
            100,
            100,
            100
          ],
          "ix": 6,
          "l": 2
        }
      },
      "ao": 0,
      "shapes": [
        {
          "ty": "gr",
          "it": [
            {
              "ind": 0,
              "ty": "sh",
              "ix": 1,
              "ks": {
                "a": 0,
                "k": {
                  "i": [
                    [
                      253.367,
                      -166.085
                    ],
                    [
                      73.984,
                      -252.30100000000002
                    ],
                    [
                      0.005,
                      -178.313
                    ],
                    [
                      -16.507,
                      -194.824
                    ],
                    [
                      -167.161,
                      -252.30100000000002
                    ],
                    [
                      -267.737,
                      -128.433
                    ],
                    [
                      -253.367,
                      -15.441
                    ],
                    [
                      -173.047,
                      64.881
                    ],
                    [
                      0.005,
                      237.932
                    ],
                    [
                      156.375,
                      81.562
                    ],
                    [
                      224.629,
                      13.298
                    ],
                    [
                      267.737,
                      -53.102000000000004
                    ]
                  ],
                  "o": [
                    [
                      167.161,
                      -252.30100000000002
                    ],
                    [
                      16.507,
                      -194.824
                    ],
                    [
                      0.005,
                      -178.313
                    ],
                    [
                      -73.984,
                      -252.30100000000002
                    ],
                    [
                      -253.367,
                      -166.085
                    ],
                    [
                      -267.737,
                      -53.102000000000004
                    ],
                    [
                      -224.629,
                      13.298
                    ],
                    [
                      -173.047,
                      64.881
                    ],
                    [
                      0.005,
                      237.932
                    ],
                    [
                      156.375,
                      81.562
                    ],
                    [
                      253.367,
                      -15.441
                    ],
                    [
                      267.737,
                      -128.433
                    ]
                  ],
                  "v": [
                    [
                      224.629,
                      -194.824
                    ],
                    [
                      16.507,
                      -194.824
                    ],
                    [
                      0.005,
                      -178.313
                    ],
                    [
                      -16.507,
                      -194.824
                    ],
                    [
                      -224.629,
                      -194.824
                    ],
                    [
                      -267.737,
                      -90.763
                    ],
                    [
                      -224.629,
                      13.298
                    ],
                    [
                      -173.047,
                      64.881
                    ],
                    [
                      0.005,
                      237.932
                    ],
                    [
                      156.375,
                      81.562
                    ],
                    [
                      224.629,
                      13.298
                    ],
                    [
                      267.737,
                      -90.763
                    ]
                  ],
                  "c": true
                },
                "ix": 2
              },
              "nm": "Path 1",
              "mn": "ADBE Vector Shape - Group",
              "hd": false,
              "_render": true
            },
            {
              "ty": "st",
              "c": {
                "a": 0,
                "k": [
                  0,
                  0,
                  0,
                  1
                ],
                "ix": 3
              },
              "o": {
                "a": 0,
                "k": 100,
                "ix": 4
              },
              "w": {
                "a": 0,
                "k": 35,
                "ix": 5
              },
              "lc": 2,
              "lj": 2,
              "bm": 0,
              "nm": "Stroke 1",
              "mn": "ADBE Vector Graphic - Stroke",
              "hd": false,
              "_render": true
            },
            {
              "ty": "tr",
              "p": {
                "a": 0,
                "k": [
                  0,
                  0
                ],
                "ix": 2
              },
              "a": {
                "a": 0,
                "k": [
                  0,
                  0
                ],
                "ix": 1
              },
              "s": {
                "a": 0,
                "k": [
                  100,
                  100
                ],
                "ix": 3
              },
              "r": {
                "a": 0,
                "k": 0,
                "ix": 6
              },
              "o": {
                "a": 0,
                "k": 100,
                "ix": 7
              },
              "sk": {
                "a": 0,
                "k": 0,
                "ix": 4
              },
              "sa": {
                "a": 0,
                "k": 0,
                "ix": 5
              },
              "nm": "Transform",
              "_render": true
            }
          ],
          "nm": "Group 1",
          "np": 2,
          "cix": 2,
          "bm": 0,
          "ix": 1,
          "mn": "ADBE Vector Group",
          "hd": false,
          "_render": true
        },
        {
          "ty": "tm",
          "s": {
            "a": 1,
            "k": [
              {
                "i": {
                  "x": [
                    0.667
                  ],
                  "y": [
                    1
                  ]
                },
                "o": {
                  "x": [
                    0.333
                  ],
                  "y": [
                    0
                  ]
                },
                "t": 0,
                "s": [
                  0
                ]
              },
              {
                "t": 69,
                "s": [
                  0
                ]
              }
            ],
            "ix": 1
          },
          "e": {
            "a": 1,
            "k": [
              {
                "i": {
                  "x": [
                    0.667
                  ],
                  "y": [
                    1
                  ]
                },
                "o": {
                  "x": [
                    0.333
                  ],
                  "y": [
                    0
                  ]
                },
                "t": 0,
                "s": [
                  100
                ]
              },
              {
                "i": {
                  "x": [
                    0.667
                  ],
                  "y": [
                    1
                  ]
                },
                "o": {
                  "x": [
                    0.333
                  ],
                  "y": [
                    0
                  ]
                },
                "t": 38.738,
                "s": [
                  86
                ]
              },
              {
                "t": 69,
                "s": [
                  100
                ]
              }
            ],
            "ix": 2
          },
          "o": {
            "a": 1,
            "k": [
              {
                "i": {
                  "x": [
                    0.667
                  ],
                  "y": [
                    1
                  ]
                },
                "o": {
                  "x": [
                    0.333
                  ],
                  "y": [
                    0
                  ]
                },
                "t": 0,
                "s": [
                  0
                ]
              },
              {
                "t": 61.736328125,
                "s": [
                  362
                ]
              }
            ],
            "ix": 3
          },
          "m": 1,
          "ix": 2,
          "nm": "Trim Paths 1",
          "mn": "ADBE Vector Filter - Trim",
          "hd": false,
          "_render": true
        }
      ],
      "ip": 0,
      "op": 120.12012012012,
      "st": 0,
      "ct": 1,
      "bm": 0,
      "completed": true
    }
  ],
  "markers": [],
  "__complete": true
}