{
  "v": "5.9.6",
  "fr": 60,
  "ip": 0,
  "op": 120,
  "w": 750,
  "h": 750,
  "nm": "Comp 1",
  "ddd": 0,
  "assets": [],
  "layers": [
    {
      "ddd": 0,
      "ind": 1,
      "ty": 4,
      "nm": "Layer 2",
      "sr": 1,
      "ks": {
        "o": {
          "a": 0,
          "k": 100,
          "ix": 11
        },
        "r": {
          "a": 1,
          "k": [
            {
              "i": {
                "x": [
                  0.667
                ],
                "y": [
                  1
                ]
              },
              "o": {
                "x": [
                  0.333
                ],
                "y": [
                  0
                ]
              },
              "t": 0,
              "s": [
                0
              ]
            },
            {
              "i": {
                "x": [
                  0.667
                ],
                "y": [
                  1
                ]
              },
              "o": {
                "x": [
                  0.333
                ],
                "y": [
                  0
                ]
              },
              "t": 20,
              "s": [
                -28
              ]
            },
            {
              "i": {
                "x": [
                  0.667
                ],
                "y": [
                  1
                ]
              },
              "o": {
                "x": [
                  0.333
                ],
                "y": [
                  0
                ]
              },
              "t": 40,
              "s": [
                28
              ]
            },
            {
              "i": {
                "x": [
                  0.667
                ],
                "y": [
                  1
                ]
              },
              "o": {
                "x": [
                  0.333
                ],
                "y": [
                  0
                ]
              },
              "t": 60,
              "s": [
                -28
              ]
            },
            {
              "t": 80,
              "s": [
                0
              ]
            }
          ],
          "ix": 10
        },
        "p": {
          "a": 0,
          "k": [
            375,
            244.781,
            0
          ],
          "ix": 2,
          "l": 2
        },
        "a": {
          "a": 0,
          "k": [
            540,
            528.936,
            0
          ],
          "ix": 1,
          "l": 2
        },
        "s": {
          "a": 0,
          "k": [
            900,
            900,
            100
          ],
          "ix": 6,
          "l": 2
        }
      },
      "ao": 0,
      "shapes": [
        {
          "ty": "gr",
          "it": [
            {
              "ind": 0,
              "ty": "sh",
              "ix": 1,
              "ks": {
                "a": 0,
                "k": {
                  "i": [
                    [
                      10.483,
                      -13.24
                    ],
                    [
                      10.483,
                      11.832
                    ],
                    [
                      9.198,
                      13.638
                    ],
                    [
                      0.81,
                      7.717
                    ],
                    [
                      -0.32400000000000007,
                      7.374
                    ],
                    [
                      -8.267,
                      12.981
                    ],
                    [
                      -10.483,
                      12.972000000000001
                    ],
                    [
                      -10.483,
                      -13.24
                    ]
                  ],
                  "o": [
                    [
                      10.483,
                      -13.24
                    ],
                    [
                      10.483,
                      12.972000000000001
                    ],
                    [
                      8.267,
                      12.981
                    ],
                    [
                      0.32400000000000007,
                      7.374
                    ],
                    [
                      -0.81,
                      7.717
                    ],
                    [
                      -9.198,
                      13.638
                    ],
                    [
                      -10.483,
                      11.832
                    ],
                    [
                      -10.483,
                      -13.24
                    ]
                  ],
                  "v": [
                    [
                      10.483,
                      -13.24
                    ],
                    [
                      10.483,
                      11.832
                    ],
                    [
                      8.267,
                      12.981
                    ],
                    [
                      0.81,
                      7.717
                    ],
                    [
                      -0.81,
                      7.717
                    ],
                    [
                      -8.267,
                      12.981
                    ],
                    [
                      -10.483,
                      11.832
                    ],
                    [
                      -10.483,
                      -13.24
                    ]
                  ],
                  "c": false
                },
                "ix": 2
              },
              "nm": "Path 1",
              "mn": "ADBE Vector Shape - Group",
              "hd": false,
              "_render": true
            },
            {
              "ty": "st",
              "c": {
                "a": 0,
                "k": [
                  0,
                  0,
                  0,
                  1
                ],
                "ix": 3
              },
              "o": {
                "a": 0,
                "k": 100,
                "ix": 4
              },
              "w": {
                "a": 0,
                "k": 3.8,
                "ix": 5
              },
              "lc": 1,
              "lj": 1,
              "ml": 10,
              "bm": 0,
              "nm": "Stroke 1",
              "mn": "ADBE Vector Graphic - Stroke",
              "hd": false,
              "_render": true
            },
            {
              "ty": "tr",
              "p": {
                "a": 0,
                "k": [
                  540,
                  556.322
                ],
                "ix": 2
              },
              "a": {
                "a": 0,
                "k": [
                  0,
                  0
                ],
                "ix": 1
              },
              "s": {
                "a": 0,
                "k": [
                  100,
                  100
                ],
                "ix": 3
              },
              "r": {
                "a": 0,
                "k": 0,
                "ix": 6
              },
              "o": {
                "a": 0,
                "k": 100,
                "ix": 7
              },
              "sk": {
                "a": 0,
                "k": 0,
                "ix": 4
              },
              "sa": {
                "a": 0,
                "k": 0,
                "ix": 5
              },
              "nm": "Transform",
              "_render": true
            }
          ],
          "nm": "Group 1",
          "np": 2,
          "cix": 2,
          "bm": 0,
          "ix": 1,
          "mn": "ADBE Vector Group",
          "hd": false,
          "_render": true
        },
        {
          "ty": "gr",
          "it": [
            {
              "ind": 0,
              "ty": "sh",
              "ix": 1,
              "ks": {
                "a": 0,
                "k": {
                  "i": [
                    [
                      8.633,
                      -4.768
                    ],
                    [
                      4.768,
                      8.633
                    ],
                    [
                      -8.633,
                      4.768
                    ],
                    [
                      -4.768,
                      -8.633
                    ]
                  ],
                  "o": [
                    [
                      8.633,
                      4.768
                    ],
                    [
                      -4.768,
                      8.633
                    ],
                    [
                      -8.633,
                      -4.768
                    ],
                    [
                      4.768,
                      -8.633
                    ]
                  ],
                  "v": [
                    [
                      8.633,
                      0
                    ],
                    [
                      0,
                      8.633
                    ],
                    [
                      -8.633,
                      0
                    ],
                    [
                      0,
                      -8.633
                    ]
                  ],
                  "c": true
                },
                "ix": 2
              },
              "nm": "Path 1",
              "mn": "ADBE Vector Shape - Group",
              "hd": false,
              "_render": true
            },
            {
              "ty": "st",
              "c": {
                "a": 0,
                "k": [
                  0,
                  0,
                  0,
                  1
                ],
                "ix": 3
              },
              "o": {
                "a": 0,
                "k": 100,
                "ix": 4
              },
              "w": {
                "a": 0,
                "k": 3.8,
                "ix": 5
              },
              "lc": 1,
              "lj": 1,
              "ml": 10,
              "bm": 0,
              "nm": "Stroke 1",
              "mn": "ADBE Vector Graphic - Stroke",
              "hd": false,
              "_render": true
            },
            {
              "ty": "tr",
              "p": {
                "a": 0,
                "k": [
                  540,
                  528.936
                ],
                "ix": 2
              },
              "a": {
                "a": 0,
                "k": [
                  0,
                  0
                ],
                "ix": 1
              },
              "s": {
                "a": 0,
                "k": [
                  100,
                  100
                ],
                "ix": 3
              },
              "r": {
                "a": 0,
                "k": 0,
                "ix": 6
              },
              "o": {
                "a": 0,
                "k": 100,
                "ix": 7
              },
              "sk": {
                "a": 0,
                "k": 0,
                "ix": 4
              },
              "sa": {
                "a": 0,
                "k": 0,
                "ix": 5
              },
              "nm": "Transform",
              "_render": true
            }
          ],
          "nm": "Group 2",
          "np": 2,
          "cix": 2,
          "bm": 0,
          "ix": 2,
          "mn": "ADBE Vector Group",
          "hd": false,
          "_render": true
        },
        {
          "ty": "gr",
          "it": [
            {
              "ind": 0,
              "ty": "sh",
              "ix": 1,
              "ks": {
                "a": 0,
                "k": {
                  "i": [
                    [
                      18.499,
                      -2.341
                    ],
                    [
                      15.66,
                      4.100999999999999
                    ],
                    [
                      14.67,
                      11.491
                    ],
                    [
                      8.247,
                      13.941
                    ],
                    [
                      2.341,
                      18.499
                    ],
                    [
                      -4.100999999999999,
                      15.66
                    ],
                    [
                      -11.491,
                      14.67
                    ],
                    [
                      -13.941,
                      8.247
                    ],
                    [
                      -18.499,
                      2.341
                    ],
                    [
                      -15.66,
                      -4.100999999999999
                    ],
                    [
                      -14.67,
                      -11.491
                    ],
                    [
                      -8.247,
                      -13.941
                    ],
                    [
                      -2.341,
                      -18.499
                    ],
                    [
                      4.100999999999999,
                      -15.66
                    ],
                    [
                      11.491,
                      -14.67
                    ],
                    [
                      13.941,
                      -8.247
                    ]
                  ],
                  "o": [
                    [
                      18.499,
                      2.341
                    ],
                    [
                      13.941,
                      8.247
                    ],
                    [
                      11.49,
                      14.671
                    ],
                    [
                      4.100999999999999,
                      15.66
                    ],
                    [
                      -2.341,
                      18.499
                    ],
                    [
                      -8.247,
                      13.941
                    ],
                    [
                      -14.671,
                      11.49
                    ],
                    [
                      -15.66,
                      4.100999999999999
                    ],
                    [
                      -18.499,
                      -2.341
                    ],
                    [
                      -13.941,
                      -8.247
                    ],
                    [
                      -11.49,
                      -14.671
                    ],
                    [
                      -4.100999999999999,
                      -15.66
                    ],
                    [
                      2.341,
                      -18.499
                    ],
                    [
                      8.247,
                      -13.941
                    ],
                    [
                      14.671,
                      -11.49
                    ],
                    [
                      15.66,
                      -4.100999999999999
                    ]
                  ],
                  "v": [
                    [
                      18.499,
                      0
                    ],
                    [
                      14.816,
                      6.137
                    ],
                    [
                      13.08,
                      13.081
                    ],
                    [
                      6.137,
                      14.816
                    ],
                    [
                      0,
                      18.499
                    ],
                    [
                      -6.137,
                      14.816
                    ],
                    [
                      -13.081,
                      13.08
                    ],
                    [
                      -14.816,
                      6.137
                    ],
                    [
                      -18.499,
                      0
                    ],
                    [
                      -14.816,
                      -6.137
                    ],
                    [
                      -13.08,
                      -13.081
                    ],
                    [
                      -6.137,
                      -14.816
                    ],
                    [
                      0,
                      -18.499
                    ],
                    [
                      6.137,
                      -14.816
                    ],
                    [
                      13.081,
                      -13.08
                    ],
                    [
                      14.816,
                      -6.137
                    ]
                  ],
                  "c": true
                },
                "ix": 2
              },
              "nm": "Path 1",
              "mn": "ADBE Vector Shape - Group",
              "hd": false,
              "_render": true
            },
            {
              "ty": "st",
              "c": {
                "a": 0,
                "k": [
                  0,
                  0,
                  0,
                  1
                ],
                "ix": 3
              },
              "o": {
                "a": 0,
                "k": 100,
                "ix": 4
              },
              "w": {
                "a": 0,
                "k": 3.8,
                "ix": 5
              },
              "lc": 1,
              "lj": 1,
              "ml": 10,
              "bm": 0,
              "nm": "Stroke 1",
              "mn": "ADBE Vector Graphic - Stroke",
              "hd": false,
              "_render": true
            },
            {
              "ty": "tr",
              "p": {
                "a": 0,
                "k": [
                  540,
                  528.936
                ],
                "ix": 2
              },
              "a": {
                "a": 0,
                "k": [
                  0,
                  0
                ],
                "ix": 1
              },
              "s": {
                "a": 0,
                "k": [
                  100,
                  100
                ],
                "ix": 3
              },
              "r": {
                "a": 0,
                "k": 0,
                "ix": 6
              },
              "o": {
                "a": 0,
                "k": 100,
                "ix": 7
              },
              "sk": {
                "a": 0,
                "k": 0,
                "ix": 4
              },
              "sa": {
                "a": 0,
                "k": 0,
                "ix": 5
              },
              "nm": "Transform",
              "_render": true
            }
          ],
          "nm": "Group 3",
          "np": 2,
          "cix": 2,
          "bm": 0,
          "ix": 3,
          "mn": "ADBE Vector Group",
          "hd": false,
          "_render": true
        }
      ],
      "ip": 0,
      "op": 120,
      "st": 0,
      "ct": 1,
      "bm": 0,
      "completed": true
    }
  ],
  "markers": [],
  "__complete": true
}