{
  "v": "5.9.6",
  "fr": 60,
  "ip": 0,
  "op": 120,
  "w": 750,
  "h": 750,
  "nm": "Comp 1",
  "ddd": 0,
  "assets": [],
  "layers": [
    {
      "ddd": 0,
      "ind": 1,
      "ty": 4,
      "nm": "Layer 1",
      "sr": 1,
      "ks": {
        "o": {
          "a": 0,
          "k": 100,
          "ix": 11
        },
        "r": {
          "a": 0,
          "k": 0,
          "ix": 10
        },
        "p": {
          "a": 0,
          "k": [
            375,
            375,
            0
          ],
          "ix": 2,
          "l": 2
        },
        "a": {
          "a": 0,
          "k": [
            439.588,
            528.387,
            0
          ],
          "ix": 1,
          "l": 2
        },
        "s": {
          "a": 0,
          "k": [
            100,
            100,
            100
          ],
          "ix": 6,
          "l": 2
        }
      },
      "ao": 0,
      "shapes": [
        {
          "ty": "gr",
          "it": [
            {
              "ind": 0,
              "ty": "sh",
              "ix": 1,
              "ks": {
                "a": 1,
                "k": [
                  {
                    "i": {
                      "x": 0.34,
                      "y": 1
                    },
                    "o": {
                      "x": 0.66,
                      "y": 0
                    },
                    "t": 4,
                    "s": [
                      {
                        "i": [
                          [
                            82.572,
                            -78.051
                          ],
                          [
                            -3.249,
                            78.051
                          ],
                          [
                            -82.572,
                            78.051
                          ],
                          [
                            7.205,
                            -78.051
                          ]
                        ],
                        "o": [
                          [
                            82.572,
                            -78.051
                          ],
                          [
                            -3.249,
                            78.051
                          ],
                          [
                            -82.572,
                            78.051
                          ],
                          [
                            7.205,
                            -78.051
                          ]
                        ],
                        "v": [
                          [
                            82.572,
                            -78.051
                          ],
                          [
                            -3.249,
                            78.051
                          ],
                          [
                            -82.572,
                            78.051
                          ],
                          [
                            7.205,
                            -78.051
                          ]
                        ],
                        "c": true
                      }
                    ]
                  },
                  {
                    "i": {
                      "x": 0.34,
                      "y": 1
                    },
                    "o": {
                      "x": 0.66,
                      "y": 0
                    },
                    "t": 29,
                    "s": [
                      {
                        "i": [
                          [
                            82.572,
                            -78.051
                          ],
                          [
                            90.501,
                            21.801
                          ],
                          [
                            11.178,
                            21.801
                          ],
                          [
                            7.205,
                            -78.051
                          ]
                        ],
                        "o": [
                          [
                            82.572,
                            -78.051
                          ],
                          [
                            90.501,
                            21.801
                          ],
                          [
                            11.178,
                            21.801
                          ],
                          [
                            7.205,
                            -78.051
                          ]
                        ],
                        "v": [
                          [
                            82.572,
                            -78.051
                          ],
                          [
                            90.501,
                            21.801
                          ],
                          [
                            11.178,
                            21.801
                          ],
                          [
                            7.205,
                            -78.051
                          ]
                        ],
                        "c": true
                      }
                    ]
                  },
                  {
                    "t": 54,
                    "s": [
                      {
                        "i": [
                          [
                            82.572,
                            -78.051
                          ],
                          [
                            -3.249,
                            78.051
                          ],
                          [
                            -82.572,
                            78.051
                          ],
                          [
                            7.205,
                            -78.051
                          ]
                        ],
                        "o": [
                          [
                            82.572,
                            -78.051
                          ],
                          [
                            -3.249,
                            78.051
                          ],
                          [
                            -82.572,
                            78.051
                          ],
                          [
                            7.205,
                            -78.051
                          ]
                        ],
                        "v": [
                          [
                            82.572,
                            -78.051
                          ],
                          [
                            -3.249,
                            78.051
                          ],
                          [
                            -82.572,
                            78.051
                          ],
                          [
                            7.205,
                            -78.051
                          ]
                        ],
                        "c": true
                      }
                    ]
                  }
                ],
                "ix": 2
              },
              "nm": "Path 1",
              "mn": "ADBE Vector Shape - Group",
              "hd": false,
              "_render": true
            },
            {
              "ty": "st",
              "c": {
                "a": 0,
                "k": [
                  0,
                  0,
                  0,
                  1
                ],
                "ix": 3
              },
              "o": {
                "a": 0,
                "k": 100,
                "ix": 4
              },
              "w": {
                "a": 0,
                "k": 35,
                "ix": 5
              },
              "lc": 2,
              "lj": 2,
              "bm": 0,
              "nm": "Stroke 1",
              "mn": "ADBE Vector Graphic - Stroke",
              "hd": false,
              "_render": true
            },
            {
              "ty": "tr",
              "p": {
                "a": 0,
                "k": [
                  352.672,
                  682.224
                ],
                "ix": 2
              },
              "a": {
                "a": 0,
                "k": [
                  0,
                  0
                ],
                "ix": 1
              },
              "s": {
                "a": 0,
                "k": [
                  100,
                  100
                ],
                "ix": 3
              },
              "r": {
                "a": 0,
                "k": 0,
                "ix": 6
              },
              "o": {
                "a": 0,
                "k": 100,
                "ix": 7
              },
              "sk": {
                "a": 0,
                "k": 0,
                "ix": 4
              },
              "sa": {
                "a": 0,
                "k": 0,
                "ix": 5
              },
              "nm": "Transform",
              "_render": true
            }
          ],
          "nm": "Group 1",
          "np": 2,
          "cix": 2,
          "bm": 0,
          "ix": 1,
          "mn": "ADBE Vector Group",
          "hd": false,
          "_render": true
        },
        {
          "ty": "gr",
          "it": [
            {
              "ind": 0,
              "ty": "sh",
              "ix": 1,
              "ks": {
                "a": 1,
                "k": [
                  {
                    "i": {
                      "x": 0.34,
                      "y": 1
                    },
                    "o": {
                      "x": 0.66,
                      "y": 0
                    },
                    "t": 2,
                    "s": [
                      {
                        "i": [
                          [
                            72.542,
                            -98.346
                          ],
                          [
                            25.804,
                            -98.346
                          ],
                          [
                            -72.542,
                            -54.315
                          ],
                          [
                            -72.542,
                            0
                          ],
                          [
                            -28.511,
                            98.346
                          ],
                          [
                            72.542,
                            98.346
                          ]
                        ],
                        "o": [
                          [
                            72.542,
                            -98.346
                          ],
                          [
                            -28.511,
                            -98.346
                          ],
                          [
                            -72.542,
                            0
                          ],
                          [
                            -72.542,
                            54.315
                          ],
                          [
                            25.804,
                            98.346
                          ],
                          [
                            72.542,
                            98.346
                          ]
                        ],
                        "v": [
                          [
                            72.542,
                            -98.346
                          ],
                          [
                            25.804,
                            -98.346
                          ],
                          [
                            -72.542,
                            0
                          ],
                          [
                            -72.542,
                            0
                          ],
                          [
                            25.804,
                            98.346
                          ],
                          [
                            72.542,
                            98.346
                          ]
                        ],
                        "c": false
                      }
                    ]
                  },
                  {
                    "i": {
                      "x": 0.34,
                      "y": 1
                    },
                    "o": {
                      "x": 0.66,
                      "y": 0
                    },
                    "t": 27,
                    "s": [
                      {
                        "i": [
                          [
                            72.542,
                            -98.346
                          ],
                          [
                            60.179,
                            -101.471
                          ],
                          [
                            -38.167,
                            -57.44
                          ],
                          [
                            -38.167,
                            -3.125
                          ],
                          [
                            5.864000000000004,
                            95.221
                          ],
                          [
                            72.542,
                            98.346
                          ]
                        ],
                        "o": [
                          [
                            72.542,
                            -98.346
                          ],
                          [
                            5.864000000000004,
                            -101.471
                          ],
                          [
                            -38.167,
                            -3.125
                          ],
                          [
                            -38.167,
                            51.19
                          ],
                          [
                            60.179,
                            95.221
                          ],
                          [
                            72.542,
                            98.346
                          ]
                        ],
                        "v": [
                          [
                            72.542,
                            -98.346
                          ],
                          [
                            60.179,
                            -101.471
                          ],
                          [
                            -38.167,
                            -3.125
                          ],
                          [
                            -38.167,
                            -3.125
                          ],
                          [
                            60.179,
                            95.221
                          ],
                          [
                            72.542,
                            98.346
                          ]
                        ],
                        "c": false
                      }
                    ]
                  },
                  {
                    "t": 52,
                    "s": [
                      {
                        "i": [
                          [
                            72.542,
                            -98.346
                          ],
                          [
                            25.804,
                            -98.346
                          ],
                          [
                            -72.542,
                            -54.315
                          ],
                          [
                            -72.542,
                            0
                          ],
                          [
                            -28.511,
                            98.346
                          ],
                          [
                            72.542,
                            98.346
                          ]
                        ],
                        "o": [
                          [
                            72.542,
                            -98.346
                          ],
                          [
                            -28.511,
                            -98.346
                          ],
                          [
                            -72.542,
                            0
                          ],
                          [
                            -72.542,
                            54.315
                          ],
                          [
                            25.804,
                            98.346
                          ],
                          [
                            72.542,
                            98.346
                          ]
                        ],
                        "v": [
                          [
                            72.542,
                            -98.346
                          ],
                          [
                            25.804,
                            -98.346
                          ],
                          [
                            -72.542,
                            0
                          ],
                          [
                            -72.542,
                            0
                          ],
                          [
                            25.804,
                            98.346
                          ],
                          [
                            72.542,
                            98.346
                          ]
                        ],
                        "c": false
                      }
                    ]
                  }
                ],
                "ix": 2
              },
              "nm": "Path 1",
              "mn": "ADBE Vector Shape - Group",
              "hd": false,
              "_render": true
            },
            {
              "ty": "st",
              "c": {
                "a": 0,
                "k": [
                  0,
                  0,
                  0,
                  1
                ],
                "ix": 3
              },
              "o": {
                "a": 0,
                "k": 100,
                "ix": 4
              },
              "w": {
                "a": 0,
                "k": 35,
                "ix": 5
              },
              "lc": 2,
              "lj": 2,
              "bm": 0,
              "nm": "Stroke 1",
              "mn": "ADBE Vector Graphic - Stroke",
              "hd": false,
              "_render": true
            },
            {
              "ty": "tr",
              "p": {
                "a": 0,
                "k": [
                  292.492,
                  504.626
                ],
                "ix": 2
              },
              "a": {
                "a": 0,
                "k": [
                  0,
                  0
                ],
                "ix": 1
              },
              "s": {
                "a": 0,
                "k": [
                  100,
                  100
                ],
                "ix": 3
              },
              "r": {
                "a": 0,
                "k": 0,
                "ix": 6
              },
              "o": {
                "a": 0,
                "k": 100,
                "ix": 7
              },
              "sk": {
                "a": 0,
                "k": 0,
                "ix": 4
              },
              "sa": {
                "a": 0,
                "k": 0,
                "ix": 5
              },
              "nm": "Transform",
              "_render": true
            }
          ],
          "nm": "Group 2",
          "np": 2,
          "cix": 2,
          "bm": 0,
          "ix": 2,
          "mn": "ADBE Vector Group",
          "hd": false,
          "_render": true
        },
        {
          "ty": "gr",
          "it": [
            {
              "ind": 0,
              "ty": "sh",
              "ix": 1,
              "ks": {
                "a": 1,
                "k": [
                  {
                    "i": {
                      "x": 0.34,
                      "y": 1
                    },
                    "o": {
                      "x": 0.66,
                      "y": 0
                    },
                    "t": 0,
                    "s": [
                      {
                        "i": [
                          [
                            -147.097,
                            -87.404
                          ],
                          [
                            -147.097,
                            110.489
                          ],
                          [
                            -40.65,
                            110.489
                          ],
                          [
                            147.097,
                            197.183
                          ],
                          [
                            147.097,
                            -197.183
                          ],
                          [
                            -33.022,
                            -89.805
                          ]
                        ],
                        "o": [
                          [
                            -147.097,
                            -87.404
                          ],
                          [
                            -147.097,
                            110.489
                          ],
                          [
                            -40.65,
                            110.489
                          ],
                          [
                            147.097,
                            197.183
                          ],
                          [
                            147.097,
                            -197.183
                          ],
                          [
                            -33.022,
                            -89.805
                          ]
                        ],
                        "v": [
                          [
                            -147.097,
                            -87.404
                          ],
                          [
                            -147.097,
                            110.489
                          ],
                          [
                            -40.65,
                            110.489
                          ],
                          [
                            147.097,
                            197.183
                          ],
                          [
                            147.097,
                            -197.183
                          ],
                          [
                            -33.022,
                            -89.805
                          ]
                        ],
                        "c": true
                      }
                    ]
                  },
                  {
                    "i": {
                      "x": 0.34,
                      "y": 1
                    },
                    "o": {
                      "x": 0.66,
                      "y": 0
                    },
                    "t": 25,
                    "s": [
                      {
                        "i": [
                          [
                            -147.097,
                            -87.404
                          ],
                          [
                            -147.097,
                            110.489
                          ],
                          [
                            -40.65,
                            110.489
                          ],
                          [
                            78.347,
                            206.558
                          ],
                          [
                            78.347,
                            -187.808
                          ],
                          [
                            -33.022,
                            -89.805
                          ]
                        ],
                        "o": [
                          [
                            -147.097,
                            -87.404
                          ],
                          [
                            -147.097,
                            110.489
                          ],
                          [
                            -40.65,
                            110.489
                          ],
                          [
                            78.347,
                            206.558
                          ],
                          [
                            78.347,
                            -187.808
                          ],
                          [
                            -33.022,
                            -89.805
                          ]
                        ],
                        "v": [
                          [
                            -147.097,
                            -87.404
                          ],
                          [
                            -147.097,
                            110.489
                          ],
                          [
                            -40.65,
                            110.489
                          ],
                          [
                            78.347,
                            206.558
                          ],
                          [
                            78.347,
                            -187.808
                          ],
                          [
                            -33.022,
                            -89.805
                          ]
                        ],
                        "c": true
                      }
                    ]
                  },
                  {
                    "t": 50,
                    "s": [
                      {
                        "i": [
                          [
                            -147.097,
                            -87.404
                          ],
                          [
                            -147.097,
                            110.489
                          ],
                          [
                            -40.65,
                            110.489
                          ],
                          [
                            147.097,
                            197.183
                          ],
                          [
                            147.097,
                            -197.183
                          ],
                          [
                            -33.022,
                            -89.805
                          ]
                        ],
                        "o": [
                          [
                            -147.097,
                            -87.404
                          ],
                          [
                            -147.097,
                            110.489
                          ],
                          [
                            -40.65,
                            110.489
                          ],
                          [
                            147.097,
                            197.183
                          ],
                          [
                            147.097,
                            -197.183
                          ],
                          [
                            -33.022,
                            -89.805
                          ]
                        ],
                        "v": [
                          [
                            -147.097,
                            -87.404
                          ],
                          [
                            -147.097,
                            110.489
                          ],
                          [
                            -40.65,
                            110.489
                          ],
                          [
                            147.097,
                            197.183
                          ],
                          [
                            147.097,
                            -197.183
                          ],
                          [
                            -33.022,
                            -89.805
                          ]
                        ],
                        "c": true
                      }
                    ]
                  }
                ],
                "ix": 2
              },
              "nm": "Path 1",
              "mn": "ADBE Vector Shape - Group",
              "hd": false,
              "_render": true
            },
            {
              "ty": "st",
              "c": {
                "a": 0,
                "k": [
                  0,
                  0,
                  0,
                  1
                ],
                "ix": 3
              },
              "o": {
                "a": 0,
                "k": 100,
                "ix": 4
              },
              "w": {
                "a": 0,
                "k": 35,
                "ix": 5
              },
              "lc": 2,
              "lj": 2,
              "bm": 0,
              "nm": "Stroke 1",
              "mn": "ADBE Vector Graphic - Stroke",
              "hd": false,
              "_render": true
            },
            {
              "ty": "tr",
              "p": {
                "a": 0,
                "k": [
                  512.13,
                  493.683
                ],
                "ix": 2
              },
              "a": {
                "a": 0,
                "k": [
                  0,
                  0
                ],
                "ix": 1
              },
              "s": {
                "a": 0,
                "k": [
                  100,
                  100
                ],
                "ix": 3
              },
              "r": {
                "a": 0,
                "k": 0,
                "ix": 6
              },
              "o": {
                "a": 0,
                "k": 100,
                "ix": 7
              },
              "sk": {
                "a": 0,
                "k": 0,
                "ix": 4
              },
              "sa": {
                "a": 0,
                "k": 0,
                "ix": 5
              },
              "nm": "Transform",
              "_render": true
            }
          ],
          "nm": "Group 3",
          "np": 2,
          "cix": 2,
          "bm": 0,
          "ix": 3,
          "mn": "ADBE Vector Group",
          "hd": false,
          "_render": true
        }
      ],
      "ip": 0,
      "op": 120,
      "st": 0,
      "ct": 1,
      "bm": 0,
      "completed": true
    }
  ],
  "markers": [],
  "__complete": true
}