{
  "v": "5.9.6",
  "fr": 60,
  "ip": 0,
  "op": 120,
  "w": 750,
  "h": 750,
  "nm": "Comp 1",
  "ddd": 0,
  "assets": [],
  "layers": [
    {
      "ddd": 0,
      "ind": 1,
      "ty": 4,
      "nm": "Group 1",
      "sr": 1,
      "ks": {
        "o": {
          "a": 1,
          "k": [
            {
              "i": {
                "x": [
                  0.833
                ],
                "y": [
                  0.833
                ]
              },
              "o": {
                "x": [
                  0.167
                ],
                "y": [
                  0.167
                ]
              },
              "t": 7.555,
              "s": [
                100
              ]
            },
            {
              "i": {
                "x": [
                  0.833
                ],
                "y": [
                  0.833
                ]
              },
              "o": {
                "x": [
                  0.167
                ],
                "y": [
                  0.167
                ]
              },
              "t": 22.666,
              "s": [
                2
              ]
            },
            {
              "i": {
                "x": [
                  0.833
                ],
                "y": [
                  0.833
                ]
              },
              "o": {
                "x": [
                  0.167
                ],
                "y": [
                  0.167
                ]
              },
              "t": 37.777,
              "s": [
                100
              ]
            },
            {
              "i": {
                "x": [
                  0.833
                ],
                "y": [
                  0.833
                ]
              },
              "o": {
                "x": [
                  0.167
                ],
                "y": [
                  0.167
                ]
              },
              "t": 52.889,
              "s": [
                2
              ]
            },
            {
              "t": 68,
              "s": [
                100
              ]
            }
          ],
          "ix": 11
        },
        "r": {
          "a": 0,
          "k": 0,
          "ix": 10
        },
        "p": {
          "a": 0,
          "k": [
            459.5,
            550,
            0
          ],
          "ix": 2,
          "l": 2
        },
        "a": {
          "a": 0,
          "k": [
            569.986,
            697.207,
            0
          ],
          "ix": 1,
          "l": 2
        },
        "s": {
          "a": 0,
          "k": [
            100,
            100,
            100
          ],
          "ix": 6,
          "l": 2
        }
      },
      "ao": 0,
      "shapes": [
        {
          "ty": "gr",
          "it": [
            {
              "ind": 0,
              "ty": "sh",
              "ix": 1,
              "ks": {
                "a": 0,
                "k": {
                  "i": [
                    [
                      28.814,
                      39.88
                    ],
                    [
                      -15.164,
                      39.88
                    ],
                    [
                      -39.88,
                      28.814
                    ],
                    [
                      -39.88,
                      -15.164
                    ],
                    [
                      -28.814,
                      -39.88
                    ],
                    [
                      15.164,
                      -39.88
                    ],
                    [
                      39.88,
                      -28.814
                    ],
                    [
                      39.88,
                      15.164
                    ]
                  ],
                  "o": [
                    [
                      15.164,
                      39.88
                    ],
                    [
                      -28.814,
                      39.88
                    ],
                    [
                      -39.88,
                      15.164
                    ],
                    [
                      -39.88,
                      -28.814
                    ],
                    [
                      -15.164,
                      -39.88
                    ],
                    [
                      28.814,
                      -39.88
                    ],
                    [
                      39.88,
                      -15.164
                    ],
                    [
                      39.88,
                      28.814
                    ]
                  ],
                  "v": [
                    [
                      15.164,
                      39.88
                    ],
                    [
                      -15.164,
                      39.88
                    ],
                    [
                      -39.88,
                      15.164
                    ],
                    [
                      -39.88,
                      -15.164
                    ],
                    [
                      -15.164,
                      -39.88
                    ],
                    [
                      15.164,
                      -39.88
                    ],
                    [
                      39.88,
                      -15.164
                    ],
                    [
                      39.88,
                      15.164
                    ]
                  ],
                  "c": true
                },
                "ix": 2
              },
              "nm": "Path 1",
              "mn": "ADBE Vector Shape - Group",
              "hd": false,
              "_render": true
            },
            {
              "ty": "fl",
              "c": {
                "a": 0,
                "k": [
                  0,
                  0,
                  0,
                  1
                ],
                "ix": 4
              },
              "o": {
                "a": 0,
                "k": 100,
                "ix": 5
              },
              "r": 1,
              "bm": 0,
              "nm": "Fill 1",
              "mn": "ADBE Vector Graphic - Fill",
              "hd": false,
              "_render": true
            },
            {
              "ty": "tr",
              "p": {
                "a": 0,
                "k": [
                  569.986,
                  697.207
                ],
                "ix": 2
              },
              "a": {
                "a": 0,
                "k": [
                  0,
                  0
                ],
                "ix": 1
              },
              "s": {
                "a": 0,
                "k": [
                  100,
                  100
                ],
                "ix": 3
              },
              "r": {
                "a": 0,
                "k": 0,
                "ix": 6
              },
              "o": {
                "a": 0,
                "k": 100,
                "ix": 7
              },
              "sk": {
                "a": 0,
                "k": 0,
                "ix": 4
              },
              "sa": {
                "a": 0,
                "k": 0,
                "ix": 5
              },
              "nm": "Transform",
              "_render": true
            }
          ],
          "nm": "Group 1",
          "np": 2,
          "cix": 2,
          "bm": 0,
          "ix": 1,
          "mn": "ADBE Vector Group",
          "hd": false,
          "_render": true
        }
      ],
      "ip": 0,
      "op": 120,
      "st": 0,
      "ct": 1,
      "bm": 0,
      "completed": true
    },
    {
      "ddd": 0,
      "ind": 2,
      "ty": 4,
      "nm": "Group 2",
      "sr": 1,
      "ks": {
        "o": {
          "a": 1,
          "k": [
            {
              "i": {
                "x": [
                  0.833
                ],
                "y": [
                  0.833
                ]
              },
              "o": {
                "x": [
                  0.167
                ],
                "y": [
                  0.167
                ]
              },
              "t": 6.045,
              "s": [
                100
              ]
            },
            {
              "i": {
                "x": [
                  0.833
                ],
                "y": [
                  0.833
                ]
              },
              "o": {
                "x": [
                  0.167
                ],
                "y": [
                  0.167
                ]
              },
              "t": 21.156,
              "s": [
                2
              ]
            },
            {
              "i": {
                "x": [
                  0.833
                ],
                "y": [
                  0.833
                ]
              },
              "o": {
                "x": [
                  0.167
                ],
                "y": [
                  0.167
                ]
              },
              "t": 36.268,
              "s": [
                100
              ]
            },
            {
              "i": {
                "x": [
                  0.833
                ],
                "y": [
                  0.833
                ]
              },
              "o": {
                "x": [
                  0.167
                ],
                "y": [
                  0.167
                ]
              },
              "t": 51.377,
              "s": [
                2
              ]
            },
            {
              "t": 66.48828125,
              "s": [
                100
              ]
            }
          ],
          "ix": 11
        },
        "r": {
          "a": 0,
          "k": 0,
          "ix": 10
        },
        "p": {
          "a": 0,
          "k": [
            459.5,
            375,
            0
          ],
          "ix": 2,
          "l": 2
        },
        "a": {
          "a": 0,
          "k": [
            569.986,
            522.207,
            0
          ],
          "ix": 1,
          "l": 2
        },
        "s": {
          "a": 0,
          "k": [
            100,
            100,
            100
          ],
          "ix": 6,
          "l": 2
        }
      },
      "ao": 0,
      "shapes": [
        {
          "ty": "gr",
          "it": [
            {
              "ind": 0,
              "ty": "sh",
              "ix": 1,
              "ks": {
                "a": 0,
                "k": {
                  "i": [
                    [
                      28.814,
                      39.88
                    ],
                    [
                      -15.164,
                      39.88
                    ],
                    [
                      -39.88,
                      28.814
                    ],
                    [
                      -39.88,
                      -15.164
                    ],
                    [
                      -28.814,
                      -39.88
                    ],
                    [
                      15.164,
                      -39.88
                    ],
                    [
                      39.88,
                      -28.814
                    ],
                    [
                      39.88,
                      15.164
                    ]
                  ],
                  "o": [
                    [
                      15.164,
                      39.88
                    ],
                    [
                      -28.814,
                      39.88
                    ],
                    [
                      -39.88,
                      15.164
                    ],
                    [
                      -39.88,
                      -28.814
                    ],
                    [
                      -15.164,
                      -39.88
                    ],
                    [
                      28.814,
                      -39.88
                    ],
                    [
                      39.88,
                      -15.164
                    ],
                    [
                      39.88,
                      28.814
                    ]
                  ],
                  "v": [
                    [
                      15.164,
                      39.88
                    ],
                    [
                      -15.164,
                      39.88
                    ],
                    [
                      -39.88,
                      15.164
                    ],
                    [
                      -39.88,
                      -15.164
                    ],
                    [
                      -15.164,
                      -39.88
                    ],
                    [
                      15.164,
                      -39.88
                    ],
                    [
                      39.88,
                      -15.164
                    ],
                    [
                      39.88,
                      15.164
                    ]
                  ],
                  "c": true
                },
                "ix": 2
              },
              "nm": "Path 1",
              "mn": "ADBE Vector Shape - Group",
              "hd": false,
              "_render": true
            },
            {
              "ty": "fl",
              "c": {
                "a": 0,
                "k": [
                  0,
                  0,
                  0,
                  1
                ],
                "ix": 4
              },
              "o": {
                "a": 0,
                "k": 100,
                "ix": 5
              },
              "r": 1,
              "bm": 0,
              "nm": "Fill 1",
              "mn": "ADBE Vector Graphic - Fill",
              "hd": false,
              "_render": true
            },
            {
              "ty": "tr",
              "p": {
                "a": 0,
                "k": [
                  569.986,
                  522.207
                ],
                "ix": 2
              },
              "a": {
                "a": 0,
                "k": [
                  0,
                  0
                ],
                "ix": 1
              },
              "s": {
                "a": 0,
                "k": [
                  100,
                  100
                ],
                "ix": 3
              },
              "r": {
                "a": 0,
                "k": 0,
                "ix": 6
              },
              "o": {
                "a": 0,
                "k": 100,
                "ix": 7
              },
              "sk": {
                "a": 0,
                "k": 0,
                "ix": 4
              },
              "sa": {
                "a": 0,
                "k": 0,
                "ix": 5
              },
              "nm": "Transform",
              "_render": true
            }
          ],
          "nm": "Group 2",
          "np": 2,
          "cix": 2,
          "bm": 0,
          "ix": 1,
          "mn": "ADBE Vector Group",
          "hd": false,
          "_render": true
        }
      ],
      "ip": 0,
      "op": 120,
      "st": 0,
      "ct": 1,
      "bm": 0,
      "completed": true
    },
    {
      "ddd": 0,
      "ind": 3,
      "ty": 4,
      "nm": "Group 3",
      "sr": 1,
      "ks": {
        "o": {
          "a": 1,
          "k": [
            {
              "i": {
                "x": [
                  0.833
                ],
                "y": [
                  0.833
                ]
              },
              "o": {
                "x": [
                  0.167
                ],
                "y": [
                  0.167
                ]
              },
              "t": 4.533,
              "s": [
                100
              ]
            },
            {
              "i": {
                "x": [
                  0.833
                ],
                "y": [
                  0.833
                ]
              },
              "o": {
                "x": [
                  0.167
                ],
                "y": [
                  0.167
                ]
              },
              "t": 19.645,
              "s": [
                2
              ]
            },
            {
              "i": {
                "x": [
                  0.833
                ],
                "y": [
                  0.833
                ]
              },
              "o": {
                "x": [
                  0.167
                ],
                "y": [
                  0.167
                ]
              },
              "t": 34.756,
              "s": [
                100
              ]
            },
            {
              "i": {
                "x": [
                  0.833
                ],
                "y": [
                  0.833
                ]
              },
              "o": {
                "x": [
                  0.167
                ],
                "y": [
                  0.167
                ]
              },
              "t": 49.867,
              "s": [
                2
              ]
            },
            {
              "t": 64.978515625,
              "s": [
                100
              ]
            }
          ],
          "ix": 11
        },
        "r": {
          "a": 0,
          "k": 0,
          "ix": 10
        },
        "p": {
          "a": 0,
          "k": [
            459.5,
            200,
            0
          ],
          "ix": 2,
          "l": 2
        },
        "a": {
          "a": 0,
          "k": [
            569.986,
            347.207,
            0
          ],
          "ix": 1,
          "l": 2
        },
        "s": {
          "a": 0,
          "k": [
            100,
            100,
            100
          ],
          "ix": 6,
          "l": 2
        }
      },
      "ao": 0,
      "shapes": [
        {
          "ty": "gr",
          "it": [
            {
              "ind": 0,
              "ty": "sh",
              "ix": 1,
              "ks": {
                "a": 0,
                "k": {
                  "i": [
                    [
                      28.814,
                      39.88
                    ],
                    [
                      -15.164,
                      39.88
                    ],
                    [
                      -39.88,
                      28.814
                    ],
                    [
                      -39.88,
                      -15.164
                    ],
                    [
                      -28.814,
                      -39.88
                    ],
                    [
                      15.164,
                      -39.88
                    ],
                    [
                      39.88,
                      -28.814
                    ],
                    [
                      39.88,
                      15.164
                    ]
                  ],
                  "o": [
                    [
                      15.164,
                      39.88
                    ],
                    [
                      -28.814,
                      39.88
                    ],
                    [
                      -39.88,
                      15.164
                    ],
                    [
                      -39.88,
                      -28.814
                    ],
                    [
                      -15.164,
                      -39.88
                    ],
                    [
                      28.814,
                      -39.88
                    ],
                    [
                      39.88,
                      -15.164
                    ],
                    [
                      39.88,
                      28.814
                    ]
                  ],
                  "v": [
                    [
                      15.164,
                      39.88
                    ],
                    [
                      -15.164,
                      39.88
                    ],
                    [
                      -39.88,
                      15.164
                    ],
                    [
                      -39.88,
                      -15.164
                    ],
                    [
                      -15.164,
                      -39.88
                    ],
                    [
                      15.164,
                      -39.88
                    ],
                    [
                      39.88,
                      -15.164
                    ],
                    [
                      39.88,
                      15.164
                    ]
                  ],
                  "c": true
                },
                "ix": 2
              },
              "nm": "Path 1",
              "mn": "ADBE Vector Shape - Group",
              "hd": false,
              "_render": true
            },
            {
              "ty": "fl",
              "c": {
                "a": 0,
                "k": [
                  0,
                  0,
                  0,
                  1
                ],
                "ix": 4
              },
              "o": {
                "a": 0,
                "k": 100,
                "ix": 5
              },
              "r": 1,
              "bm": 0,
              "nm": "Fill 1",
              "mn": "ADBE Vector Graphic - Fill",
              "hd": false,
              "_render": true
            },
            {
              "ty": "tr",
              "p": {
                "a": 0,
                "k": [
                  569.986,
                  347.207
                ],
                "ix": 2
              },
              "a": {
                "a": 0,
                "k": [
                  0,
                  0
                ],
                "ix": 1
              },
              "s": {
                "a": 0,
                "k": [
                  100,
                  100
                ],
                "ix": 3
              },
              "r": {
                "a": 0,
                "k": 0,
                "ix": 6
              },
              "o": {
                "a": 0,
                "k": 100,
                "ix": 7
              },
              "sk": {
                "a": 0,
                "k": 0,
                "ix": 4
              },
              "sa": {
                "a": 0,
                "k": 0,
                "ix": 5
              },
              "nm": "Transform",
              "_render": true
            }
          ],
          "nm": "Group 3",
          "np": 2,
          "cix": 2,
          "bm": 0,
          "ix": 1,
          "mn": "ADBE Vector Group",
          "hd": false,
          "_render": true
        }
      ],
      "ip": 0,
      "op": 120,
      "st": 0,
      "ct": 1,
      "bm": 0,
      "completed": true
    },
    {
      "ddd": 0,
      "ind": 4,
      "ty": 4,
      "nm": "Group 4",
      "sr": 1,
      "ks": {
        "o": {
          "a": 1,
          "k": [
            {
              "i": {
                "x": [
                  0.833
                ],
                "y": [
                  0.833
                ]
              },
              "o": {
                "x": [
                  0.167
                ],
                "y": [
                  0.167
                ]
              },
              "t": 3.021,
              "s": [
                100
              ]
            },
            {
              "i": {
                "x": [
                  0.833
                ],
                "y": [
                  0.833
                ]
              },
              "o": {
                "x": [
                  0.167
                ],
                "y": [
                  0.167
                ]
              },
              "t": 18.133,
              "s": [
                2
              ]
            },
            {
              "i": {
                "x": [
                  0.833
                ],
                "y": [
                  0.833
                ]
              },
              "o": {
                "x": [
                  0.167
                ],
                "y": [
                  0.167
                ]
              },
              "t": 33.244,
              "s": [
                100
              ]
            },
            {
              "i": {
                "x": [
                  0.833
                ],
                "y": [
                  0.833
                ]
              },
              "o": {
                "x": [
                  0.167
                ],
                "y": [
                  0.167
                ]
              },
              "t": 48.355,
              "s": [
                2
              ]
            },
            {
              "t": 63.466796875,
              "s": [
                100
              ]
            }
          ],
          "ix": 11
        },
        "r": {
          "a": 0,
          "k": 0,
          "ix": 10
        },
        "p": {
          "a": 0,
          "k": [
            290.5,
            550,
            0
          ],
          "ix": 2,
          "l": 2
        },
        "a": {
          "a": 0,
          "k": [
            400.986,
            697.207,
            0
          ],
          "ix": 1,
          "l": 2
        },
        "s": {
          "a": 0,
          "k": [
            100,
            100,
            100
          ],
          "ix": 6,
          "l": 2
        }
      },
      "ao": 0,
      "shapes": [
        {
          "ty": "gr",
          "it": [
            {
              "ind": 0,
              "ty": "sh",
              "ix": 1,
              "ks": {
                "a": 0,
                "k": {
                  "i": [
                    [
                      28.814,
                      39.88
                    ],
                    [
                      -15.164,
                      39.88
                    ],
                    [
                      -39.88,
                      28.814
                    ],
                    [
                      -39.88,
                      -15.164
                    ],
                    [
                      -28.814,
                      -39.88
                    ],
                    [
                      15.164,
                      -39.88
                    ],
                    [
                      39.88,
                      -28.814
                    ],
                    [
                      39.88,
                      15.164
                    ]
                  ],
                  "o": [
                    [
                      15.164,
                      39.88
                    ],
                    [
                      -28.814,
                      39.88
                    ],
                    [
                      -39.88,
                      15.164
                    ],
                    [
                      -39.88,
                      -28.814
                    ],
                    [
                      -15.164,
                      -39.88
                    ],
                    [
                      28.814,
                      -39.88
                    ],
                    [
                      39.88,
                      -15.164
                    ],
                    [
                      39.88,
                      28.814
                    ]
                  ],
                  "v": [
                    [
                      15.164,
                      39.88
                    ],
                    [
                      -15.164,
                      39.88
                    ],
                    [
                      -39.88,
                      15.164
                    ],
                    [
                      -39.88,
                      -15.164
                    ],
                    [
                      -15.164,
                      -39.88
                    ],
                    [
                      15.164,
                      -39.88
                    ],
                    [
                      39.88,
                      -15.164
                    ],
                    [
                      39.88,
                      15.164
                    ]
                  ],
                  "c": true
                },
                "ix": 2
              },
              "nm": "Path 1",
              "mn": "ADBE Vector Shape - Group",
              "hd": false,
              "_render": true
            },
            {
              "ty": "fl",
              "c": {
                "a": 0,
                "k": [
                  0,
                  0,
                  0,
                  1
                ],
                "ix": 4
              },
              "o": {
                "a": 0,
                "k": 100,
                "ix": 5
              },
              "r": 1,
              "bm": 0,
              "nm": "Fill 1",
              "mn": "ADBE Vector Graphic - Fill",
              "hd": false,
              "_render": true
            },
            {
              "ty": "tr",
              "p": {
                "a": 0,
                "k": [
                  400.986,
                  697.207
                ],
                "ix": 2
              },
              "a": {
                "a": 0,
                "k": [
                  0,
                  0
                ],
                "ix": 1
              },
              "s": {
                "a": 0,
                "k": [
                  100,
                  100
                ],
                "ix": 3
              },
              "r": {
                "a": 0,
                "k": 0,
                "ix": 6
              },
              "o": {
                "a": 0,
                "k": 100,
                "ix": 7
              },
              "sk": {
                "a": 0,
                "k": 0,
                "ix": 4
              },
              "sa": {
                "a": 0,
                "k": 0,
                "ix": 5
              },
              "nm": "Transform",
              "_render": true
            }
          ],
          "nm": "Group 4",
          "np": 2,
          "cix": 2,
          "bm": 0,
          "ix": 1,
          "mn": "ADBE Vector Group",
          "hd": false,
          "_render": true
        }
      ],
      "ip": 0,
      "op": 120,
      "st": 0,
      "ct": 1,
      "bm": 0,
      "completed": true
    },
    {
      "ddd": 0,
      "ind": 5,
      "ty": 4,
      "nm": "Group 5",
      "sr": 1,
      "ks": {
        "o": {
          "a": 1,
          "k": [
            {
              "i": {
                "x": [
                  0.833
                ],
                "y": [
                  0.833
                ]
              },
              "o": {
                "x": [
                  0.167
                ],
                "y": [
                  0.167
                ]
              },
              "t": 1.512,
              "s": [
                100
              ]
            },
            {
              "i": {
                "x": [
                  0.833
                ],
                "y": [
                  0.833
                ]
              },
              "o": {
                "x": [
                  0.167
                ],
                "y": [
                  0.167
                ]
              },
              "t": 16.623,
              "s": [
                2
              ]
            },
            {
              "i": {
                "x": [
                  0.833
                ],
                "y": [
                  0.833
                ]
              },
              "o": {
                "x": [
                  0.167
                ],
                "y": [
                  0.167
                ]
              },
              "t": 31.732,
              "s": [
                100
              ]
            },
            {
              "i": {
                "x": [
                  0.833
                ],
                "y": [
                  0.833
                ]
              },
              "o": {
                "x": [
                  0.167
                ],
                "y": [
                  0.167
                ]
              },
              "t": 46.844,
              "s": [
                2
              ]
            },
            {
              "t": 61.955078125,
              "s": [
                100
              ]
            }
          ],
          "ix": 11
        },
        "r": {
          "a": 0,
          "k": 0,
          "ix": 10
        },
        "p": {
          "a": 0,
          "k": [
            290.5,
            375,
            0
          ],
          "ix": 2,
          "l": 2
        },
        "a": {
          "a": 0,
          "k": [
            400.986,
            522.207,
            0
          ],
          "ix": 1,
          "l": 2
        },
        "s": {
          "a": 0,
          "k": [
            100,
            100,
            100
          ],
          "ix": 6,
          "l": 2
        }
      },
      "ao": 0,
      "shapes": [
        {
          "ty": "gr",
          "it": [
            {
              "ind": 0,
              "ty": "sh",
              "ix": 1,
              "ks": {
                "a": 0,
                "k": {
                  "i": [
                    [
                      28.814,
                      39.88
                    ],
                    [
                      -15.164,
                      39.88
                    ],
                    [
                      -39.88,
                      28.814
                    ],
                    [
                      -39.88,
                      -15.164
                    ],
                    [
                      -28.814,
                      -39.88
                    ],
                    [
                      15.164,
                      -39.88
                    ],
                    [
                      39.88,
                      -28.814
                    ],
                    [
                      39.88,
                      15.164
                    ]
                  ],
                  "o": [
                    [
                      15.164,
                      39.88
                    ],
                    [
                      -28.814,
                      39.88
                    ],
                    [
                      -39.88,
                      15.164
                    ],
                    [
                      -39.88,
                      -28.814
                    ],
                    [
                      -15.164,
                      -39.88
                    ],
                    [
                      28.814,
                      -39.88
                    ],
                    [
                      39.88,
                      -15.164
                    ],
                    [
                      39.88,
                      28.814
                    ]
                  ],
                  "v": [
                    [
                      15.164,
                      39.88
                    ],
                    [
                      -15.164,
                      39.88
                    ],
                    [
                      -39.88,
                      15.164
                    ],
                    [
                      -39.88,
                      -15.164
                    ],
                    [
                      -15.164,
                      -39.88
                    ],
                    [
                      15.164,
                      -39.88
                    ],
                    [
                      39.88,
                      -15.164
                    ],
                    [
                      39.88,
                      15.164
                    ]
                  ],
                  "c": true
                },
                "ix": 2
              },
              "nm": "Path 1",
              "mn": "ADBE Vector Shape - Group",
              "hd": false,
              "_render": true
            },
            {
              "ty": "fl",
              "c": {
                "a": 0,
                "k": [
                  0,
                  0,
                  0,
                  1
                ],
                "ix": 4
              },
              "o": {
                "a": 0,
                "k": 100,
                "ix": 5
              },
              "r": 1,
              "bm": 0,
              "nm": "Fill 1",
              "mn": "ADBE Vector Graphic - Fill",
              "hd": false,
              "_render": true
            },
            {
              "ty": "tr",
              "p": {
                "a": 0,
                "k": [
                  400.986,
                  522.207
                ],
                "ix": 2
              },
              "a": {
                "a": 0,
                "k": [
                  0,
                  0
                ],
                "ix": 1
              },
              "s": {
                "a": 0,
                "k": [
                  100,
                  100
                ],
                "ix": 3
              },
              "r": {
                "a": 0,
                "k": 0,
                "ix": 6
              },
              "o": {
                "a": 0,
                "k": 100,
                "ix": 7
              },
              "sk": {
                "a": 0,
                "k": 0,
                "ix": 4
              },
              "sa": {
                "a": 0,
                "k": 0,
                "ix": 5
              },
              "nm": "Transform",
              "_render": true
            }
          ],
          "nm": "Group 5",
          "np": 2,
          "cix": 2,
          "bm": 0,
          "ix": 1,
          "mn": "ADBE Vector Group",
          "hd": false,
          "_render": true
        }
      ],
      "ip": 0,
      "op": 120,
      "st": 0,
      "ct": 1,
      "bm": 0,
      "completed": true
    },
    {
      "ddd": 0,
      "ind": 6,
      "ty": 4,
      "nm": "Group 6",
      "sr": 1,
      "ks": {
        "o": {
          "a": 1,
          "k": [
            {
              "i": {
                "x": [
                  0.833
                ],
                "y": [
                  0.833
                ]
              },
              "o": {
                "x": [
                  0.167
                ],
                "y": [
                  0.167
                ]
              },
              "t": 0,
              "s": [
                100
              ]
            },
            {
              "i": {
                "x": [
                  0.833
                ],
                "y": [
                  0.833
                ]
              },
              "o": {
                "x": [
                  0.167
                ],
                "y": [
                  0.167
                ]
              },
              "t": 15.111,
              "s": [
                2
              ]
            },
            {
              "i": {
                "x": [
                  0.833
                ],
                "y": [
                  0.833
                ]
              },
              "o": {
                "x": [
                  0.167
                ],
                "y": [
                  0.167
                ]
              },
              "t": 30.223,
              "s": [
                100
              ]
            },
            {
              "i": {
                "x": [
                  0.833
                ],
                "y": [
                  0.833
                ]
              },
              "o": {
                "x": [
                  0.167
                ],
                "y": [
                  0.167
                ]
              },
              "t": 45.334,
              "s": [
                2
              ]
            },
            {
              "t": 60.4453125,
              "s": [
                100
              ]
            }
          ],
          "ix": 11
        },
        "r": {
          "a": 0,
          "k": 0,
          "ix": 10
        },
        "p": {
          "a": 0,
          "k": [
            290.5,
            200,
            0
          ],
          "ix": 2,
          "l": 2
        },
        "a": {
          "a": 0,
          "k": [
            400.986,
            347.207,
            0
          ],
          "ix": 1,
          "l": 2
        },
        "s": {
          "a": 0,
          "k": [
            100,
            100,
            100
          ],
          "ix": 6,
          "l": 2
        }
      },
      "ao": 0,
      "shapes": [
        {
          "ty": "gr",
          "it": [
            {
              "ind": 0,
              "ty": "sh",
              "ix": 1,
              "ks": {
                "a": 0,
                "k": {
                  "i": [
                    [
                      28.814,
                      39.88
                    ],
                    [
                      -15.164,
                      39.88
                    ],
                    [
                      -39.88,
                      28.814
                    ],
                    [
                      -39.88,
                      -15.164
                    ],
                    [
                      -28.814,
                      -39.88
                    ],
                    [
                      15.164,
                      -39.88
                    ],
                    [
                      39.88,
                      -28.814
                    ],
                    [
                      39.88,
                      15.164
                    ]
                  ],
                  "o": [
                    [
                      15.164,
                      39.88
                    ],
                    [
                      -28.814,
                      39.88
                    ],
                    [
                      -39.88,
                      15.164
                    ],
                    [
                      -39.88,
                      -28.814
                    ],
                    [
                      -15.164,
                      -39.88
                    ],
                    [
                      28.814,
                      -39.88
                    ],
                    [
                      39.88,
                      -15.164
                    ],
                    [
                      39.88,
                      28.814
                    ]
                  ],
                  "v": [
                    [
                      15.164,
                      39.88
                    ],
                    [
                      -15.164,
                      39.88
                    ],
                    [
                      -39.88,
                      15.164
                    ],
                    [
                      -39.88,
                      -15.164
                    ],
                    [
                      -15.164,
                      -39.88
                    ],
                    [
                      15.164,
                      -39.88
                    ],
                    [
                      39.88,
                      -15.164
                    ],
                    [
                      39.88,
                      15.164
                    ]
                  ],
                  "c": true
                },
                "ix": 2
              },
              "nm": "Path 1",
              "mn": "ADBE Vector Shape - Group",
              "hd": false,
              "_render": true
            },
            {
              "ty": "fl",
              "c": {
                "a": 0,
                "k": [
                  0,
                  0,
                  0,
                  1
                ],
                "ix": 4
              },
              "o": {
                "a": 0,
                "k": 100,
                "ix": 5
              },
              "r": 1,
              "bm": 0,
              "nm": "Fill 1",
              "mn": "ADBE Vector Graphic - Fill",
              "hd": false,
              "_render": true
            },
            {
              "ty": "tr",
              "p": {
                "a": 0,
                "k": [
                  400.986,
                  347.207
                ],
                "ix": 2
              },
              "a": {
                "a": 0,
                "k": [
                  0,
                  0
                ],
                "ix": 1
              },
              "s": {
                "a": 0,
                "k": [
                  100,
                  100
                ],
                "ix": 3
              },
              "r": {
                "a": 0,
                "k": 0,
                "ix": 6
              },
              "o": {
                "a": 0,
                "k": 100,
                "ix": 7
              },
              "sk": {
                "a": 0,
                "k": 0,
                "ix": 4
              },
              "sa": {
                "a": 0,
                "k": 0,
                "ix": 5
              },
              "nm": "Transform",
              "_render": true
            }
          ],
          "nm": "Group 6",
          "np": 2,
          "cix": 2,
          "bm": 0,
          "ix": 1,
          "mn": "ADBE Vector Group",
          "hd": false,
          "_render": true
        }
      ],
      "ip": 0,
      "op": 120,
      "st": 0,
      "ct": 1,
      "bm": 0,
      "completed": true
    }
  ],
  "markers": [],
  "__complete": true
}