{
  "v": "5.9.6",
  "fr": 60,
  "ip": 0,
  "op": 120,
  "w": 750,
  "h": 750,
  "nm": "Comp 1",
  "ddd": 0,
  "assets": [],
  "layers": [
    {
      "ddd": 0,
      "ind": 1,
      "ty": 4,
      "nm": "Group 1",
      "sr": 1,
      "ks": {
        "o": {
          "a": 1,
          "k": [
            {
              "i": {
                "x": [
                  0.667
                ],
                "y": [
                  1
                ]
              },
              "o": {
                "x": [
                  0.333
                ],
                "y": [
                  0
                ]
              },
              "t": 7.273,
              "s": [
                100
              ]
            },
            {
              "i": {
                "x": [
                  0.667
                ],
                "y": [
                  1
                ]
              },
              "o": {
                "x": [
                  0.333
                ],
                "y": [
                  0
                ]
              },
              "t": 25.455,
              "s": [
                0
              ]
            },
            {
              "i": {
                "x": [
                  0.667
                ],
                "y": [
                  1
                ]
              },
              "o": {
                "x": [
                  0.333
                ],
                "y": [
                  0
                ]
              },
              "t": 43.635,
              "s": [
                100
              ]
            },
            {
              "i": {
                "x": [
                  0.667
                ],
                "y": [
                  1
                ]
              },
              "o": {
                "x": [
                  0.333
                ],
                "y": [
                  0
                ]
              },
              "t": 61.818,
              "s": [
                0
              ]
            },
            {
              "t": 80,
              "s": [
                100
              ]
            }
          ],
          "ix": 11
        },
        "r": {
          "a": 0,
          "k": 0,
          "ix": 10
        },
        "p": {
          "a": 0,
          "k": [
            375,
            550,
            0
          ],
          "ix": 2,
          "l": 2
        },
        "a": {
          "a": 0,
          "k": [
            506.986,
            697.207,
            0
          ],
          "ix": 1,
          "l": 2
        },
        "s": {
          "a": 0,
          "k": [
            100,
            100,
            100
          ],
          "ix": 6,
          "l": 2
        }
      },
      "ao": 0,
      "shapes": [
        {
          "ty": "gr",
          "it": [
            {
              "ind": 0,
              "ty": "sh",
              "ix": 1,
              "ks": {
                "a": 0,
                "k": {
                  "i": [
                    [
                      28.814,
                      39.88
                    ],
                    [
                      -15.164,
                      39.88
                    ],
                    [
                      -39.88,
                      28.814
                    ],
                    [
                      -39.88,
                      -15.164
                    ],
                    [
                      -28.814,
                      -39.88
                    ],
                    [
                      15.164,
                      -39.88
                    ],
                    [
                      39.88,
                      -28.814
                    ],
                    [
                      39.88,
                      15.164
                    ]
                  ],
                  "o": [
                    [
                      15.164,
                      39.88
                    ],
                    [
                      -28.814,
                      39.88
                    ],
                    [
                      -39.88,
                      15.164
                    ],
                    [
                      -39.88,
                      -28.814
                    ],
                    [
                      -15.164,
                      -39.88
                    ],
                    [
                      28.814,
                      -39.88
                    ],
                    [
                      39.88,
                      -15.164
                    ],
                    [
                      39.88,
                      28.814
                    ]
                  ],
                  "v": [
                    [
                      15.164,
                      39.88
                    ],
                    [
                      -15.164,
                      39.88
                    ],
                    [
                      -39.88,
                      15.164
                    ],
                    [
                      -39.88,
                      -15.164
                    ],
                    [
                      -15.164,
                      -39.88
                    ],
                    [
                      15.164,
                      -39.88
                    ],
                    [
                      39.88,
                      -15.164
                    ],
                    [
                      39.88,
                      15.164
                    ]
                  ],
                  "c": true
                },
                "ix": 2
              },
              "nm": "Path 1",
              "mn": "ADBE Vector Shape - Group",
              "hd": false,
              "_render": true
            },
            {
              "ty": "fl",
              "c": {
                "a": 0,
                "k": [
                  0,
                  0,
                  0,
                  1
                ],
                "ix": 4
              },
              "o": {
                "a": 0,
                "k": 100,
                "ix": 5
              },
              "r": 1,
              "bm": 0,
              "nm": "Fill 1",
              "mn": "ADBE Vector Graphic - Fill",
              "hd": false,
              "_render": true
            },
            {
              "ty": "tr",
              "p": {
                "a": 0,
                "k": [
                  506.986,
                  697.207
                ],
                "ix": 2
              },
              "a": {
                "a": 0,
                "k": [
                  0,
                  0
                ],
                "ix": 1
              },
              "s": {
                "a": 0,
                "k": [
                  100,
                  100
                ],
                "ix": 3
              },
              "r": {
                "a": 0,
                "k": 0,
                "ix": 6
              },
              "o": {
                "a": 0,
                "k": 100,
                "ix": 7
              },
              "sk": {
                "a": 0,
                "k": 0,
                "ix": 4
              },
              "sa": {
                "a": 0,
                "k": 0,
                "ix": 5
              },
              "nm": "Transform",
              "_render": true
            }
          ],
          "nm": "Group 1",
          "np": 2,
          "cix": 2,
          "bm": 0,
          "ix": 1,
          "mn": "ADBE Vector Group",
          "hd": false,
          "_render": true
        }
      ],
      "ip": 0,
      "op": 120,
      "st": 0,
      "ct": 1,
      "bm": 0,
      "completed": true
    },
    {
      "ddd": 0,
      "ind": 2,
      "ty": 4,
      "nm": "Group 2",
      "sr": 1,
      "ks": {
        "o": {
          "a": 1,
          "k": [
            {
              "i": {
                "x": [
                  0.667
                ],
                "y": [
                  1
                ]
              },
              "o": {
                "x": [
                  0.333
                ],
                "y": [
                  0
                ]
              },
              "t": 3.635,
              "s": [
                100
              ]
            },
            {
              "i": {
                "x": [
                  0.667
                ],
                "y": [
                  1
                ]
              },
              "o": {
                "x": [
                  0.333
                ],
                "y": [
                  0
                ]
              },
              "t": 21.818,
              "s": [
                0
              ]
            },
            {
              "i": {
                "x": [
                  0.667
                ],
                "y": [
                  1
                ]
              },
              "o": {
                "x": [
                  0.333
                ],
                "y": [
                  0
                ]
              },
              "t": 40,
              "s": [
                100
              ]
            },
            {
              "i": {
                "x": [
                  0.667
                ],
                "y": [
                  1
                ]
              },
              "o": {
                "x": [
                  0.333
                ],
                "y": [
                  0
                ]
              },
              "t": 58.182,
              "s": [
                0
              ]
            },
            {
              "t": 76.365234375,
              "s": [
                100
              ]
            }
          ],
          "ix": 11
        },
        "r": {
          "a": 0,
          "k": 0,
          "ix": 10
        },
        "p": {
          "a": 0,
          "k": [
            375,
            375,
            0
          ],
          "ix": 2,
          "l": 2
        },
        "a": {
          "a": 0,
          "k": [
            506.986,
            522.207,
            0
          ],
          "ix": 1,
          "l": 2
        },
        "s": {
          "a": 0,
          "k": [
            100,
            100,
            100
          ],
          "ix": 6,
          "l": 2
        }
      },
      "ao": 0,
      "shapes": [
        {
          "ty": "gr",
          "it": [
            {
              "ind": 0,
              "ty": "sh",
              "ix": 1,
              "ks": {
                "a": 0,
                "k": {
                  "i": [
                    [
                      28.814,
                      39.88
                    ],
                    [
                      -15.164,
                      39.88
                    ],
                    [
                      -39.88,
                      28.814
                    ],
                    [
                      -39.88,
                      -15.164
                    ],
                    [
                      -28.814,
                      -39.88
                    ],
                    [
                      15.164,
                      -39.88
                    ],
                    [
                      39.88,
                      -28.814
                    ],
                    [
                      39.88,
                      15.164
                    ]
                  ],
                  "o": [
                    [
                      15.164,
                      39.88
                    ],
                    [
                      -28.814,
                      39.88
                    ],
                    [
                      -39.88,
                      15.164
                    ],
                    [
                      -39.88,
                      -28.814
                    ],
                    [
                      -15.164,
                      -39.88
                    ],
                    [
                      28.814,
                      -39.88
                    ],
                    [
                      39.88,
                      -15.164
                    ],
                    [
                      39.88,
                      28.814
                    ]
                  ],
                  "v": [
                    [
                      15.164,
                      39.88
                    ],
                    [
                      -15.164,
                      39.88
                    ],
                    [
                      -39.88,
                      15.164
                    ],
                    [
                      -39.88,
                      -15.164
                    ],
                    [
                      -15.164,
                      -39.88
                    ],
                    [
                      15.164,
                      -39.88
                    ],
                    [
                      39.88,
                      -15.164
                    ],
                    [
                      39.88,
                      15.164
                    ]
                  ],
                  "c": true
                },
                "ix": 2
              },
              "nm": "Path 1",
              "mn": "ADBE Vector Shape - Group",
              "hd": false,
              "_render": true
            },
            {
              "ty": "fl",
              "c": {
                "a": 0,
                "k": [
                  0,
                  0,
                  0,
                  1
                ],
                "ix": 4
              },
              "o": {
                "a": 0,
                "k": 100,
                "ix": 5
              },
              "r": 1,
              "bm": 0,
              "nm": "Fill 1",
              "mn": "ADBE Vector Graphic - Fill",
              "hd": false,
              "_render": true
            },
            {
              "ty": "tr",
              "p": {
                "a": 0,
                "k": [
                  506.986,
                  522.207
                ],
                "ix": 2
              },
              "a": {
                "a": 0,
                "k": [
                  0,
                  0
                ],
                "ix": 1
              },
              "s": {
                "a": 0,
                "k": [
                  100,
                  100
                ],
                "ix": 3
              },
              "r": {
                "a": 0,
                "k": 0,
                "ix": 6
              },
              "o": {
                "a": 0,
                "k": 100,
                "ix": 7
              },
              "sk": {
                "a": 0,
                "k": 0,
                "ix": 4
              },
              "sa": {
                "a": 0,
                "k": 0,
                "ix": 5
              },
              "nm": "Transform",
              "_render": true
            }
          ],
          "nm": "Group 2",
          "np": 2,
          "cix": 2,
          "bm": 0,
          "ix": 1,
          "mn": "ADBE Vector Group",
          "hd": false,
          "_render": true
        }
      ],
      "ip": 0,
      "op": 120,
      "st": 0,
      "ct": 1,
      "bm": 0,
      "completed": true
    },
    {
      "ddd": 0,
      "ind": 3,
      "ty": 4,
      "nm": "Group 3",
      "sr": 1,
      "ks": {
        "o": {
          "a": 1,
          "k": [
            {
              "i": {
                "x": [
                  0.667
                ],
                "y": [
                  1
                ]
              },
              "o": {
                "x": [
                  0.333
                ],
                "y": [
                  0
                ]
              },
              "t": 0,
              "s": [
                100
              ]
            },
            {
              "i": {
                "x": [
                  0.667
                ],
                "y": [
                  1
                ]
              },
              "o": {
                "x": [
                  0.333
                ],
                "y": [
                  0
                ]
              },
              "t": 18.182,
              "s": [
                0
              ]
            },
            {
              "i": {
                "x": [
                  0.667
                ],
                "y": [
                  1
                ]
              },
              "o": {
                "x": [
                  0.333
                ],
                "y": [
                  0
                ]
              },
              "t": 36.365,
              "s": [
                100
              ]
            },
            {
              "i": {
                "x": [
                  0.667
                ],
                "y": [
                  1
                ]
              },
              "o": {
                "x": [
                  0.333
                ],
                "y": [
                  0
                ]
              },
              "t": 54.547,
              "s": [
                0
              ]
            },
            {
              "t": 72.7265625,
              "s": [
                100
              ]
            }
          ],
          "ix": 11
        },
        "r": {
          "a": 0,
          "k": 0,
          "ix": 10
        },
        "p": {
          "a": 0,
          "k": [
            375,
            200,
            0
          ],
          "ix": 2,
          "l": 2
        },
        "a": {
          "a": 0,
          "k": [
            506.986,
            347.207,
            0
          ],
          "ix": 1,
          "l": 2
        },
        "s": {
          "a": 0,
          "k": [
            100,
            100,
            100
          ],
          "ix": 6,
          "l": 2
        }
      },
      "ao": 0,
      "shapes": [
        {
          "ty": "gr",
          "it": [
            {
              "ind": 0,
              "ty": "sh",
              "ix": 1,
              "ks": {
                "a": 0,
                "k": {
                  "i": [
                    [
                      28.814,
                      39.88
                    ],
                    [
                      -15.164,
                      39.88
                    ],
                    [
                      -39.88,
                      28.814
                    ],
                    [
                      -39.88,
                      -15.164
                    ],
                    [
                      -28.814,
                      -39.88
                    ],
                    [
                      15.164,
                      -39.88
                    ],
                    [
                      39.88,
                      -28.814
                    ],
                    [
                      39.88,
                      15.164
                    ]
                  ],
                  "o": [
                    [
                      15.164,
                      39.88
                    ],
                    [
                      -28.814,
                      39.88
                    ],
                    [
                      -39.88,
                      15.164
                    ],
                    [
                      -39.88,
                      -28.814
                    ],
                    [
                      -15.164,
                      -39.88
                    ],
                    [
                      28.814,
                      -39.88
                    ],
                    [
                      39.88,
                      -15.164
                    ],
                    [
                      39.88,
                      28.814
                    ]
                  ],
                  "v": [
                    [
                      15.164,
                      39.88
                    ],
                    [
                      -15.164,
                      39.88
                    ],
                    [
                      -39.88,
                      15.164
                    ],
                    [
                      -39.88,
                      -15.164
                    ],
                    [
                      -15.164,
                      -39.88
                    ],
                    [
                      15.164,
                      -39.88
                    ],
                    [
                      39.88,
                      -15.164
                    ],
                    [
                      39.88,
                      15.164
                    ]
                  ],
                  "c": true
                },
                "ix": 2
              },
              "nm": "Path 1",
              "mn": "ADBE Vector Shape - Group",
              "hd": false,
              "_render": true
            },
            {
              "ty": "fl",
              "c": {
                "a": 0,
                "k": [
                  0,
                  0,
                  0,
                  1
                ],
                "ix": 4
              },
              "o": {
                "a": 0,
                "k": 100,
                "ix": 5
              },
              "r": 1,
              "bm": 0,
              "nm": "Fill 1",
              "mn": "ADBE Vector Graphic - Fill",
              "hd": false,
              "_render": true
            },
            {
              "ty": "tr",
              "p": {
                "a": 0,
                "k": [
                  506.986,
                  347.207
                ],
                "ix": 2
              },
              "a": {
                "a": 0,
                "k": [
                  0,
                  0
                ],
                "ix": 1
              },
              "s": {
                "a": 0,
                "k": [
                  100,
                  100
                ],
                "ix": 3
              },
              "r": {
                "a": 0,
                "k": 0,
                "ix": 6
              },
              "o": {
                "a": 0,
                "k": 100,
                "ix": 7
              },
              "sk": {
                "a": 0,
                "k": 0,
                "ix": 4
              },
              "sa": {
                "a": 0,
                "k": 0,
                "ix": 5
              },
              "nm": "Transform",
              "_render": true
            }
          ],
          "nm": "Group 3",
          "np": 2,
          "cix": 2,
          "bm": 0,
          "ix": 1,
          "mn": "ADBE Vector Group",
          "hd": false,
          "_render": true
        }
      ],
      "ip": 0,
      "op": 120,
      "st": 0,
      "ct": 1,
      "bm": 0,
      "completed": true
    }
  ],
  "markers": [],
  "__complete": true
}