{
  "v": "5.9.6",
  "fr": 60,
  "ip": 0,
  "op": 120,
  "w": 750,
  "h": 750,
  "nm": "Comp 1",
  "ddd": 0,
  "assets": [],
  "layers": [
    {
      "ddd": 0,
      "ind": 1,
      "ty": 4,
      "nm": "Group 1",
      "sr": 1,
      "ks": {
        "o": {
          "a": 1,
          "k": [
            {
              "i": {
                "x": [
                  0.33
                ],
                "y": [
                  1
                ]
              },
              "o": {
                "x": [
                  0.67
                ],
                "y": [
                  0
                ]
              },
              "t": 12.012,
              "s": [
                100
              ]
            },
            {
              "i": {
                "x": [
                  0.33
                ],
                "y": [
                  1
                ]
              },
              "o": {
                "x": [
                  0.67
                ],
                "y": [
                  0
                ]
              },
              "t": 32.031,
              "s": [
                0
              ]
            },
            {
              "i": {
                "x": [
                  0.33
                ],
                "y": [
                  1
                ]
              },
              "o": {
                "x": [
                  0.67
                ],
                "y": [
                  0
                ]
              },
              "t": 52.053,
              "s": [
                100
              ]
            },
            {
              "i": {
                "x": [
                  0.33
                ],
                "y": [
                  1
                ]
              },
              "o": {
                "x": [
                  0.67
                ],
                "y": [
                  0
                ]
              },
              "t": 72.072,
              "s": [
                0
              ]
            },
            {
              "t": 92.091796875,
              "s": [
                100
              ]
            }
          ],
          "ix": 11
        },
        "r": {
          "a": 0,
          "k": 0,
          "ix": 10
        },
        "p": {
          "a": 0,
          "k": [
            569.522,
            375,
            0
          ],
          "ix": 2,
          "l": 2
        },
        "a": {
          "a": 0,
          "k": [
            751.381,
            502.782,
            0
          ],
          "ix": 1,
          "l": 2
        },
        "s": {
          "a": 0,
          "k": [
            100,
            100,
            100
          ],
          "ix": 6,
          "l": 2
        }
      },
      "ao": 0,
      "shapes": [
        {
          "ty": "gr",
          "it": [
            {
              "ind": 0,
              "ty": "sh",
              "ix": 1,
              "ks": {
                "a": 0,
                "k": {
                  "i": [
                    [
                      34.919,
                      -19.285
                    ],
                    [
                      34.919,
                      0
                    ],
                    [
                      19.285,
                      34.919
                    ],
                    [
                      0,
                      34.919
                    ],
                    [
                      -34.919,
                      19.285
                    ],
                    [
                      -34.919,
                      0
                    ],
                    [
                      -19.285,
                      -34.919
                    ],
                    [
                      0,
                      -34.919
                    ]
                  ],
                  "o": [
                    [
                      34.919,
                      0
                    ],
                    [
                      34.919,
                      19.285
                    ],
                    [
                      0,
                      34.919
                    ],
                    [
                      -19.285,
                      34.919
                    ],
                    [
                      -34.919,
                      0
                    ],
                    [
                      -34.919,
                      -19.285
                    ],
                    [
                      0,
                      -34.919
                    ],
                    [
                      19.285,
                      -34.919
                    ]
                  ],
                  "v": [
                    [
                      34.919,
                      0
                    ],
                    [
                      34.919,
                      0
                    ],
                    [
                      0,
                      34.919
                    ],
                    [
                      0,
                      34.919
                    ],
                    [
                      -34.919,
                      0
                    ],
                    [
                      -34.919,
                      0
                    ],
                    [
                      0,
                      -34.919
                    ],
                    [
                      0,
                      -34.919
                    ]
                  ],
                  "c": true
                },
                "ix": 2
              },
              "nm": "Path 1",
              "mn": "ADBE Vector Shape - Group",
              "hd": false,
              "_render": true
            },
            {
              "ty": "st",
              "c": {
                "a": 0,
                "k": [
                  0,
                  0,
                  0,
                  1
                ],
                "ix": 3
              },
              "o": {
                "a": 0,
                "k": 100,
                "ix": 4
              },
              "w": {
                "a": 0,
                "k": 35,
                "ix": 5
              },
              "lc": 2,
              "lj": 2,
              "bm": 0,
              "nm": "Stroke 1",
              "mn": "ADBE Vector Graphic - Stroke",
              "hd": false,
              "_render": true
            },
            {
              "ty": "tr",
              "p": {
                "a": 0,
                "k": [
                  751.381,
                  502.782
                ],
                "ix": 2
              },
              "a": {
                "a": 0,
                "k": [
                  0,
                  0
                ],
                "ix": 1
              },
              "s": {
                "a": 0,
                "k": [
                  100,
                  100
                ],
                "ix": 3
              },
              "r": {
                "a": 0,
                "k": 0,
                "ix": 6
              },
              "o": {
                "a": 0,
                "k": 100,
                "ix": 7
              },
              "sk": {
                "a": 0,
                "k": 0,
                "ix": 4
              },
              "sa": {
                "a": 0,
                "k": 0,
                "ix": 5
              },
              "nm": "Transform",
              "_render": true
            }
          ],
          "nm": "Group 1",
          "np": 2,
          "cix": 2,
          "bm": 0,
          "ix": 1,
          "mn": "ADBE Vector Group",
          "hd": false,
          "_render": true
        }
      ],
      "ip": 0,
      "op": 120.12012012012,
      "st": 0,
      "ct": 1,
      "bm": 0,
      "completed": true
    },
    {
      "ddd": 0,
      "ind": 2,
      "ty": 4,
      "nm": "Group 2",
      "sr": 1,
      "ks": {
        "o": {
          "a": 1,
          "k": [
            {
              "i": {
                "x": [
                  0.33
                ],
                "y": [
                  1
                ]
              },
              "o": {
                "x": [
                  0.67
                ],
                "y": [
                  0
                ]
              },
              "t": 6.006,
              "s": [
                100
              ]
            },
            {
              "i": {
                "x": [
                  0.33
                ],
                "y": [
                  1
                ]
              },
              "o": {
                "x": [
                  0.67
                ],
                "y": [
                  0
                ]
              },
              "t": 26.025,
              "s": [
                0
              ]
            },
            {
              "i": {
                "x": [
                  0.33
                ],
                "y": [
                  1
                ]
              },
              "o": {
                "x": [
                  0.67
                ],
                "y": [
                  0
                ]
              },
              "t": 46.047,
              "s": [
                100
              ]
            },
            {
              "i": {
                "x": [
                  0.33
                ],
                "y": [
                  1
                ]
              },
              "o": {
                "x": [
                  0.67
                ],
                "y": [
                  0
                ]
              },
              "t": 66.066,
              "s": [
                0
              ]
            },
            {
              "t": 86.0859375,
              "s": [
                100
              ]
            }
          ],
          "ix": 11
        },
        "r": {
          "a": 0,
          "k": 0,
          "ix": 10
        },
        "p": {
          "a": 0,
          "k": [
            375,
            375,
            0
          ],
          "ix": 2,
          "l": 2
        },
        "a": {
          "a": 0,
          "k": [
            556.859,
            502.782,
            0
          ],
          "ix": 1,
          "l": 2
        },
        "s": {
          "a": 0,
          "k": [
            100,
            100,
            100
          ],
          "ix": 6,
          "l": 2
        }
      },
      "ao": 0,
      "shapes": [
        {
          "ty": "gr",
          "it": [
            {
              "ind": 0,
              "ty": "sh",
              "ix": 1,
              "ks": {
                "a": 0,
                "k": {
                  "i": [
                    [
                      34.919,
                      -19.285
                    ],
                    [
                      34.919,
                      0
                    ],
                    [
                      19.285,
                      34.919
                    ],
                    [
                      0,
                      34.919
                    ],
                    [
                      -34.919,
                      19.285
                    ],
                    [
                      -34.919,
                      0
                    ],
                    [
                      -19.285,
                      -34.919
                    ],
                    [
                      0,
                      -34.919
                    ]
                  ],
                  "o": [
                    [
                      34.919,
                      0
                    ],
                    [
                      34.919,
                      19.285
                    ],
                    [
                      0,
                      34.919
                    ],
                    [
                      -19.285,
                      34.919
                    ],
                    [
                      -34.919,
                      0
                    ],
                    [
                      -34.919,
                      -19.285
                    ],
                    [
                      0,
                      -34.919
                    ],
                    [
                      19.285,
                      -34.919
                    ]
                  ],
                  "v": [
                    [
                      34.919,
                      0
                    ],
                    [
                      34.919,
                      0
                    ],
                    [
                      0,
                      34.919
                    ],
                    [
                      0,
                      34.919
                    ],
                    [
                      -34.919,
                      0
                    ],
                    [
                      -34.919,
                      0
                    ],
                    [
                      0,
                      -34.919
                    ],
                    [
                      0,
                      -34.919
                    ]
                  ],
                  "c": true
                },
                "ix": 2
              },
              "nm": "Path 1",
              "mn": "ADBE Vector Shape - Group",
              "hd": false,
              "_render": true
            },
            {
              "ty": "st",
              "c": {
                "a": 0,
                "k": [
                  0,
                  0,
                  0,
                  1
                ],
                "ix": 3
              },
              "o": {
                "a": 0,
                "k": 100,
                "ix": 4
              },
              "w": {
                "a": 0,
                "k": 35,
                "ix": 5
              },
              "lc": 2,
              "lj": 2,
              "bm": 0,
              "nm": "Stroke 1",
              "mn": "ADBE Vector Graphic - Stroke",
              "hd": false,
              "_render": true
            },
            {
              "ty": "tr",
              "p": {
                "a": 0,
                "k": [
                  556.859,
                  502.782
                ],
                "ix": 2
              },
              "a": {
                "a": 0,
                "k": [
                  0,
                  0
                ],
                "ix": 1
              },
              "s": {
                "a": 0,
                "k": [
                  100,
                  100
                ],
                "ix": 3
              },
              "r": {
                "a": 0,
                "k": 0,
                "ix": 6
              },
              "o": {
                "a": 0,
                "k": 100,
                "ix": 7
              },
              "sk": {
                "a": 0,
                "k": 0,
                "ix": 4
              },
              "sa": {
                "a": 0,
                "k": 0,
                "ix": 5
              },
              "nm": "Transform",
              "_render": true
            }
          ],
          "nm": "Group 2",
          "np": 2,
          "cix": 2,
          "bm": 0,
          "ix": 1,
          "mn": "ADBE Vector Group",
          "hd": false,
          "_render": true
        }
      ],
      "ip": 0,
      "op": 120.12012012012,
      "st": 0,
      "ct": 1,
      "bm": 0,
      "completed": true
    },
    {
      "ddd": 0,
      "ind": 3,
      "ty": 4,
      "nm": "Group 3",
      "sr": 1,
      "ks": {
        "o": {
          "a": 1,
          "k": [
            {
              "i": {
                "x": [
                  0.33
                ],
                "y": [
                  1
                ]
              },
              "o": {
                "x": [
                  0.67
                ],
                "y": [
                  0
                ]
              },
              "t": 0,
              "s": [
                100
              ]
            },
            {
              "i": {
                "x": [
                  0.33
                ],
                "y": [
                  1
                ]
              },
              "o": {
                "x": [
                  0.67
                ],
                "y": [
                  0
                ]
              },
              "t": 20.02,
              "s": [
                0
              ]
            },
            {
              "i": {
                "x": [
                  0.33
                ],
                "y": [
                  1
                ]
              },
              "o": {
                "x": [
                  0.67
                ],
                "y": [
                  0
                ]
              },
              "t": 40.041,
              "s": [
                100
              ]
            },
            {
              "i": {
                "x": [
                  0.33
                ],
                "y": [
                  1
                ]
              },
              "o": {
                "x": [
                  0.67
                ],
                "y": [
                  0
                ]
              },
              "t": 60.061,
              "s": [
                0
              ]
            },
            {
              "t": 80.080078125,
              "s": [
                100
              ]
            }
          ],
          "ix": 11
        },
        "r": {
          "a": 0,
          "k": 0,
          "ix": 10
        },
        "p": {
          "a": 0,
          "k": [
            180.478,
            375,
            0
          ],
          "ix": 2,
          "l": 2
        },
        "a": {
          "a": 0,
          "k": [
            362.337,
            502.782,
            0
          ],
          "ix": 1,
          "l": 2
        },
        "s": {
          "a": 0,
          "k": [
            100,
            100,
            100
          ],
          "ix": 6,
          "l": 2
        }
      },
      "ao": 0,
      "shapes": [
        {
          "ty": "gr",
          "it": [
            {
              "ind": 0,
              "ty": "sh",
              "ix": 1,
              "ks": {
                "a": 0,
                "k": {
                  "i": [
                    [
                      34.919,
                      -19.285
                    ],
                    [
                      34.919,
                      0
                    ],
                    [
                      19.285,
                      34.919
                    ],
                    [
                      0,
                      34.919
                    ],
                    [
                      -34.919,
                      19.285
                    ],
                    [
                      -34.919,
                      0
                    ],
                    [
                      -19.285,
                      -34.919
                    ],
                    [
                      0,
                      -34.919
                    ]
                  ],
                  "o": [
                    [
                      34.919,
                      0
                    ],
                    [
                      34.919,
                      19.285
                    ],
                    [
                      0,
                      34.919
                    ],
                    [
                      -19.285,
                      34.919
                    ],
                    [
                      -34.919,
                      0
                    ],
                    [
                      -34.919,
                      -19.285
                    ],
                    [
                      0,
                      -34.919
                    ],
                    [
                      19.285,
                      -34.919
                    ]
                  ],
                  "v": [
                    [
                      34.919,
                      0
                    ],
                    [
                      34.919,
                      0
                    ],
                    [
                      0,
                      34.919
                    ],
                    [
                      0,
                      34.919
                    ],
                    [
                      -34.919,
                      0
                    ],
                    [
                      -34.919,
                      0
                    ],
                    [
                      0,
                      -34.919
                    ],
                    [
                      0,
                      -34.919
                    ]
                  ],
                  "c": true
                },
                "ix": 2
              },
              "nm": "Path 1",
              "mn": "ADBE Vector Shape - Group",
              "hd": false,
              "_render": true
            },
            {
              "ty": "st",
              "c": {
                "a": 0,
                "k": [
                  0,
                  0,
                  0,
                  1
                ],
                "ix": 3
              },
              "o": {
                "a": 0,
                "k": 100,
                "ix": 4
              },
              "w": {
                "a": 0,
                "k": 35,
                "ix": 5
              },
              "lc": 2,
              "lj": 2,
              "bm": 0,
              "nm": "Stroke 1",
              "mn": "ADBE Vector Graphic - Stroke",
              "hd": false,
              "_render": true
            },
            {
              "ty": "tr",
              "p": {
                "a": 0,
                "k": [
                  362.337,
                  502.782
                ],
                "ix": 2
              },
              "a": {
                "a": 0,
                "k": [
                  0,
                  0
                ],
                "ix": 1
              },
              "s": {
                "a": 0,
                "k": [
                  100,
                  100
                ],
                "ix": 3
              },
              "r": {
                "a": 0,
                "k": 0,
                "ix": 6
              },
              "o": {
                "a": 0,
                "k": 100,
                "ix": 7
              },
              "sk": {
                "a": 0,
                "k": 0,
                "ix": 4
              },
              "sa": {
                "a": 0,
                "k": 0,
                "ix": 5
              },
              "nm": "Transform",
              "_render": true
            }
          ],
          "nm": "Group 3",
          "np": 2,
          "cix": 2,
          "bm": 0,
          "ix": 1,
          "mn": "ADBE Vector Group",
          "hd": false,
          "_render": true
        }
      ],
      "ip": 0,
      "op": 120.12012012012,
      "st": 0,
      "ct": 1,
      "bm": 0,
      "completed": true
    }
  ],
  "markers": [],
  "__complete": true
}