{
  "v": "5.9.6",
  "fr": 60,
  "ip": 0,
  "op": 120,
  "w": 750,
  "h": 750,
  "nm": "Comp 1",
  "ddd": 0,
  "assets": [],
  "layers": [
    {
      "ddd": 0,
      "ind": 1,
      "ty": 4,
      "nm": "Group 3",
      "parent": 2,
      "sr": 1,
      "ks": {
        "o": {
          "a": 0,
          "k": 100,
          "ix": 11
        },
        "r": {
          "a": 1,
          "k": [
            {
              "i": {
                "x": [
                  0.24
                ],
                "y": [
                  1
                ]
              },
              "o": {
                "x": [
                  0.333
                ],
                "y": [
                  0
                ]
              },
              "t": 0,
              "s": [
                0
              ]
            },
            {
              "i": {
                "x": [
                  0.24
                ],
                "y": [
                  1
                ]
              },
              "o": {
                "x": [
                  0.333
                ],
                "y": [
                  0
                ]
              },
              "t": 38,
              "s": [
                180
              ]
            },
            {
              "t": 76,
              "s": [
                0
              ]
            }
          ],
          "ix": 10
        },
        "p": {
          "a": 0,
          "k": [
            540,
            546.241,
            0
          ],
          "ix": 2,
          "l": 2
        },
        "a": {
          "a": 0,
          "k": [
            540,
            546.241,
            0
          ],
          "ix": 1,
          "l": 2
        },
        "s": {
          "a": 0,
          "k": [
            100,
            100,
            100
          ],
          "ix": 6,
          "l": 2
        }
      },
      "ao": 0,
      "shapes": [
        {
          "ty": "gr",
          "it": [
            {
              "ty": "gr",
              "it": [
                {
                  "ind": 0,
                  "ty": "sh",
                  "ix": 1,
                  "ks": {
                    "a": 0,
                    "k": {
                      "i": [
                        [
                          0,
                          -1.756
                        ],
                        [
                          0,
                          1.756
                        ]
                      ],
                      "o": [
                        [
                          0,
                          -1.756
                        ],
                        [
                          0,
                          1.756
                        ]
                      ],
                      "v": [
                        [
                          0,
                          -1.756
                        ],
                        [
                          0,
                          1.756
                        ]
                      ],
                      "c": false
                    },
                    "ix": 2
                  },
                  "nm": "Path 1",
                  "mn": "ADBE Vector Shape - Group",
                  "hd": false,
                  "_render": true
                },
                {
                  "ty": "st",
                  "c": {
                    "a": 0,
                    "k": [
                      0,
                      0,
                      0,
                      1
                    ],
                    "ix": 3
                  },
                  "o": {
                    "a": 0,
                    "k": 100,
                    "ix": 4
                  },
                  "w": {
                    "a": 0,
                    "k": 3.8,
                    "ix": 5
                  },
                  "lc": 2,
                  "lj": 1,
                  "ml": 10,
                  "bm": 0,
                  "nm": "Stroke 1",
                  "mn": "ADBE Vector Graphic - Stroke",
                  "hd": false,
                  "_render": true
                },
                {
                  "ty": "tr",
                  "p": {
                    "a": 0,
                    "k": [
                      540.449,
                      539.017
                    ],
                    "ix": 2
                  },
                  "a": {
                    "a": 0,
                    "k": [
                      0,
                      0
                    ],
                    "ix": 1
                  },
                  "s": {
                    "a": 0,
                    "k": [
                      100,
                      100
                    ],
                    "ix": 3
                  },
                  "r": {
                    "a": 0,
                    "k": 0,
                    "ix": 6
                  },
                  "o": {
                    "a": 0,
                    "k": 100,
                    "ix": 7
                  },
                  "sk": {
                    "a": 0,
                    "k": 0,
                    "ix": 4
                  },
                  "sa": {
                    "a": 0,
                    "k": 0,
                    "ix": 5
                  },
                  "nm": "Transform",
                  "_render": true
                }
              ],
              "nm": "Group 1",
              "np": 2,
              "cix": 2,
              "bm": 0,
              "ix": 1,
              "mn": "ADBE Vector Group",
              "hd": false,
              "_render": true
            },
            {
              "ty": "gr",
              "it": [
                {
                  "ind": 0,
                  "ty": "sh",
                  "ix": 1,
                  "ks": {
                    "a": 0,
                    "k": {
                      "i": [
                        [
                          0,
                          -1.767
                        ],
                        [
                          0,
                          1.767
                        ]
                      ],
                      "o": [
                        [
                          0,
                          -1.767
                        ],
                        [
                          0,
                          1.767
                        ]
                      ],
                      "v": [
                        [
                          0,
                          -1.767
                        ],
                        [
                          0,
                          1.767
                        ]
                      ],
                      "c": false
                    },
                    "ix": 2
                  },
                  "nm": "Path 1",
                  "mn": "ADBE Vector Shape - Group",
                  "hd": false,
                  "_render": true
                },
                {
                  "ty": "st",
                  "c": {
                    "a": 0,
                    "k": [
                      0,
                      0,
                      0,
                      1
                    ],
                    "ix": 3
                  },
                  "o": {
                    "a": 0,
                    "k": 100,
                    "ix": 4
                  },
                  "w": {
                    "a": 0,
                    "k": 3.8,
                    "ix": 5
                  },
                  "lc": 2,
                  "lj": 1,
                  "ml": 10,
                  "bm": 0,
                  "nm": "Stroke 1",
                  "mn": "ADBE Vector Graphic - Stroke",
                  "hd": false,
                  "_render": true
                },
                {
                  "ty": "tr",
                  "p": {
                    "a": 0,
                    "k": [
                      540.449,
                      553.454
                    ],
                    "ix": 2
                  },
                  "a": {
                    "a": 0,
                    "k": [
                      0,
                      0
                    ],
                    "ix": 1
                  },
                  "s": {
                    "a": 0,
                    "k": [
                      100,
                      100
                    ],
                    "ix": 3
                  },
                  "r": {
                    "a": 0,
                    "k": 0,
                    "ix": 6
                  },
                  "o": {
                    "a": 0,
                    "k": 100,
                    "ix": 7
                  },
                  "sk": {
                    "a": 0,
                    "k": 0,
                    "ix": 4
                  },
                  "sa": {
                    "a": 0,
                    "k": 0,
                    "ix": 5
                  },
                  "nm": "Transform",
                  "_render": true
                }
              ],
              "nm": "Group 2",
              "np": 2,
              "cix": 2,
              "bm": 0,
              "ix": 2,
              "mn": "ADBE Vector Group",
              "hd": false,
              "_render": true
            },
            {
              "ty": "gr",
              "it": [
                {
                  "ind": 0,
                  "ty": "sh",
                  "ix": 1,
                  "ks": {
                    "a": 0,
                    "k": {
                      "i": [
                        [
                          4.041,
                          -5.388
                        ],
                        [
                          -1.347,
                          -5.388
                        ],
                        [
                          -4.041,
                          -4.182
                        ],
                        [
                          -4.041,
                          -2.694
                        ],
                        [
                          -2.835,
                          0
                        ],
                        [
                          1.347,
                          0
                        ],
                        [
                          4.041,
                          1.206
                        ],
                        [
                          4.041,
                          2.694
                        ],
                        [
                          2.835,
                          5.388
                        ],
                        [
                          -4.041,
                          5.388
                        ]
                      ],
                      "o": [
                        [
                          4.041,
                          -5.388
                        ],
                        [
                          -2.835,
                          -5.388
                        ],
                        [
                          -4.041,
                          -2.694
                        ],
                        [
                          -4.041,
                          -1.206
                        ],
                        [
                          -1.347,
                          0
                        ],
                        [
                          2.835,
                          0
                        ],
                        [
                          4.041,
                          2.694
                        ],
                        [
                          4.041,
                          4.182
                        ],
                        [
                          1.347,
                          5.388
                        ],
                        [
                          -4.041,
                          5.388
                        ]
                      ],
                      "v": [
                        [
                          4.041,
                          -5.388
                        ],
                        [
                          -1.347,
                          -5.388
                        ],
                        [
                          -4.041,
                          -2.694
                        ],
                        [
                          -4.041,
                          -2.694
                        ],
                        [
                          -1.347,
                          0
                        ],
                        [
                          1.347,
                          0
                        ],
                        [
                          4.041,
                          2.694
                        ],
                        [
                          4.041,
                          2.694
                        ],
                        [
                          1.347,
                          5.388
                        ],
                        [
                          -4.041,
                          5.388
                        ]
                      ],
                      "c": false
                    },
                    "ix": 2
                  },
                  "nm": "Path 1",
                  "mn": "ADBE Vector Shape - Group",
                  "hd": false,
                  "_render": true
                },
                {
                  "ty": "st",
                  "c": {
                    "a": 0,
                    "k": [
                      0,
                      0,
                      0,
                      1
                    ],
                    "ix": 3
                  },
                  "o": {
                    "a": 0,
                    "k": 100,
                    "ix": 4
                  },
                  "w": {
                    "a": 0,
                    "k": 3.8,
                    "ix": 5
                  },
                  "lc": 2,
                  "lj": 1,
                  "ml": 10,
                  "bm": 0,
                  "nm": "Stroke 1",
                  "mn": "ADBE Vector Graphic - Stroke",
                  "hd": false,
                  "_render": true
                },
                {
                  "ty": "tr",
                  "p": {
                    "a": 0,
                    "k": [
                      540,
                      546.241
                    ],
                    "ix": 2
                  },
                  "a": {
                    "a": 0,
                    "k": [
                      0,
                      0
                    ],
                    "ix": 1
                  },
                  "s": {
                    "a": 0,
                    "k": [
                      100,
                      100
                    ],
                    "ix": 3
                  },
                  "r": {
                    "a": 0,
                    "k": 0,
                    "ix": 6
                  },
                  "o": {
                    "a": 0,
                    "k": 100,
                    "ix": 7
                  },
                  "sk": {
                    "a": 0,
                    "k": 0,
                    "ix": 4
                  },
                  "sa": {
                    "a": 0,
                    "k": 0,
                    "ix": 5
                  },
                  "nm": "Transform",
                  "_render": true
                }
              ],
              "nm": "Group 3",
              "np": 2,
              "cix": 2,
              "bm": 0,
              "ix": 3,
              "mn": "ADBE Vector Group",
              "hd": false,
              "_render": true
            },
            {
              "ty": "tr",
              "p": {
                "a": 0,
                "k": [
                  540,
                  546.241
                ],
                "ix": 2
              },
              "a": {
                "a": 0,
                "k": [
                  540,
                  546.241
                ],
                "ix": 1
              },
              "s": {
                "a": 0,
                "k": [
                  100,
                  100
                ],
                "ix": 3
              },
              "r": {
                "a": 0,
                "k": 0,
                "ix": 6
              },
              "o": {
                "a": 0,
                "k": 100,
                "ix": 7
              },
              "sk": {
                "a": 0,
                "k": 0,
                "ix": 4
              },
              "sa": {
                "a": 0,
                "k": 0,
                "ix": 5
              },
              "nm": "Transform",
              "_render": true
            }
          ],
          "nm": "Group 3",
          "np": 3,
          "cix": 2,
          "bm": 0,
          "ix": 1,
          "mn": "ADBE Vector Group",
          "hd": false,
          "_render": true
        }
      ],
      "ip": 0,
      "op": 120,
      "st": 0,
      "ct": 1,
      "bm": 0,
      "completed": true
    },
    {
      "ddd": 0,
      "ind": 2,
      "ty": 4,
      "nm": "Layer 1",
      "sr": 1,
      "ks": {
        "o": {
          "a": 0,
          "k": 100,
          "ix": 11
        },
        "r": {
          "a": 0,
          "k": 0,
          "ix": 10
        },
        "p": {
          "a": 1,
          "k": [
            {
              "i": {
                "x": 0.24,
                "y": 1
              },
              "o": {
                "x": 0.333,
                "y": 0
              },
              "t": 0,
              "s": [
                375,
                375,
                0
              ],
              "to": null,
              "ti": null
            },
            {
              "i": {
                "x": 0.24,
                "y": 1
              },
              "o": {
                "x": 0.333,
                "y": 0
              },
              "t": 38,
              "s": [
                375,
                321,
                0
              ],
              "to": null,
              "ti": null
            },
            {
              "t": 76,
              "s": [
                375,
                375,
                0
              ]
            }
          ],
          "ix": 2,
          "l": 2
        },
        "a": {
          "a": 0,
          "k": [
            540,
            540,
            0
          ],
          "ix": 1,
          "l": 2
        },
        "s": {
          "a": 0,
          "k": [
            900,
            900,
            100
          ],
          "ix": 6,
          "l": 2
        }
      },
      "ao": 0,
      "shapes": [
        {
          "ty": "gr",
          "it": [
            {
              "ind": 0,
              "ty": "sh",
              "ix": 1,
              "ks": {
                "a": 0,
                "k": {
                  "i": [
                    [
                      9.518,
                      6.241
                    ],
                    [
                      -9.91,
                      6.241
                    ],
                    [
                      -17.174,
                      -4.481
                    ],
                    [
                      -16.869,
                      -6.524
                    ],
                    [
                      -10.399,
                      -4.097
                    ],
                    [
                      -9.896999999999998,
                      -4.002
                    ],
                    [
                      -6.381,
                      -5.174
                    ],
                    [
                      2.476,
                      -6.5969999999999995
                    ],
                    [
                      10.082,
                      -4.082
                    ],
                    [
                      10.587,
                      -4.008
                    ],
                    [
                      15.851,
                      -6
                    ],
                    [
                      17.808000000000003,
                      -5.181
                    ]
                  ],
                  "o": [
                    [
                      9.518,
                      6.241
                    ],
                    [
                      -9.91,
                      6.241
                    ],
                    [
                      -17.774,
                      -5.382
                    ],
                    [
                      -15.855,
                      -6.144
                    ],
                    [
                      -10.159999999999998,
                      -4.007000000000001
                    ],
                    [
                      -9.655,
                      -4.083
                    ],
                    [
                      -2.125,
                      -6.5920000000000005
                    ],
                    [
                      6.735,
                      -5.189
                    ],
                    [
                      10.325000000000001,
                      -4.002
                    ],
                    [
                      10.826,
                      -4.098
                    ],
                    [
                      16.895,
                      -6.395
                    ],
                    [
                      17.138,
                      -4.288
                    ]
                  ],
                  "v": [
                    [
                      9.518,
                      6.241
                    ],
                    [
                      -9.91,
                      6.241
                    ],
                    [
                      -17.174,
                      -4.481
                    ],
                    [
                      -15.855,
                      -6.144
                    ],
                    [
                      -10.399,
                      -4.097
                    ],
                    [
                      -9.655,
                      -4.083
                    ],
                    [
                      -6.381,
                      -5.174
                    ],
                    [
                      6.735,
                      -5.189
                    ],
                    [
                      10.082,
                      -4.082
                    ],
                    [
                      10.826,
                      -4.098
                    ],
                    [
                      15.851,
                      -6
                    ],
                    [
                      17.138,
                      -4.288
                    ]
                  ],
                  "c": true
                },
                "ix": 2
              },
              "nm": "Path 1",
              "mn": "ADBE Vector Shape - Group",
              "hd": false,
              "_render": true
            },
            {
              "ty": "st",
              "c": {
                "a": 0,
                "k": [
                  0,
                  0,
                  0,
                  1
                ],
                "ix": 3
              },
              "o": {
                "a": 0,
                "k": 100,
                "ix": 4
              },
              "w": {
                "a": 0,
                "k": 3.8,
                "ix": 5
              },
              "lc": 2,
              "lj": 1,
              "ml": 10,
              "bm": 0,
              "nm": "Stroke 1",
              "mn": "ADBE Vector Graphic - Stroke",
              "hd": false,
              "_render": true
            },
            {
              "ty": "tr",
              "p": {
                "a": 0,
                "k": [
                  540,
                  522.434
                ],
                "ix": 2
              },
              "a": {
                "a": 0,
                "k": [
                  0,
                  0
                ],
                "ix": 1
              },
              "s": {
                "a": 0,
                "k": [
                  100,
                  100
                ],
                "ix": 3
              },
              "r": {
                "a": 0,
                "k": 0,
                "ix": 6
              },
              "o": {
                "a": 0,
                "k": 100,
                "ix": 7
              },
              "sk": {
                "a": 0,
                "k": 0,
                "ix": 4
              },
              "sa": {
                "a": 0,
                "k": 0,
                "ix": 5
              },
              "nm": "Transform",
              "_render": true
            }
          ],
          "nm": "Group 1",
          "np": 2,
          "cix": 2,
          "bm": 0,
          "ix": 1,
          "mn": "ADBE Vector Group",
          "hd": false,
          "_render": true
        },
        {
          "ty": "gr",
          "it": [
            {
              "ind": 0,
              "ty": "sh",
              "ix": 1,
              "ks": {
                "a": 0,
                "k": {
                  "i": [
                    [
                      15.898,
                      17.566
                    ],
                    [
                      -10.618,
                      17.566
                    ],
                    [
                      -19.791999999999998,
                      12.635
                    ],
                    [
                      -9.91,
                      -17.566
                    ],
                    [
                      9.518,
                      -17.566
                    ],
                    [
                      18.569,
                      7.499
                    ]
                  ],
                  "o": [
                    [
                      10.618,
                      17.566
                    ],
                    [
                      -15.898,
                      17.566
                    ],
                    [
                      -18.569,
                      7.499
                    ],
                    [
                      -9.91,
                      -17.566
                    ],
                    [
                      9.518,
                      -17.566
                    ],
                    [
                      19.791999999999998,
                      12.635
                    ]
                  ],
                  "v": [
                    [
                      10.618,
                      17.566
                    ],
                    [
                      -10.618,
                      17.566
                    ],
                    [
                      -18.569,
                      7.499
                    ],
                    [
                      -9.91,
                      -17.566
                    ],
                    [
                      9.518,
                      -17.566
                    ],
                    [
                      18.569,
                      7.499
                    ]
                  ],
                  "c": true
                },
                "ix": 2
              },
              "nm": "Path 1",
              "mn": "ADBE Vector Shape - Group",
              "hd": false,
              "_render": true
            },
            {
              "ty": "st",
              "c": {
                "a": 0,
                "k": [
                  0,
                  0,
                  0,
                  1
                ],
                "ix": 3
              },
              "o": {
                "a": 0,
                "k": 100,
                "ix": 4
              },
              "w": {
                "a": 0,
                "k": 3.8,
                "ix": 5
              },
              "lc": 2,
              "lj": 1,
              "ml": 10,
              "bm": 0,
              "nm": "Stroke 1",
              "mn": "ADBE Vector Graphic - Stroke",
              "hd": false,
              "_render": true
            },
            {
              "ty": "tr",
              "p": {
                "a": 0,
                "k": [
                  540,
                  546.241
                ],
                "ix": 2
              },
              "a": {
                "a": 0,
                "k": [
                  0,
                  0
                ],
                "ix": 1
              },
              "s": {
                "a": 0,
                "k": [
                  100,
                  100
                ],
                "ix": 3
              },
              "r": {
                "a": 0,
                "k": 0,
                "ix": 6
              },
              "o": {
                "a": 0,
                "k": 100,
                "ix": 7
              },
              "sk": {
                "a": 0,
                "k": 0,
                "ix": 4
              },
              "sa": {
                "a": 0,
                "k": 0,
                "ix": 5
              },
              "nm": "Transform",
              "_render": true
            }
          ],
          "nm": "Group 2",
          "np": 2,
          "cix": 2,
          "bm": 0,
          "ix": 2,
          "mn": "ADBE Vector Group",
          "hd": false,
          "_render": true
        }
      ],
      "ip": 0,
      "op": 120,
      "st": 0,
      "ct": 1,
      "bm": 0,
      "completed": true
    }
  ],
  "markers": [],
  "__complete": true
}