{
  "v": "5.9.6",
  "fr": 60,
  "ip": 0,
  "op": 120,
  "w": 750,
  "h": 750,
  "nm": "Comp 1",
  "ddd": 0,
  "assets": [],
  "layers": [
    {
      "ddd": 0,
      "ind": 1,
      "ty": 4,
      "nm": "Group 1",
      "sr": 1,
      "ks": {
        "o": {
          "a": 0,
          "k": 100,
          "ix": 11
        },
        "r": {
          "a": 1,
          "k": [
            {
              "i": {
                "x": [
                  0.37
                ],
                "y": [
                  1
                ]
              },
              "o": {
                "x": [
                  0.63
                ],
                "y": [
                  0
                ]
              },
              "t": 0,
              "s": [
                0
              ]
            },
            {
              "i": {
                "x": [
                  0.37
                ],
                "y": [
                  1
                ]
              },
              "o": {
                "x": [
                  0.63
                ],
                "y": [
                  0
                ]
              },
              "t": 25,
              "s": [
                -75
              ]
            },
            {
              "t": 50,
              "s": [
                0
              ]
            }
          ],
          "ix": 10
        },
        "p": {
          "a": 1,
          "k": [
            {
              "i": {
                "x": 0.37,
                "y": 1
              },
              "o": {
                "x": 0.63,
                "y": 0
              },
              "t": 0,
              "s": [
                506.72,
                233.28,
                0
              ],
              "to": [
                -43.611,
                2.083,
                0
              ],
              "ti": [
                0,
                0,
                0
              ]
            },
            {
              "i": {
                "x": 0.37,
                "y": 1
              },
              "o": {
                "x": 0.63,
                "y": 0
              },
              "t": 25,
              "s": [
                245.056,
                245.78,
                0
              ],
              "to": [
                0,
                0,
                0
              ],
              "ti": [
                -43.611,
                2.083,
                0
              ]
            },
            {
              "t": 50,
              "s": [
                506.72,
                233.28,
                0
              ]
            }
          ],
          "ix": 2,
          "l": 2
        },
        "a": {
          "a": 0,
          "k": [
            607.133,
            381.063,
            0
          ],
          "ix": 1,
          "l": 2
        },
        "s": {
          "a": 0,
          "k": [
            100,
            100,
            100
          ],
          "ix": 6,
          "l": 2
        }
      },
      "ao": 0,
      "shapes": [
        {
          "ty": "gr",
          "it": [
            {
              "ty": "gr",
              "it": [
                {
                  "ind": 0,
                  "ty": "sh",
                  "ix": 1,
                  "ks": {
                    "a": 0,
                    "k": {
                      "i": [
                        [
                          -49.62,
                          -35.005
                        ],
                        [
                          49.62,
                          35.005
                        ]
                      ],
                      "o": [
                        [
                          -49.62,
                          -35.005
                        ],
                        [
                          49.62,
                          35.005
                        ]
                      ],
                      "v": [
                        [
                          -49.62,
                          -35.005
                        ],
                        [
                          49.62,
                          35.005
                        ]
                      ],
                      "c": false
                    },
                    "ix": 2
                  },
                  "nm": "Path 1",
                  "mn": "ADBE Vector Shape - Group",
                  "hd": false,
                  "_render": true
                },
                {
                  "ty": "st",
                  "c": {
                    "a": 0,
                    "k": [
                      0,
                      0,
                      0,
                      1
                    ],
                    "ix": 3
                  },
                  "o": {
                    "a": 0,
                    "k": 100,
                    "ix": 4
                  },
                  "w": {
                    "a": 0,
                    "k": 35,
                    "ix": 5
                  },
                  "lc": 2,
                  "lj": 2,
                  "bm": 0,
                  "nm": "Stroke 1",
                  "mn": "ADBE Vector Graphic - Stroke",
                  "hd": false,
                  "_render": true
                },
                {
                  "ty": "tr",
                  "p": {
                    "a": 0,
                    "k": [
                      669.831,
                      284.14
                    ],
                    "ix": 2
                  },
                  "a": {
                    "a": 0,
                    "k": [
                      0,
                      0
                    ],
                    "ix": 1
                  },
                  "s": {
                    "a": 0,
                    "k": [
                      100,
                      100
                    ],
                    "ix": 3
                  },
                  "r": {
                    "a": 0,
                    "k": 0,
                    "ix": 6
                  },
                  "o": {
                    "a": 0,
                    "k": 100,
                    "ix": 7
                  },
                  "sk": {
                    "a": 0,
                    "k": 0,
                    "ix": 4
                  },
                  "sa": {
                    "a": 0,
                    "k": 0,
                    "ix": 5
                  },
                  "nm": "Transform",
                  "_render": true
                }
              ],
              "nm": "Group 1",
              "np": 2,
              "cix": 2,
              "bm": 0,
              "ix": 1,
              "mn": "ADBE Vector Group",
              "hd": false,
              "_render": true
            },
            {
              "ty": "gr",
              "it": [
                {
                  "ind": 0,
                  "ty": "sh",
                  "ix": 1,
                  "ks": {
                    "a": 0,
                    "k": {
                      "i": [
                        [
                          -35.48,
                          147.588
                        ],
                        [
                          -125.622,
                          170.627
                        ],
                        [
                          -134.721,
                          77.578
                        ],
                        [
                          27.75,
                          -152.727
                        ],
                        [
                          67.56400000000001,
                          -176.349
                        ],
                        [
                          116.821,
                          -141.599
                        ],
                        [
                          140.442,
                          -101.785
                        ]
                      ],
                      "o": [
                        [
                          -35.48,
                          147.588
                        ],
                        [
                          -125.622,
                          170.627
                        ],
                        [
                          -134.721,
                          77.578
                        ],
                        [
                          41.202,
                          -171.79500000000002
                        ],
                        [
                          86.632,
                          -162.897
                        ],
                        [
                          135.889,
                          -128.147
                        ],
                        [
                          126.99,
                          -82.717
                        ]
                      ],
                      "v": [
                        [
                          -35.48,
                          147.588
                        ],
                        [
                          -125.622,
                          170.627
                        ],
                        [
                          -134.721,
                          77.578
                        ],
                        [
                          27.75,
                          -152.727
                        ],
                        [
                          86.632,
                          -162.897
                        ],
                        [
                          116.821,
                          -141.599
                        ],
                        [
                          126.99,
                          -82.717
                        ]
                      ],
                      "c": true
                    },
                    "ix": 2
                  },
                  "nm": "Path 1",
                  "mn": "ADBE Vector Shape - Group",
                  "hd": false,
                  "_render": true
                },
                {
                  "ty": "st",
                  "c": {
                    "a": 0,
                    "k": [
                      0,
                      0,
                      0,
                      1
                    ],
                    "ix": 3
                  },
                  "o": {
                    "a": 0,
                    "k": 100,
                    "ix": 4
                  },
                  "w": {
                    "a": 0,
                    "k": 35,
                    "ix": 5
                  },
                  "lc": 2,
                  "lj": 2,
                  "bm": 0,
                  "nm": "Stroke 1",
                  "mn": "ADBE Vector Graphic - Stroke",
                  "hd": false,
                  "_render": true
                },
                {
                  "ty": "tr",
                  "p": {
                    "a": 0,
                    "k": [
                      607.133,
                      381.063
                    ],
                    "ix": 2
                  },
                  "a": {
                    "a": 0,
                    "k": [
                      0,
                      0
                    ],
                    "ix": 1
                  },
                  "s": {
                    "a": 0,
                    "k": [
                      100,
                      100
                    ],
                    "ix": 3
                  },
                  "r": {
                    "a": 0,
                    "k": 0,
                    "ix": 6
                  },
                  "o": {
                    "a": 0,
                    "k": 100,
                    "ix": 7
                  },
                  "sk": {
                    "a": 0,
                    "k": 0,
                    "ix": 4
                  },
                  "sa": {
                    "a": 0,
                    "k": 0,
                    "ix": 5
                  },
                  "nm": "Transform",
                  "_render": true
                }
              ],
              "nm": "Group 2",
              "np": 2,
              "cix": 2,
              "bm": 0,
              "ix": 2,
              "mn": "ADBE Vector Group",
              "hd": false,
              "_render": true
            },
            {
              "ty": "tr",
              "p": {
                "a": 0,
                "k": [
                  607.133,
                  381.063
                ],
                "ix": 2
              },
              "a": {
                "a": 0,
                "k": [
                  607.133,
                  381.063
                ],
                "ix": 1
              },
              "s": {
                "a": 0,
                "k": [
                  100,
                  100
                ],
                "ix": 3
              },
              "r": {
                "a": 0,
                "k": 0,
                "ix": 6
              },
              "o": {
                "a": 0,
                "k": 100,
                "ix": 7
              },
              "sk": {
                "a": 0,
                "k": 0,
                "ix": 4
              },
              "sa": {
                "a": 0,
                "k": 0,
                "ix": 5
              },
              "nm": "Transform",
              "_render": true
            }
          ],
          "nm": "Group 1",
          "np": 2,
          "cix": 2,
          "bm": 0,
          "ix": 1,
          "mn": "ADBE Vector Group",
          "hd": false,
          "_render": true
        }
      ],
      "ip": 0,
      "op": 120,
      "st": 0,
      "ct": 1,
      "bm": 0,
      "completed": true
    },
    {
      "ddd": 0,
      "ind": 2,
      "ty": 4,
      "nm": "Layer 2",
      "sr": 1,
      "ks": {
        "o": {
          "a": 0,
          "k": 100,
          "ix": 11
        },
        "r": {
          "a": 0,
          "k": 0,
          "ix": 10
        },
        "p": {
          "a": 0,
          "k": [
            375,
            375,
            0
          ],
          "ix": 2,
          "l": 2
        },
        "a": {
          "a": 0,
          "k": [
            500,
            503.38,
            0
          ],
          "ix": 1,
          "l": 2
        },
        "s": {
          "a": 0,
          "k": [
            100,
            100,
            100
          ],
          "ix": 6,
          "l": 2
        }
      },
      "ao": 0,
      "shapes": [
        {
          "ty": "gr",
          "it": [
            {
              "ind": 0,
              "ty": "sh",
              "ix": 1,
              "ks": {
                "a": 0,
                "k": {
                  "i": [
                    [
                      171.962,
                      238
                    ],
                    [
                      -90.5,
                      238
                    ],
                    [
                      -238,
                      171.962
                    ],
                    [
                      -238,
                      -90.5
                    ],
                    [
                      -171.962,
                      -238
                    ],
                    [
                      90.5,
                      -238
                    ],
                    [
                      238,
                      -171.962
                    ],
                    [
                      238,
                      90.5
                    ]
                  ],
                  "o": [
                    [
                      90.5,
                      238
                    ],
                    [
                      -171.962,
                      238
                    ],
                    [
                      -238,
                      90.5
                    ],
                    [
                      -238,
                      -171.962
                    ],
                    [
                      -90.5,
                      -238
                    ],
                    [
                      171.962,
                      -238
                    ],
                    [
                      238,
                      -90.5
                    ],
                    [
                      238,
                      171.962
                    ]
                  ],
                  "v": [
                    [
                      90.5,
                      238
                    ],
                    [
                      -90.5,
                      238
                    ],
                    [
                      -238,
                      90.5
                    ],
                    [
                      -238,
                      -90.5
                    ],
                    [
                      -90.5,
                      -238
                    ],
                    [
                      90.5,
                      -238
                    ],
                    [
                      238,
                      -90.5
                    ],
                    [
                      238,
                      90.5
                    ]
                  ],
                  "c": true
                },
                "ix": 2
              },
              "nm": "Path 1",
              "mn": "ADBE Vector Shape - Group",
              "hd": false,
              "_render": true
            },
            {
              "ty": "st",
              "c": {
                "a": 0,
                "k": [
                  0,
                  0,
                  0,
                  1
                ],
                "ix": 3
              },
              "o": {
                "a": 0,
                "k": 100,
                "ix": 4
              },
              "w": {
                "a": 0,
                "k": 35,
                "ix": 5
              },
              "lc": 2,
              "lj": 2,
              "bm": 0,
              "nm": "Stroke 1",
              "mn": "ADBE Vector Graphic - Stroke",
              "hd": false,
              "_render": true
            },
            {
              "ty": "tr",
              "p": {
                "a": 0,
                "k": [
                  500,
                  503.38
                ],
                "ix": 2
              },
              "a": {
                "a": 0,
                "k": [
                  0,
                  0
                ],
                "ix": 1
              },
              "s": {
                "a": 0,
                "k": [
                  100,
                  100
                ],
                "ix": 3
              },
              "r": {
                "a": 0,
                "k": 0,
                "ix": 6
              },
              "o": {
                "a": 0,
                "k": 100,
                "ix": 7
              },
              "sk": {
                "a": 0,
                "k": 0,
                "ix": 4
              },
              "sa": {
                "a": 0,
                "k": 0,
                "ix": 5
              },
              "nm": "Transform",
              "_render": true
            }
          ],
          "nm": "Group 2",
          "np": 2,
          "cix": 2,
          "bm": 0,
          "ix": 1,
          "mn": "ADBE Vector Group",
          "hd": false,
          "_render": true
        },
        {
          "ty": "tm",
          "s": {
            "a": 0,
            "k": 0,
            "ix": 1
          },
          "e": {
            "a": 0,
            "k": 77,
            "ix": 2
          },
          "o": {
            "a": 1,
            "k": [
              {
                "i": {
                  "x": [
                    0.37
                  ],
                  "y": [
                    1
                  ]
                },
                "o": {
                  "x": [
                    0.63
                  ],
                  "y": [
                    0
                  ]
                },
                "t": 0,
                "s": [
                  -78
                ]
              },
              {
                "i": {
                  "x": [
                    0.37
                  ],
                  "y": [
                    1
                  ]
                },
                "o": {
                  "x": [
                    0.63
                  ],
                  "y": [
                    0
                  ]
                },
                "t": 25,
                "s": [
                  -162
                ]
              },
              {
                "t": 50,
                "s": [
                  -78
                ]
              }
            ],
            "ix": 3
          },
          "m": 1,
          "ix": 2,
          "nm": "Trim Paths 1",
          "mn": "ADBE Vector Filter - Trim",
          "hd": false,
          "_render": true
        }
      ],
      "ip": 0,
      "op": 120,
      "st": 0,
      "ct": 1,
      "bm": 0,
      "completed": true
    }
  ],
  "markers": [],
  "__complete": true
}