{
  "v": "5.9.6",
  "fr": 60,
  "ip": 0,
  "op": 120,
  "w": 750,
  "h": 750,
  "nm": "Comp 1",
  "ddd": 0,
  "assets": [],
  "layers": [
    {
      "ddd": 0,
      "ind": 1,
      "ty": 4,
      "nm": "Group 1",
      "sr": 1,
      "ks": {
        "o": {
          "a": 0,
          "k": 100,
          "ix": 11
        },
        "r": {
          "a": 1,
          "k": [
            {
              "i": {
                "x": [
                  0.34
                ],
                "y": [
                  1
                ]
              },
              "o": {
                "x": [
                  0.66
                ],
                "y": [
                  0
                ]
              },
              "t": 3,
              "s": [
                0
              ]
            },
            {
              "i": {
                "x": [
                  0.34
                ],
                "y": [
                  1
                ]
              },
              "o": {
                "x": [
                  0.66
                ],
                "y": [
                  0
                ]
              },
              "t": 28,
              "s": [
                -95
              ]
            },
            {
              "t": 53,
              "s": [
                0
              ]
            }
          ],
          "ix": 10
        },
        "p": {
          "a": 1,
          "k": [
            {
              "i": {
                "x": 0.34,
                "y": 1
              },
              "o": {
                "x": 0.66,
                "y": 0
              },
              "t": 6,
              "s": [
                613.882,
                180.201,
                0
              ],
              "to": null,
              "ti": null
            },
            {
              "i": {
                "x": 0.34,
                "y": 1
              },
              "o": {
                "x": 0.66,
                "y": 0
              },
              "t": 31,
              "s": [
                196.882,
                180.201,
                0
              ],
              "to": null,
              "ti": null
            },
            {
              "t": 56,
              "s": [
                613.882,
                180.201,
                0
              ]
            }
          ],
          "ix": 2,
          "l": 2
        },
        "a": {
          "a": 0,
          "k": [
            717.208,
            300,
            0
          ],
          "ix": 1,
          "l": 2
        },
        "s": {
          "a": 0,
          "k": [
            107,
            107,
            100
          ],
          "ix": 6,
          "l": 2
        }
      },
      "ao": 0,
      "shapes": [
        {
          "ty": "gr",
          "it": [
            {
              "ind": 0,
              "ty": "sh",
              "ix": 1,
              "ks": {
                "a": 0,
                "k": {
                  "i": [
                    [
                      -64.697,
                      61.853
                    ],
                    [
                      -55.387,
                      9.947
                    ],
                    [
                      20.284,
                      -61.853
                    ],
                    [
                      64.697,
                      -15.858
                    ],
                    [
                      -10.088,
                      55.868
                    ]
                  ],
                  "o": [
                    [
                      -64.697,
                      61.853
                    ],
                    [
                      -55.387,
                      9.947
                    ],
                    [
                      20.284,
                      -61.853
                    ],
                    [
                      64.697,
                      -15.858
                    ],
                    [
                      -10.088,
                      55.868
                    ]
                  ],
                  "v": [
                    [
                      -64.697,
                      61.853
                    ],
                    [
                      -55.387,
                      9.947
                    ],
                    [
                      20.284,
                      -61.853
                    ],
                    [
                      64.697,
                      -15.858
                    ],
                    [
                      -10.088,
                      55.868
                    ]
                  ],
                  "c": true
                },
                "ix": 2
              },
              "nm": "Path 1",
              "mn": "ADBE Vector Shape - Group",
              "hd": false,
              "_render": true
            },
            {
              "ty": "st",
              "c": {
                "a": 0,
                "k": [
                  0,
                  0,
                  0,
                  1
                ],
                "ix": 3
              },
              "o": {
                "a": 0,
                "k": 100,
                "ix": 4
              },
              "w": {
                "a": 0,
                "k": 35,
                "ix": 5
              },
              "lc": 2,
              "lj": 2,
              "bm": 0,
              "nm": "Stroke 1",
              "mn": "ADBE Vector Graphic - Stroke",
              "hd": false,
              "_render": true
            },
            {
              "ty": "tr",
              "p": {
                "a": 0,
                "k": [
                  717.208,
                  300
                ],
                "ix": 2
              },
              "a": {
                "a": 0,
                "k": [
                  0,
                  0
                ],
                "ix": 1
              },
              "s": {
                "a": 0,
                "k": [
                  100,
                  100
                ],
                "ix": 3
              },
              "r": {
                "a": 0,
                "k": 0,
                "ix": 6
              },
              "o": {
                "a": 0,
                "k": 100,
                "ix": 7
              },
              "sk": {
                "a": 0,
                "k": 0,
                "ix": 4
              },
              "sa": {
                "a": 0,
                "k": 0,
                "ix": 5
              },
              "nm": "Transform",
              "_render": true
            }
          ],
          "nm": "Group 1",
          "np": 2,
          "cix": 2,
          "bm": 0,
          "ix": 1,
          "mn": "ADBE Vector Group",
          "hd": false,
          "_render": true
        }
      ],
      "ip": 0,
      "op": 120,
      "st": 0,
      "ct": 1,
      "bm": 0,
      "completed": true
    },
    {
      "ddd": 0,
      "ind": 2,
      "ty": 4,
      "nm": "Group 2",
      "sr": 1,
      "ks": {
        "o": {
          "a": 0,
          "k": 100,
          "ix": 11
        },
        "r": {
          "a": 0,
          "k": 0,
          "ix": 10
        },
        "p": {
          "a": 0,
          "k": [
            381.552,
            372.675,
            0
          ],
          "ix": 2,
          "l": 2
        },
        "a": {
          "a": 0,
          "k": [
            500.077,
            479.882,
            0
          ],
          "ix": 1,
          "l": 2
        },
        "s": {
          "a": 0,
          "k": [
            107,
            107,
            100
          ],
          "ix": 6,
          "l": 2
        }
      },
      "ao": 0,
      "shapes": [
        {
          "ty": "gr",
          "it": [
            {
              "ind": 0,
              "ty": "sh",
              "ix": 1,
              "ks": {
                "a": 0,
                "k": {
                  "i": [
                    [
                      -238,
                      74.118
                    ],
                    [
                      -77.059,
                      -74.118
                    ],
                    [
                      22.176,
                      43.206
                    ],
                    [
                      121.176,
                      -35.882
                    ],
                    [
                      238,
                      74.118
                    ]
                  ],
                  "o": [
                    [
                      -238,
                      74.118
                    ],
                    [
                      -77.059,
                      -74.118
                    ],
                    [
                      22.176,
                      43.206
                    ],
                    [
                      121.176,
                      -35.882
                    ],
                    [
                      238,
                      74.118
                    ]
                  ],
                  "v": [
                    [
                      -238,
                      74.118
                    ],
                    [
                      -77.059,
                      -74.118
                    ],
                    [
                      22.176,
                      43.206
                    ],
                    [
                      121.176,
                      -35.882
                    ],
                    [
                      238,
                      74.118
                    ]
                  ],
                  "c": false
                },
                "ix": 2
              },
              "nm": "Path 1",
              "mn": "ADBE Vector Shape - Group",
              "hd": false,
              "_render": true
            },
            {
              "ty": "st",
              "c": {
                "a": 0,
                "k": [
                  0,
                  0,
                  0,
                  1
                ],
                "ix": 3
              },
              "o": {
                "a": 0,
                "k": 100,
                "ix": 4
              },
              "w": {
                "a": 0,
                "k": 35,
                "ix": 5
              },
              "lc": 2,
              "lj": 2,
              "bm": 0,
              "nm": "Stroke 1",
              "mn": "ADBE Vector Graphic - Stroke",
              "hd": false,
              "_render": true
            },
            {
              "ty": "tr",
              "p": {
                "a": 0,
                "k": [
                  500.077,
                  479.882
                ],
                "ix": 2
              },
              "a": {
                "a": 0,
                "k": [
                  0,
                  0
                ],
                "ix": 1
              },
              "s": {
                "a": 0,
                "k": [
                  100,
                  100
                ],
                "ix": 3
              },
              "r": {
                "a": 0,
                "k": 0,
                "ix": 6
              },
              "o": {
                "a": 0,
                "k": 100,
                "ix": 7
              },
              "sk": {
                "a": 0,
                "k": 0,
                "ix": 4
              },
              "sa": {
                "a": 0,
                "k": 0,
                "ix": 5
              },
              "nm": "Transform",
              "_render": true
            }
          ],
          "nm": "Group 2",
          "np": 2,
          "cix": 2,
          "bm": 0,
          "ix": 1,
          "mn": "ADBE Vector Group",
          "hd": false,
          "_render": true
        }
      ],
      "ip": 0,
      "op": 120,
      "st": 0,
      "ct": 1,
      "bm": 0,
      "completed": true
    },
    {
      "ddd": 0,
      "ind": 3,
      "ty": 4,
      "nm": "Layer 2",
      "sr": 1,
      "ks": {
        "o": {
          "a": 0,
          "k": 100,
          "ix": 11
        },
        "r": {
          "a": 0,
          "k": 0,
          "ix": 10
        },
        "p": {
          "a": 0,
          "k": [
            375,
            375,
            0
          ],
          "ix": 2,
          "l": 2
        },
        "a": {
          "a": 0,
          "k": [
            0,
            0,
            0
          ],
          "ix": 1,
          "l": 2
        },
        "s": {
          "a": 0,
          "k": [
            100,
            100,
            100
          ],
          "ix": 6,
          "l": 2
        }
      },
      "ao": 0,
      "shapes": [
        {
          "ty": "gr",
          "it": [
            {
              "ind": 0,
              "ty": "sh",
              "ix": 1,
              "ks": {
                "a": 0,
                "k": {
                  "i": [
                    [
                      280,
                      -201.08300000000003
                    ],
                    [
                      280,
                      96.668
                    ],
                    [
                      205.08300000000003,
                      264
                    ],
                    [
                      -92.668,
                      264
                    ],
                    [
                      -260,
                      189.08300000000003
                    ],
                    [
                      -260,
                      -108.668
                    ],
                    [
                      -185.08300000000003,
                      -276
                    ],
                    [
                      112.668,
                      -276
                    ]
                  ],
                  "o": [
                    [
                      280,
                      -108.668
                    ],
                    [
                      280,
                      189.08300000000003
                    ],
                    [
                      112.668,
                      264
                    ],
                    [
                      -185.08300000000003,
                      264
                    ],
                    [
                      -260,
                      96.668
                    ],
                    [
                      -260,
                      -201.08300000000003
                    ],
                    [
                      -92.668,
                      -276
                    ],
                    [
                      205.08300000000003,
                      -276
                    ]
                  ],
                  "v": [
                    [
                      280,
                      -108.668
                    ],
                    [
                      280,
                      96.668
                    ],
                    [
                      112.668,
                      264
                    ],
                    [
                      -92.668,
                      264
                    ],
                    [
                      -260,
                      96.668
                    ],
                    [
                      -260,
                      -108.668
                    ],
                    [
                      -92.668,
                      -276
                    ],
                    [
                      112.668,
                      -276
                    ]
                  ],
                  "c": true
                },
                "ix": 2
              },
              "nm": "Path 1",
              "mn": "ADBE Vector Shape - Group",
              "hd": false,
              "_render": true
            },
            {
              "ty": "st",
              "c": {
                "a": 0,
                "k": [
                  0,
                  0,
                  0,
                  1
                ],
                "ix": 3
              },
              "o": {
                "a": 0,
                "k": 100,
                "ix": 4
              },
              "w": {
                "a": 0,
                "k": 35,
                "ix": 5
              },
              "lc": 2,
              "lj": 2,
              "bm": 0,
              "nm": "Stroke 1",
              "mn": "ADBE Vector Graphic - Stroke",
              "hd": false,
              "_render": true
            },
            {
              "ty": "tr",
              "p": {
                "a": 0,
                "k": [
                  0,
                  0
                ],
                "ix": 2
              },
              "a": {
                "a": 0,
                "k": [
                  0,
                  0
                ],
                "ix": 1
              },
              "s": {
                "a": 0,
                "k": [
                  100,
                  100
                ],
                "ix": 3
              },
              "r": {
                "a": 0,
                "k": 0,
                "ix": 6
              },
              "o": {
                "a": 0,
                "k": 100,
                "ix": 7
              },
              "sk": {
                "a": 0,
                "k": 0,
                "ix": 4
              },
              "sa": {
                "a": 0,
                "k": 0,
                "ix": 5
              },
              "nm": "Transform",
              "_render": true
            }
          ],
          "nm": "Group 1",
          "np": 2,
          "cix": 2,
          "bm": 0,
          "ix": 1,
          "mn": "ADBE Vector Group",
          "hd": false,
          "_render": true
        },
        {
          "ty": "tm",
          "s": {
            "a": 0,
            "k": 4,
            "ix": 1
          },
          "e": {
            "a": 0,
            "k": 84,
            "ix": 2
          },
          "o": {
            "a": 1,
            "k": [
              {
                "i": {
                  "x": [
                    0.34
                  ],
                  "y": [
                    1
                  ]
                },
                "o": {
                  "x": [
                    0.66
                  ],
                  "y": [
                    0
                  ]
                },
                "t": 0,
                "s": [
                  0
                ]
              },
              {
                "i": {
                  "x": [
                    0.34
                  ],
                  "y": [
                    1
                  ]
                },
                "o": {
                  "x": [
                    0.66
                  ],
                  "y": [
                    0
                  ]
                },
                "t": 25,
                "s": [
                  -93
                ]
              },
              {
                "t": 50,
                "s": [
                  0
                ]
              }
            ],
            "ix": 3
          },
          "m": 1,
          "ix": 2,
          "nm": "Trim Paths 1",
          "mn": "ADBE Vector Filter - Trim",
          "hd": false,
          "_render": true
        }
      ],
      "ip": 0,
      "op": 120,
      "st": 0,
      "ct": 1,
      "bm": 0,
      "completed": true
    }
  ],
  "markers": [],
  "__complete": true
}