{
  "v": "5.9.6",
  "fr": 60,
  "ip": 0,
  "op": 120,
  "w": 750,
  "h": 750,
  "nm": "Comp 1",
  "ddd": 0,
  "assets": [],
  "layers": [
    {
      "ddd": 0,
      "ind": 1,
      "ty": 4,
      "nm": "Layer 2",
      "sr": 1,
      "ks": {
        "o": {
          "a": 0,
          "k": 100,
          "ix": 11
        },
        "r": {
          "a": 0,
          "k": 0,
          "ix": 10
        },
        "p": {
          "a": 0,
          "k": [
            375,
            375,
            0
          ],
          "ix": 2,
          "l": 2
        },
        "a": {
          "a": 0,
          "k": [
            512.046,
            483.088,
            0
          ],
          "ix": 1,
          "l": 2
        },
        "s": {
          "a": 0,
          "k": [
            100,
            100,
            100
          ],
          "ix": 6,
          "l": 2
        }
      },
      "ao": 0,
      "shapes": [
        {
          "ty": "gr",
          "it": [
            {
              "ind": 0,
              "ty": "sh",
              "ix": 1,
              "ks": {
                "a": 1,
                "k": [
                  {
                    "i": {
                      "x": 0.37,
                      "y": 1
                    },
                    "o": {
                      "x": 0.63,
                      "y": 0
                    },
                    "t": 0,
                    "s": [
                      {
                        "i": [
                          [
                            124.235,
                            -89.76400000000001
                          ],
                          [
                            124.235,
                            47.241
                          ],
                          [
                            89.76400000000001,
                            124.235
                          ],
                          [
                            -47.241,
                            124.235
                          ],
                          [
                            -124.235,
                            89.76400000000001
                          ],
                          [
                            -124.235,
                            -47.241
                          ],
                          [
                            -89.76400000000001,
                            -124.235
                          ],
                          [
                            47.241,
                            -124.235
                          ]
                        ],
                        "o": [
                          [
                            124.235,
                            -47.241
                          ],
                          [
                            124.235,
                            89.76400000000001
                          ],
                          [
                            47.241,
                            124.235
                          ],
                          [
                            -89.76400000000001,
                            124.235
                          ],
                          [
                            -124.235,
                            47.241
                          ],
                          [
                            -124.235,
                            -89.76400000000001
                          ],
                          [
                            -47.241,
                            -124.235
                          ],
                          [
                            89.76400000000001,
                            -124.235
                          ]
                        ],
                        "v": [
                          [
                            124.235,
                            -47.241
                          ],
                          [
                            124.235,
                            47.241
                          ],
                          [
                            47.241,
                            124.235
                          ],
                          [
                            -47.241,
                            124.235
                          ],
                          [
                            -124.235,
                            47.241
                          ],
                          [
                            -124.235,
                            -47.241
                          ],
                          [
                            -47.241,
                            -124.235
                          ],
                          [
                            47.241,
                            -124.235
                          ]
                        ],
                        "c": true
                      }
                    ]
                  },
                  {
                    "i": {
                      "x": 0.37,
                      "y": 1
                    },
                    "o": {
                      "x": 0.63,
                      "y": 0
                    },
                    "t": 25,
                    "s": [
                      {
                        "i": [
                          [
                            -89.76400000000001,
                            -124.235
                          ],
                          [
                            47.241,
                            -124.235
                          ],
                          [
                            124.235,
                            -89.76400000000001
                          ],
                          [
                            124.235,
                            47.241
                          ],
                          [
                            89.76400000000001,
                            124.235
                          ],
                          [
                            -47.241,
                            124.235
                          ],
                          [
                            -124.235,
                            89.76400000000001
                          ],
                          [
                            -124.235,
                            -47.241
                          ]
                        ],
                        "o": [
                          [
                            -47.241,
                            -124.235
                          ],
                          [
                            89.76400000000001,
                            -124.235
                          ],
                          [
                            124.235,
                            -47.241
                          ],
                          [
                            124.235,
                            89.76400000000001
                          ],
                          [
                            47.241,
                            124.235
                          ],
                          [
                            -89.76400000000001,
                            124.235
                          ],
                          [
                            -124.235,
                            47.241
                          ],
                          [
                            -124.235,
                            -89.76400000000001
                          ]
                        ],
                        "v": [
                          [
                            -47.241,
                            -124.235
                          ],
                          [
                            47.241,
                            -124.235
                          ],
                          [
                            124.235,
                            -47.241
                          ],
                          [
                            124.235,
                            47.241
                          ],
                          [
                            47.241,
                            124.235
                          ],
                          [
                            -47.241,
                            124.235
                          ],
                          [
                            -124.235,
                            47.241
                          ],
                          [
                            -124.235,
                            -47.241
                          ]
                        ],
                        "c": true
                      }
                    ]
                  },
                  {
                    "t": 50,
                    "s": [
                      {
                        "i": [
                          [
                            124.235,
                            -89.76400000000001
                          ],
                          [
                            124.235,
                            47.241
                          ],
                          [
                            89.76400000000001,
                            124.235
                          ],
                          [
                            -47.241,
                            124.235
                          ],
                          [
                            -124.235,
                            89.76400000000001
                          ],
                          [
                            -124.235,
                            -47.241
                          ],
                          [
                            -89.76400000000001,
                            -124.235
                          ],
                          [
                            47.241,
                            -124.235
                          ]
                        ],
                        "o": [
                          [
                            124.235,
                            -47.241
                          ],
                          [
                            124.235,
                            89.76400000000001
                          ],
                          [
                            47.241,
                            124.235
                          ],
                          [
                            -89.76400000000001,
                            124.235
                          ],
                          [
                            -124.235,
                            47.241
                          ],
                          [
                            -124.235,
                            -89.76400000000001
                          ],
                          [
                            -47.241,
                            -124.235
                          ],
                          [
                            89.76400000000001,
                            -124.235
                          ]
                        ],
                        "v": [
                          [
                            124.235,
                            -47.241
                          ],
                          [
                            124.235,
                            47.241
                          ],
                          [
                            47.241,
                            124.235
                          ],
                          [
                            -47.241,
                            124.235
                          ],
                          [
                            -124.235,
                            47.241
                          ],
                          [
                            -124.235,
                            -47.241
                          ],
                          [
                            -47.241,
                            -124.235
                          ],
                          [
                            47.241,
                            -124.235
                          ]
                        ],
                        "c": true
                      }
                    ]
                  }
                ],
                "ix": 2
              },
              "nm": "Path 1",
              "mn": "ADBE Vector Shape - Group",
              "hd": false,
              "_render": true
            },
            {
              "ty": "st",
              "c": {
                "a": 0,
                "k": [
                  0,
                  0,
                  0,
                  1
                ],
                "ix": 3
              },
              "o": {
                "a": 0,
                "k": 100,
                "ix": 4
              },
              "w": {
                "a": 0,
                "k": 35,
                "ix": 5
              },
              "lc": 2,
              "lj": 2,
              "bm": 0,
              "nm": "Stroke 1",
              "mn": "ADBE Vector Graphic - Stroke",
              "hd": false,
              "_render": true
            },
            {
              "ty": "tr",
              "p": {
                "a": 0,
                "k": [
                  512.046,
                  483.088
                ],
                "ix": 2
              },
              "a": {
                "a": 0,
                "k": [
                  0,
                  0
                ],
                "ix": 1
              },
              "s": {
                "a": 0,
                "k": [
                  100,
                  100
                ],
                "ix": 3
              },
              "r": {
                "a": 0,
                "k": 0,
                "ix": 6
              },
              "o": {
                "a": 0,
                "k": 100,
                "ix": 7
              },
              "sk": {
                "a": 0,
                "k": 0,
                "ix": 4
              },
              "sa": {
                "a": 0,
                "k": 0,
                "ix": 5
              },
              "nm": "Transform",
              "_render": true
            }
          ],
          "nm": "Group 1",
          "np": 2,
          "cix": 2,
          "bm": 0,
          "ix": 1,
          "mn": "ADBE Vector Group",
          "hd": false,
          "_render": true
        },
        {
          "ty": "gr",
          "it": [
            {
              "ind": 0,
              "ty": "sh",
              "ix": 1,
              "ks": {
                "a": 0,
                "k": {
                  "i": [
                    [
                      238,
                      -171.962
                    ],
                    [
                      238,
                      90.5
                    ],
                    [
                      171.962,
                      238
                    ],
                    [
                      -90.5,
                      238
                    ],
                    [
                      -238,
                      171.962
                    ],
                    [
                      -238,
                      -90.5
                    ],
                    [
                      -171.962,
                      -238
                    ],
                    [
                      90.5,
                      -238
                    ]
                  ],
                  "o": [
                    [
                      238,
                      -90.5
                    ],
                    [
                      238,
                      171.962
                    ],
                    [
                      90.5,
                      238
                    ],
                    [
                      -171.962,
                      238
                    ],
                    [
                      -238,
                      90.5
                    ],
                    [
                      -238,
                      -171.962
                    ],
                    [
                      -90.5,
                      -238
                    ],
                    [
                      171.962,
                      -238
                    ]
                  ],
                  "v": [
                    [
                      238,
                      -90.5
                    ],
                    [
                      238,
                      90.5
                    ],
                    [
                      90.5,
                      238
                    ],
                    [
                      -90.5,
                      238
                    ],
                    [
                      -238,
                      90.5
                    ],
                    [
                      -238,
                      -90.5
                    ],
                    [
                      -90.5,
                      -238
                    ],
                    [
                      90.5,
                      -238
                    ]
                  ],
                  "c": true
                },
                "ix": 2
              },
              "nm": "Path 1",
              "mn": "ADBE Vector Shape - Group",
              "hd": false,
              "_render": true
            },
            {
              "ty": "st",
              "c": {
                "a": 0,
                "k": [
                  0,
                  0,
                  0,
                  1
                ],
                "ix": 3
              },
              "o": {
                "a": 0,
                "k": 100,
                "ix": 4
              },
              "w": {
                "a": 0,
                "k": 35,
                "ix": 5
              },
              "lc": 2,
              "lj": 2,
              "bm": 0,
              "nm": "Stroke 1",
              "mn": "ADBE Vector Graphic - Stroke",
              "hd": false,
              "_render": true
            },
            {
              "ty": "tr",
              "p": {
                "a": 0,
                "k": [
                  512.046,
                  483.088
                ],
                "ix": 2
              },
              "a": {
                "a": 0,
                "k": [
                  0,
                  0
                ],
                "ix": 1
              },
              "s": {
                "a": 0,
                "k": [
                  100,
                  100
                ],
                "ix": 3
              },
              "r": {
                "a": 0,
                "k": 0,
                "ix": 6
              },
              "o": {
                "a": 0,
                "k": 100,
                "ix": 7
              },
              "sk": {
                "a": 0,
                "k": 0,
                "ix": 4
              },
              "sa": {
                "a": 0,
                "k": 0,
                "ix": 5
              },
              "nm": "Transform",
              "_render": true
            }
          ],
          "nm": "Group 2",
          "np": 2,
          "cix": 2,
          "bm": 0,
          "ix": 2,
          "mn": "ADBE Vector Group",
          "hd": false,
          "_render": true
        }
      ],
      "ip": 0,
      "op": 120,
      "st": 0,
      "ct": 1,
      "bm": 0,
      "completed": true
    }
  ],
  "markers": [],
  "__complete": true
}