{
  "v": "5.9.6",
  "fr": 60,
  "ip": 0,
  "op": 120,
  "w": 750,
  "h": 750,
  "nm": "Comp 1",
  "ddd": 0,
  "assets": [],
  "layers": [
    {
      "ddd": 0,
      "ind": 1,
      "ty": 4,
      "nm": "Layer 1",
      "sr": 1,
      "ks": {
        "o": {
          "a": 0,
          "k": 100,
          "ix": 11
        },
        "r": {
          "a": 0,
          "k": 0,
          "ix": 10
        },
        "p": {
          "a": 0,
          "k": [
            375,
            375,
            0
          ],
          "ix": 2,
          "l": 2
        },
        "a": {
          "a": 0,
          "k": [
            527.151,
            500,
            0
          ],
          "ix": 1,
          "l": 2
        },
        "s": {
          "a": 0,
          "k": [
            100,
            100,
            100
          ],
          "ix": 6,
          "l": 2
        }
      },
      "ao": 0,
      "shapes": [
        {
          "ty": "gr",
          "it": [
            {
              "ind": 0,
              "ty": "sh",
              "ix": 1,
              "ks": {
                "a": 1,
                "k": [
                  {
                    "i": {
                      "x": 0.667,
                      "y": 1
                    },
                    "o": {
                      "x": 1,
                      "y": 0
                    },
                    "t": 4,
                    "s": [
                      {
                        "i": [
                          [
                            -112.155,
                            46.268
                          ],
                          [
                            -112.155,
                            15.82
                          ],
                          [
                            -81.40299999999999,
                            -46.268
                          ],
                          [
                            43.469,
                            -46.268
                          ],
                          [
                            112.155,
                            -18.47
                          ],
                          [
                            112.155,
                            46.268
                          ]
                        ],
                        "o": [
                          [
                            -112.155,
                            46.268
                          ],
                          [
                            -112.155,
                            -18.47
                          ],
                          [
                            -43.469,
                            -46.268
                          ],
                          [
                            81.40299999999999,
                            -46.268
                          ],
                          [
                            112.155,
                            15.82
                          ],
                          [
                            112.155,
                            46.268
                          ]
                        ],
                        "v": [
                          [
                            -112.155,
                            46.268
                          ],
                          [
                            -112.155,
                            15.82
                          ],
                          [
                            -43.469,
                            -46.268
                          ],
                          [
                            43.469,
                            -46.268
                          ],
                          [
                            112.155,
                            15.82
                          ],
                          [
                            112.155,
                            46.268
                          ]
                        ],
                        "c": false
                      }
                    ]
                  },
                  {
                    "i": {
                      "x": 0,
                      "y": 1
                    },
                    "o": {
                      "x": 0.333,
                      "y": 0
                    },
                    "t": 29,
                    "s": [
                      {
                        "i": [
                          [
                            -113.162,
                            208.768
                          ],
                          [
                            -113.162,
                            178.32
                          ],
                          [
                            -82.41,
                            116.232
                          ],
                          [
                            42.462,
                            116.232
                          ],
                          [
                            111.148,
                            144.03
                          ],
                          [
                            111.148,
                            208.768
                          ]
                        ],
                        "o": [
                          [
                            -113.162,
                            208.768
                          ],
                          [
                            -113.162,
                            144.03
                          ],
                          [
                            -44.476,
                            116.232
                          ],
                          [
                            80.396,
                            116.232
                          ],
                          [
                            111.148,
                            178.32
                          ],
                          [
                            111.148,
                            208.768
                          ]
                        ],
                        "v": [
                          [
                            -113.162,
                            208.768
                          ],
                          [
                            -113.162,
                            178.32
                          ],
                          [
                            -44.476,
                            116.232
                          ],
                          [
                            42.462,
                            116.232
                          ],
                          [
                            111.148,
                            178.32
                          ],
                          [
                            111.148,
                            208.768
                          ]
                        ],
                        "c": false
                      }
                    ]
                  },
                  {
                    "t": 54,
                    "s": [
                      {
                        "i": [
                          [
                            -112.155,
                            46.268
                          ],
                          [
                            -112.155,
                            15.82
                          ],
                          [
                            -81.40299999999999,
                            -46.268
                          ],
                          [
                            43.469,
                            -46.268
                          ],
                          [
                            112.155,
                            -18.47
                          ],
                          [
                            112.155,
                            46.268
                          ]
                        ],
                        "o": [
                          [
                            -112.155,
                            46.268
                          ],
                          [
                            -112.155,
                            -18.47
                          ],
                          [
                            -43.469,
                            -46.268
                          ],
                          [
                            81.40299999999999,
                            -46.268
                          ],
                          [
                            112.155,
                            15.82
                          ],
                          [
                            112.155,
                            46.268
                          ]
                        ],
                        "v": [
                          [
                            -112.155,
                            46.268
                          ],
                          [
                            -112.155,
                            15.82
                          ],
                          [
                            -43.469,
                            -46.268
                          ],
                          [
                            43.469,
                            -46.268
                          ],
                          [
                            112.155,
                            15.82
                          ],
                          [
                            112.155,
                            46.268
                          ]
                        ],
                        "c": false
                      }
                    ]
                  }
                ],
                "ix": 2
              },
              "nm": "Path 1",
              "mn": "ADBE Vector Shape - Group",
              "hd": false,
              "_render": true
            },
            {
              "ty": "st",
              "c": {
                "a": 0,
                "k": [
                  0,
                  0,
                  0,
                  1
                ],
                "ix": 3
              },
              "o": {
                "a": 0,
                "k": 100,
                "ix": 4
              },
              "w": {
                "a": 0,
                "k": 35,
                "ix": 5
              },
              "lc": 2,
              "lj": 2,
              "bm": 0,
              "nm": "Stroke 1",
              "mn": "ADBE Vector Graphic - Stroke",
              "hd": false,
              "_render": true
            },
            {
              "ty": "tr",
              "p": {
                "a": 0,
                "k": [
                  520.007,
                  289.76
                ],
                "ix": 2
              },
              "a": {
                "a": 0,
                "k": [
                  0,
                  0
                ],
                "ix": 1
              },
              "s": {
                "a": 0,
                "k": [
                  100,
                  100
                ],
                "ix": 3
              },
              "r": {
                "a": 0,
                "k": 0,
                "ix": 6
              },
              "o": {
                "a": 0,
                "k": 100,
                "ix": 7
              },
              "sk": {
                "a": 0,
                "k": 0,
                "ix": 4
              },
              "sa": {
                "a": 0,
                "k": 0,
                "ix": 5
              },
              "nm": "Transform",
              "_render": true
            }
          ],
          "nm": "Group 1",
          "np": 2,
          "cix": 2,
          "bm": 0,
          "ix": 1,
          "mn": "ADBE Vector Group",
          "hd": false,
          "_render": true
        },
        {
          "ty": "gr",
          "it": [
            {
              "ind": 0,
              "ty": "sh",
              "ix": 1,
              "ks": {
                "a": 1,
                "k": [
                  {
                    "i": {
                      "x": 0.667,
                      "y": 1
                    },
                    "o": {
                      "x": 1,
                      "y": 0
                    },
                    "t": 2,
                    "s": [
                      {
                        "i": [
                          [
                            -223.856,
                            0
                          ],
                          [
                            223.856,
                            0
                          ]
                        ],
                        "o": [
                          [
                            -223.856,
                            0
                          ],
                          [
                            223.856,
                            0
                          ]
                        ],
                        "v": [
                          [
                            -223.856,
                            0
                          ],
                          [
                            223.856,
                            0
                          ]
                        ],
                        "c": false
                      }
                    ]
                  },
                  {
                    "i": {
                      "x": 0,
                      "y": 1
                    },
                    "o": {
                      "x": 0.333,
                      "y": 0
                    },
                    "t": 27,
                    "s": [
                      {
                        "i": [
                          [
                            -224.863,
                            162.5
                          ],
                          [
                            222.849,
                            162.5
                          ]
                        ],
                        "o": [
                          [
                            -224.863,
                            162.5
                          ],
                          [
                            222.849,
                            162.5
                          ]
                        ],
                        "v": [
                          [
                            -224.863,
                            162.5
                          ],
                          [
                            222.849,
                            162.5
                          ]
                        ],
                        "c": false
                      }
                    ]
                  },
                  {
                    "t": 52,
                    "s": [
                      {
                        "i": [
                          [
                            -223.856,
                            0
                          ],
                          [
                            223.856,
                            0
                          ]
                        ],
                        "o": [
                          [
                            -223.856,
                            0
                          ],
                          [
                            223.856,
                            0
                          ]
                        ],
                        "v": [
                          [
                            -223.856,
                            0
                          ],
                          [
                            223.856,
                            0
                          ]
                        ],
                        "c": false
                      }
                    ]
                  }
                ],
                "ix": 2
              },
              "nm": "Path 1",
              "mn": "ADBE Vector Shape - Group",
              "hd": false,
              "_render": true
            },
            {
              "ty": "st",
              "c": {
                "a": 0,
                "k": [
                  0,
                  0,
                  0,
                  1
                ],
                "ix": 3
              },
              "o": {
                "a": 0,
                "k": 100,
                "ix": 4
              },
              "w": {
                "a": 0,
                "k": 35,
                "ix": 5
              },
              "lc": 2,
              "lj": 2,
              "bm": 0,
              "nm": "Stroke 1",
              "mn": "ADBE Vector Graphic - Stroke",
              "hd": false,
              "_render": true
            },
            {
              "ty": "tr",
              "p": {
                "a": 0,
                "k": [
                  527.151,
                  336.028
                ],
                "ix": 2
              },
              "a": {
                "a": 0,
                "k": [
                  0,
                  0
                ],
                "ix": 1
              },
              "s": {
                "a": 0,
                "k": [
                  100,
                  100
                ],
                "ix": 3
              },
              "r": {
                "a": 0,
                "k": 0,
                "ix": 6
              },
              "o": {
                "a": 0,
                "k": 100,
                "ix": 7
              },
              "sk": {
                "a": 0,
                "k": 0,
                "ix": 4
              },
              "sa": {
                "a": 0,
                "k": 0,
                "ix": 5
              },
              "nm": "Transform",
              "_render": true
            }
          ],
          "nm": "Group 2",
          "np": 2,
          "cix": 2,
          "bm": 0,
          "ix": 2,
          "mn": "ADBE Vector Group",
          "hd": false,
          "_render": true
        },
        {
          "ty": "gr",
          "it": [
            {
              "ind": 0,
              "ty": "sh",
              "ix": 1,
              "ks": {
                "a": 1,
                "k": [
                  {
                    "i": {
                      "x": 0.667,
                      "y": 1
                    },
                    "o": {
                      "x": 1,
                      "y": 0
                    },
                    "t": 0,
                    "s": [
                      {
                        "i": [
                          [
                            -151.568,
                            170.675
                          ],
                          [
                            -151.568,
                            -210.24
                          ],
                          [
                            151.568,
                            -210.24
                          ],
                          [
                            151.568,
                            121.868
                          ],
                          [
                            112.003,
                            210.24
                          ],
                          [
                            -63.196,
                            210.24
                          ]
                        ],
                        "o": [
                          [
                            -151.568,
                            121.868
                          ],
                          [
                            -151.568,
                            -210.24
                          ],
                          [
                            151.568,
                            -210.24
                          ],
                          [
                            151.568,
                            170.675
                          ],
                          [
                            63.196,
                            210.24
                          ],
                          [
                            -112.003,
                            210.24
                          ]
                        ],
                        "v": [
                          [
                            -151.568,
                            121.868
                          ],
                          [
                            -151.568,
                            -210.24
                          ],
                          [
                            151.568,
                            -210.24
                          ],
                          [
                            151.568,
                            121.868
                          ],
                          [
                            63.196,
                            210.24
                          ],
                          [
                            -63.196,
                            210.24
                          ]
                        ],
                        "c": true
                      }
                    ]
                  },
                  {
                    "i": {
                      "x": 0,
                      "y": 1
                    },
                    "o": {
                      "x": 0.333,
                      "y": 0
                    },
                    "t": 25,
                    "s": [
                      {
                        "i": [
                          [
                            -151.568,
                            170.675
                          ],
                          [
                            -152.575,
                            -47.74
                          ],
                          [
                            150.561,
                            -47.74
                          ],
                          [
                            151.568,
                            121.868
                          ],
                          [
                            112.003,
                            210.24
                          ],
                          [
                            -63.196,
                            210.24
                          ]
                        ],
                        "o": [
                          [
                            -151.568,
                            121.868
                          ],
                          [
                            -152.575,
                            -47.74
                          ],
                          [
                            150.561,
                            -47.74
                          ],
                          [
                            151.568,
                            170.675
                          ],
                          [
                            63.196,
                            210.24
                          ],
                          [
                            -112.003,
                            210.24
                          ]
                        ],
                        "v": [
                          [
                            -151.568,
                            121.868
                          ],
                          [
                            -152.575,
                            -47.74
                          ],
                          [
                            150.561,
                            -47.74
                          ],
                          [
                            151.568,
                            121.868
                          ],
                          [
                            63.196,
                            210.24
                          ],
                          [
                            -63.196,
                            210.24
                          ]
                        ],
                        "c": true
                      }
                    ]
                  },
                  {
                    "t": 50,
                    "s": [
                      {
                        "i": [
                          [
                            -151.568,
                            170.675
                          ],
                          [
                            -151.568,
                            -210.24
                          ],
                          [
                            151.568,
                            -210.24
                          ],
                          [
                            151.568,
                            121.868
                          ],
                          [
                            112.003,
                            210.24
                          ],
                          [
                            -63.196,
                            210.24
                          ]
                        ],
                        "o": [
                          [
                            -151.568,
                            121.868
                          ],
                          [
                            -151.568,
                            -210.24
                          ],
                          [
                            151.568,
                            -210.24
                          ],
                          [
                            151.568,
                            170.675
                          ],
                          [
                            63.196,
                            210.24
                          ],
                          [
                            -112.003,
                            210.24
                          ]
                        ],
                        "v": [
                          [
                            -151.568,
                            121.868
                          ],
                          [
                            -151.568,
                            -210.24
                          ],
                          [
                            151.568,
                            -210.24
                          ],
                          [
                            151.568,
                            121.868
                          ],
                          [
                            63.196,
                            210.24
                          ],
                          [
                            -63.196,
                            210.24
                          ]
                        ],
                        "c": true
                      }
                    ]
                  }
                ],
                "ix": 2
              },
              "nm": "Path 1",
              "mn": "ADBE Vector Shape - Group",
              "hd": false,
              "_render": true
            },
            {
              "ty": "st",
              "c": {
                "a": 0,
                "k": [
                  0,
                  0,
                  0,
                  1
                ],
                "ix": 3
              },
              "o": {
                "a": 0,
                "k": 100,
                "ix": 4
              },
              "w": {
                "a": 0,
                "k": 35,
                "ix": 5
              },
              "lc": 2,
              "lj": 2,
              "bm": 0,
              "nm": "Stroke 1",
              "mn": "ADBE Vector Graphic - Stroke",
              "hd": false,
              "_render": true
            },
            {
              "ty": "tr",
              "p": {
                "a": 0,
                "k": [
                  522.19,
                  546.268
                ],
                "ix": 2
              },
              "a": {
                "a": 0,
                "k": [
                  0,
                  0
                ],
                "ix": 1
              },
              "s": {
                "a": 0,
                "k": [
                  100,
                  100
                ],
                "ix": 3
              },
              "r": {
                "a": 0,
                "k": 0,
                "ix": 6
              },
              "o": {
                "a": 0,
                "k": 100,
                "ix": 7
              },
              "sk": {
                "a": 0,
                "k": 0,
                "ix": 4
              },
              "sa": {
                "a": 0,
                "k": 0,
                "ix": 5
              },
              "nm": "Transform",
              "_render": true
            }
          ],
          "nm": "Group 3",
          "np": 2,
          "cix": 2,
          "bm": 0,
          "ix": 3,
          "mn": "ADBE Vector Group",
          "hd": false,
          "_render": true
        }
      ],
      "ip": 0,
      "op": 120,
      "st": 0,
      "ct": 1,
      "bm": 0,
      "completed": true
    }
  ],
  "markers": [],
  "__complete": true
}