{
  "v": "5.9.6",
  "fr": 60,
  "ip": 0,
  "op": 120,
  "w": 750,
  "h": 750,
  "nm": "Comp 1",
  "ddd": 0,
  "assets": [],
  "layers": [
    {
      "ddd": 0,
      "ind": 1,
      "ty": 4,
      "nm": "Layer 2",
      "sr": 1,
      "ks": {
        "o": {
          "a": 0,
          "k": 100,
          "ix": 11
        },
        "r": {
          "a": 0,
          "k": 0,
          "ix": 10
        },
        "p": {
          "a": 0,
          "k": [
            375,
            375,
            0
          ],
          "ix": 2,
          "l": 2
        },
        "a": {
          "a": 0,
          "k": [
            536.813,
            485.413,
            0
          ],
          "ix": 1,
          "l": 2
        },
        "s": {
          "a": 0,
          "k": [
            100,
            100,
            100
          ],
          "ix": 6,
          "l": 2
        }
      },
      "ao": 0,
      "shapes": [
        {
          "ty": "gr",
          "it": [
            {
              "ind": 0,
              "ty": "sh",
              "ix": 1,
              "ks": {
                "a": 1,
                "k": [
                  {
                    "i": {
                      "x": 0.22,
                      "y": 1
                    },
                    "o": {
                      "x": 0.78,
                      "y": 0
                    },
                    "t": 0,
                    "s": [
                      {
                        "i": [
                          [
                            -36.772,
                            -73.19
                          ],
                          [
                            36.772,
                            0.354
                          ],
                          [
                            -36.063,
                            73.19
                          ]
                        ],
                        "o": [
                          [
                            -36.772,
                            -73.19
                          ],
                          [
                            36.772,
                            0.354
                          ],
                          [
                            -36.063,
                            73.19
                          ]
                        ],
                        "v": [
                          [
                            -36.772,
                            -73.19
                          ],
                          [
                            36.772,
                            0.354
                          ],
                          [
                            -36.063,
                            73.19
                          ]
                        ],
                        "c": false
                      }
                    ]
                  },
                  {
                    "i": {
                      "x": 0.22,
                      "y": 1
                    },
                    "o": {
                      "x": 0.78,
                      "y": 0
                    },
                    "t": 20.02,
                    "s": [
                      {
                        "i": [
                          [
                            91.668,
                            -74.013
                          ],
                          [
                            165.212,
                            -0.468
                          ],
                          [
                            92.377,
                            72.367
                          ]
                        ],
                        "o": [
                          [
                            91.668,
                            -74.013
                          ],
                          [
                            165.212,
                            -0.468
                          ],
                          [
                            92.377,
                            72.367
                          ]
                        ],
                        "v": [
                          [
                            91.668,
                            -74.013
                          ],
                          [
                            165.212,
                            -0.468
                          ],
                          [
                            92.377,
                            72.367
                          ]
                        ],
                        "c": false
                      }
                    ]
                  },
                  {
                    "t": 40.041015625,
                    "s": [
                      {
                        "i": [
                          [
                            -36.772,
                            -73.19
                          ],
                          [
                            36.772,
                            0.354
                          ],
                          [
                            -36.063,
                            73.19
                          ]
                        ],
                        "o": [
                          [
                            -36.772,
                            -73.19
                          ],
                          [
                            36.772,
                            0.354
                          ],
                          [
                            -36.063,
                            73.19
                          ]
                        ],
                        "v": [
                          [
                            -36.772,
                            -73.19
                          ],
                          [
                            36.772,
                            0.354
                          ],
                          [
                            -36.063,
                            73.19
                          ]
                        ],
                        "c": false
                      }
                    ]
                  }
                ],
                "ix": 2
              },
              "nm": "Path 1",
              "mn": "ADBE Vector Shape - Group",
              "hd": false,
              "_render": true
            },
            {
              "ty": "st",
              "c": {
                "a": 0,
                "k": [
                  0,
                  0,
                  0,
                  1
                ],
                "ix": 3
              },
              "o": {
                "a": 0,
                "k": 100,
                "ix": 4
              },
              "w": {
                "a": 0,
                "k": 35,
                "ix": 5
              },
              "lc": 2,
              "lj": 2,
              "bm": 0,
              "nm": "Stroke 1",
              "mn": "ADBE Vector Graphic - Stroke",
              "hd": false,
              "_render": true
            },
            {
              "ty": "tr",
              "p": {
                "a": 0,
                "k": [
                  493.894,
                  660.371
                ],
                "ix": 2
              },
              "a": {
                "a": 0,
                "k": [
                  0,
                  0
                ],
                "ix": 1
              },
              "s": {
                "a": 0,
                "k": [
                  100,
                  100
                ],
                "ix": 3
              },
              "r": {
                "a": 0,
                "k": 0,
                "ix": 6
              },
              "o": {
                "a": 0,
                "k": 100,
                "ix": 7
              },
              "sk": {
                "a": 0,
                "k": 0,
                "ix": 4
              },
              "sa": {
                "a": 0,
                "k": 0,
                "ix": 5
              },
              "nm": "Transform",
              "_render": true
            }
          ],
          "nm": "Group 1",
          "np": 2,
          "cix": 2,
          "bm": 0,
          "ix": 1,
          "mn": "ADBE Vector Group",
          "hd": false,
          "_render": true
        },
        {
          "ty": "gr",
          "it": [
            {
              "ind": 0,
              "ty": "sh",
              "ix": 1,
              "ks": {
                "a": 1,
                "k": [
                  {
                    "i": {
                      "x": 0.22,
                      "y": 1
                    },
                    "o": {
                      "x": 0.78,
                      "y": 0
                    },
                    "t": 0,
                    "s": [
                      {
                        "i": [
                          [
                            36.772,
                            -73.19
                          ],
                          [
                            -36.772,
                            0.354
                          ],
                          [
                            36.063,
                            73.19
                          ]
                        ],
                        "o": [
                          [
                            36.772,
                            -73.19
                          ],
                          [
                            -36.772,
                            0.354
                          ],
                          [
                            36.063,
                            73.19
                          ]
                        ],
                        "v": [
                          [
                            36.772,
                            -73.19
                          ],
                          [
                            -36.772,
                            0.354
                          ],
                          [
                            36.063,
                            73.19
                          ]
                        ],
                        "c": false
                      }
                    ]
                  },
                  {
                    "i": {
                      "x": 0.22,
                      "y": 1
                    },
                    "o": {
                      "x": 0.78,
                      "y": 0
                    },
                    "t": 20.02,
                    "s": [
                      {
                        "i": [
                          [
                            -100.843,
                            -74.304
                          ],
                          [
                            -174.387,
                            -0.76
                          ],
                          [
                            -101.551,
                            72.076
                          ]
                        ],
                        "o": [
                          [
                            -100.843,
                            -74.304
                          ],
                          [
                            -174.387,
                            -0.76
                          ],
                          [
                            -101.551,
                            72.076
                          ]
                        ],
                        "v": [
                          [
                            -100.843,
                            -74.304
                          ],
                          [
                            -174.387,
                            -0.76
                          ],
                          [
                            -101.551,
                            72.076
                          ]
                        ],
                        "c": false
                      }
                    ]
                  },
                  {
                    "t": 40.041015625,
                    "s": [
                      {
                        "i": [
                          [
                            36.772,
                            -73.19
                          ],
                          [
                            -36.772,
                            0.354
                          ],
                          [
                            36.063,
                            73.19
                          ]
                        ],
                        "o": [
                          [
                            36.772,
                            -73.19
                          ],
                          [
                            -36.772,
                            0.354
                          ],
                          [
                            36.063,
                            73.19
                          ]
                        ],
                        "v": [
                          [
                            36.772,
                            -73.19
                          ],
                          [
                            -36.772,
                            0.354
                          ],
                          [
                            36.063,
                            73.19
                          ]
                        ],
                        "c": false
                      }
                    ]
                  }
                ],
                "ix": 2
              },
              "nm": "Path 1",
              "mn": "ADBE Vector Shape - Group",
              "hd": false,
              "_render": true
            },
            {
              "ty": "st",
              "c": {
                "a": 0,
                "k": [
                  0,
                  0,
                  0,
                  1
                ],
                "ix": 3
              },
              "o": {
                "a": 0,
                "k": 100,
                "ix": 4
              },
              "w": {
                "a": 0,
                "k": 35,
                "ix": 5
              },
              "lc": 2,
              "lj": 2,
              "bm": 0,
              "nm": "Stroke 1",
              "mn": "ADBE Vector Graphic - Stroke",
              "hd": false,
              "_render": true
            },
            {
              "ty": "tr",
              "p": {
                "a": 0,
                "k": [
                  576.527,
                  310.456
                ],
                "ix": 2
              },
              "a": {
                "a": 0,
                "k": [
                  0,
                  0
                ],
                "ix": 1
              },
              "s": {
                "a": 0,
                "k": [
                  100,
                  100
                ],
                "ix": 3
              },
              "r": {
                "a": 0,
                "k": 0,
                "ix": 6
              },
              "o": {
                "a": 0,
                "k": 100,
                "ix": 7
              },
              "sk": {
                "a": 0,
                "k": 0,
                "ix": 4
              },
              "sa": {
                "a": 0,
                "k": 0,
                "ix": 5
              },
              "nm": "Transform",
              "_render": true
            }
          ],
          "nm": "Group 2",
          "np": 2,
          "cix": 2,
          "bm": 0,
          "ix": 2,
          "mn": "ADBE Vector Group",
          "hd": false,
          "_render": true
        },
        {
          "ty": "gr",
          "it": [
            {
              "ty": "gr",
              "it": [
                {
                  "ind": 0,
                  "ty": "sh",
                  "ix": 1,
                  "ks": {
                    "a": 1,
                    "k": [
                      {
                        "i": {
                          "x": 0.22,
                          "y": 1
                        },
                        "o": {
                          "x": 0.78,
                          "y": 0
                        },
                        "t": 0,
                        "s": [
                          {
                            "i": [
                              [
                                -98.257,
                                -174.957
                              ],
                              [
                                -28.208,
                                -174.957
                              ],
                              [
                                98.257,
                                -118.338
                              ],
                              [
                                98.257,
                                48.493
                              ],
                              [
                                41.637,
                                174.957
                              ],
                              [
                                -82.374,
                                174.957
                              ]
                            ],
                            "o": [
                              [
                                -98.257,
                                -174.957
                              ],
                              [
                                41.637,
                                -174.957
                              ],
                              [
                                98.257,
                                -48.493
                              ],
                              [
                                98.257,
                                118.338
                              ],
                              [
                                -28.208,
                                174.957
                              ],
                              [
                                -82.374,
                                174.957
                              ]
                            ],
                            "v": [
                              [
                                -98.257,
                                -174.957
                              ],
                              [
                                -28.208,
                                -174.957
                              ],
                              [
                                98.257,
                                -48.493
                              ],
                              [
                                98.257,
                                48.493
                              ],
                              [
                                -28.208,
                                174.957
                              ],
                              [
                                -82.374,
                                174.957
                              ]
                            ],
                            "c": false
                          }
                        ]
                      },
                      {
                        "i": {
                          "x": 0.22,
                          "y": 1
                        },
                        "o": {
                          "x": 0.78,
                          "y": 0
                        },
                        "t": 20.02,
                        "s": [
                          {
                            "i": [
                              [
                                -235.871,
                                -176.071
                              ],
                              [
                                -28.208,
                                -174.957
                              ],
                              [
                                98.257,
                                -118.338
                              ],
                              [
                                98.257,
                                48.493
                              ],
                              [
                                41.637,
                                174.957
                              ],
                              [
                                -82.374,
                                174.957
                              ]
                            ],
                            "o": [
                              [
                                -235.871,
                                -176.071
                              ],
                              [
                                41.637,
                                -174.957
                              ],
                              [
                                98.257,
                                -48.493
                              ],
                              [
                                98.257,
                                118.338
                              ],
                              [
                                -28.208,
                                174.957
                              ],
                              [
                                -82.374,
                                174.957
                              ]
                            ],
                            "v": [
                              [
                                -235.871,
                                -176.071
                              ],
                              [
                                -28.208,
                                -174.957
                              ],
                              [
                                98.257,
                                -48.493
                              ],
                              [
                                98.257,
                                48.493
                              ],
                              [
                                -28.208,
                                174.957
                              ],
                              [
                                -82.374,
                                174.957
                              ]
                            ],
                            "c": false
                          }
                        ]
                      },
                      {
                        "t": 40.041015625,
                        "s": [
                          {
                            "i": [
                              [
                                -98.257,
                                -174.957
                              ],
                              [
                                -28.208,
                                -174.957
                              ],
                              [
                                98.257,
                                -118.338
                              ],
                              [
                                98.257,
                                48.493
                              ],
                              [
                                41.637,
                                174.957
                              ],
                              [
                                -82.374,
                                174.957
                              ]
                            ],
                            "o": [
                              [
                                -98.257,
                                -174.957
                              ],
                              [
                                41.637,
                                -174.957
                              ],
                              [
                                98.257,
                                -48.493
                              ],
                              [
                                98.257,
                                118.338
                              ],
                              [
                                -28.208,
                                174.957
                              ],
                              [
                                -82.374,
                                174.957
                              ]
                            ],
                            "v": [
                              [
                                -98.257,
                                -174.957
                              ],
                              [
                                -28.208,
                                -174.957
                              ],
                              [
                                98.257,
                                -48.493
                              ],
                              [
                                98.257,
                                48.493
                              ],
                              [
                                -28.208,
                                174.957
                              ],
                              [
                                -82.374,
                                174.957
                              ]
                            ],
                            "c": false
                          }
                        ]
                      }
                    ],
                    "ix": 2
                  },
                  "nm": "Path 1",
                  "mn": "ADBE Vector Shape - Group",
                  "hd": false,
                  "_render": true
                },
                {
                  "ty": "st",
                  "c": {
                    "a": 0,
                    "k": [
                      0,
                      0,
                      0,
                      1
                    ],
                    "ix": 3
                  },
                  "o": {
                    "a": 0,
                    "k": 100,
                    "ix": 4
                  },
                  "w": {
                    "a": 0,
                    "k": 35,
                    "ix": 5
                  },
                  "lc": 2,
                  "lj": 2,
                  "bm": 0,
                  "nm": "Stroke 1",
                  "mn": "ADBE Vector Graphic - Stroke",
                  "hd": false,
                  "_render": true
                },
                {
                  "ty": "tr",
                  "p": {
                    "a": 0,
                    "k": [
                      676.556,
                      485.413
                    ],
                    "ix": 2
                  },
                  "a": {
                    "a": 0,
                    "k": [
                      0,
                      0
                    ],
                    "ix": 1
                  },
                  "s": {
                    "a": 0,
                    "k": [
                      100,
                      100
                    ],
                    "ix": 3
                  },
                  "r": {
                    "a": 0,
                    "k": 0,
                    "ix": 6
                  },
                  "o": {
                    "a": 0,
                    "k": 100,
                    "ix": 7
                  },
                  "sk": {
                    "a": 0,
                    "k": 0,
                    "ix": 4
                  },
                  "sa": {
                    "a": 0,
                    "k": 0,
                    "ix": 5
                  },
                  "nm": "Transform",
                  "_render": true
                }
              ],
              "nm": "Group 3",
              "np": 2,
              "cix": 2,
              "bm": 0,
              "ix": 1,
              "mn": "ADBE Vector Group",
              "hd": false,
              "_render": true
            },
            {
              "ty": "gr",
              "it": [
                {
                  "ind": 0,
                  "ty": "sh",
                  "ix": 1,
                  "ks": {
                    "a": 1,
                    "k": [
                      {
                        "i": {
                          "x": 0.22,
                          "y": 1
                        },
                        "o": {
                          "x": 0.78,
                          "y": 0
                        },
                        "t": 0,
                        "s": [
                          {
                            "i": [
                              [
                                92.096,
                                174.957
                              ],
                              [
                                34.369,
                                174.957
                              ],
                              [
                                -92.096,
                                118.338
                              ],
                              [
                                -92.096,
                                -48.493
                              ],
                              [
                                -35.476,
                                -174.957
                              ],
                              [
                                88.684,
                                -174.957
                              ]
                            ],
                            "o": [
                              [
                                92.096,
                                174.957
                              ],
                              [
                                -35.476,
                                174.957
                              ],
                              [
                                -92.096,
                                48.493
                              ],
                              [
                                -92.096,
                                -118.338
                              ],
                              [
                                34.369,
                                -174.957
                              ],
                              [
                                88.684,
                                -174.957
                              ]
                            ],
                            "v": [
                              [
                                92.096,
                                174.957
                              ],
                              [
                                34.369,
                                174.957
                              ],
                              [
                                -92.096,
                                48.493
                              ],
                              [
                                -92.096,
                                -48.493
                              ],
                              [
                                34.369,
                                -174.957
                              ],
                              [
                                88.684,
                                -174.957
                              ]
                            ],
                            "c": false
                          }
                        ]
                      },
                      {
                        "i": {
                          "x": 0.22,
                          "y": 1
                        },
                        "o": {
                          "x": 0.78,
                          "y": 0
                        },
                        "t": 20.02,
                        "s": [
                          {
                            "i": [
                              [
                                220.537,
                                174.135
                              ],
                              [
                                34.369,
                                174.957
                              ],
                              [
                                -92.096,
                                118.338
                              ],
                              [
                                -92.096,
                                -48.493
                              ],
                              [
                                -35.476,
                                -174.957
                              ],
                              [
                                88.684,
                                -174.957
                              ]
                            ],
                            "o": [
                              [
                                220.537,
                                174.135
                              ],
                              [
                                -35.476,
                                174.957
                              ],
                              [
                                -92.096,
                                48.493
                              ],
                              [
                                -92.096,
                                -118.338
                              ],
                              [
                                34.369,
                                -174.957
                              ],
                              [
                                88.684,
                                -174.957
                              ]
                            ],
                            "v": [
                              [
                                220.537,
                                174.135
                              ],
                              [
                                34.369,
                                174.957
                              ],
                              [
                                -92.096,
                                48.493
                              ],
                              [
                                -92.096,
                                -48.493
                              ],
                              [
                                34.369,
                                -174.957
                              ],
                              [
                                88.684,
                                -174.957
                              ]
                            ],
                            "c": false
                          }
                        ]
                      },
                      {
                        "t": 40.041015625,
                        "s": [
                          {
                            "i": [
                              [
                                92.096,
                                174.957
                              ],
                              [
                                34.369,
                                174.957
                              ],
                              [
                                -92.096,
                                118.338
                              ],
                              [
                                -92.096,
                                -48.493
                              ],
                              [
                                -35.476,
                                -174.957
                              ],
                              [
                                88.684,
                                -174.957
                              ]
                            ],
                            "o": [
                              [
                                92.096,
                                174.957
                              ],
                              [
                                -35.476,
                                174.957
                              ],
                              [
                                -92.096,
                                48.493
                              ],
                              [
                                -92.096,
                                -118.338
                              ],
                              [
                                34.369,
                                -174.957
                              ],
                              [
                                88.684,
                                -174.957
                              ]
                            ],
                            "v": [
                              [
                                92.096,
                                174.957
                              ],
                              [
                                34.369,
                                174.957
                              ],
                              [
                                -92.096,
                                48.493
                              ],
                              [
                                -92.096,
                                -48.493
                              ],
                              [
                                34.369,
                                -174.957
                              ],
                              [
                                88.684,
                                -174.957
                              ]
                            ],
                            "c": false
                          }
                        ]
                      }
                    ],
                    "ix": 2
                  },
                  "nm": "Path 1",
                  "mn": "ADBE Vector Shape - Group",
                  "hd": false,
                  "_render": true
                },
                {
                  "ty": "st",
                  "c": {
                    "a": 0,
                    "k": [
                      0,
                      0,
                      0,
                      1
                    ],
                    "ix": 3
                  },
                  "o": {
                    "a": 0,
                    "k": 100,
                    "ix": 4
                  },
                  "w": {
                    "a": 0,
                    "k": 35,
                    "ix": 5
                  },
                  "lc": 2,
                  "lj": 2,
                  "bm": 0,
                  "nm": "Stroke 1",
                  "mn": "ADBE Vector Graphic - Stroke",
                  "hd": false,
                  "_render": true
                },
                {
                  "ty": "tr",
                  "p": {
                    "a": 0,
                    "k": [
                      390.909,
                      485.413
                    ],
                    "ix": 2
                  },
                  "a": {
                    "a": 0,
                    "k": [
                      0,
                      0
                    ],
                    "ix": 1
                  },
                  "s": {
                    "a": 0,
                    "k": [
                      100,
                      100
                    ],
                    "ix": 3
                  },
                  "r": {
                    "a": 0,
                    "k": 0,
                    "ix": 6
                  },
                  "o": {
                    "a": 0,
                    "k": 100,
                    "ix": 7
                  },
                  "sk": {
                    "a": 0,
                    "k": 0,
                    "ix": 4
                  },
                  "sa": {
                    "a": 0,
                    "k": 0,
                    "ix": 5
                  },
                  "nm": "Transform",
                  "_render": true
                }
              ],
              "nm": "Group 4",
              "np": 2,
              "cix": 2,
              "bm": 0,
              "ix": 2,
              "mn": "ADBE Vector Group",
              "hd": false,
              "_render": true
            },
            {
              "ty": "tm",
              "s": {
                "a": 0,
                "k": 0,
                "ix": 1
              },
              "e": {
                "a": 1,
                "k": [
                  {
                    "i": {
                      "x": [
                        0.22
                      ],
                      "y": [
                        1
                      ]
                    },
                    "o": {
                      "x": [
                        0.78
                      ],
                      "y": [
                        0
                      ]
                    },
                    "t": 0,
                    "s": [
                      100
                    ]
                  },
                  {
                    "i": {
                      "x": [
                        0.22
                      ],
                      "y": [
                        1
                      ]
                    },
                    "o": {
                      "x": [
                        0.78
                      ],
                      "y": [
                        0
                      ]
                    },
                    "t": 20.02,
                    "s": [
                      81
                    ]
                  },
                  {
                    "t": 40.041015625,
                    "s": [
                      100
                    ]
                  }
                ],
                "ix": 2
              },
              "o": {
                "a": 0,
                "k": 0,
                "ix": 3
              },
              "m": 1,
              "ix": 3,
              "nm": "Trim Paths 1",
              "mn": "ADBE Vector Filter - Trim",
              "hd": false,
              "_render": true
            },
            {
              "ty": "tr",
              "p": {
                "a": 0,
                "k": [
                  536.813,
                  485.413
                ],
                "ix": 2
              },
              "a": {
                "a": 0,
                "k": [
                  536.813,
                  485.413
                ],
                "ix": 1
              },
              "s": {
                "a": 0,
                "k": [
                  100,
                  100
                ],
                "ix": 3
              },
              "r": {
                "a": 0,
                "k": 0,
                "ix": 6
              },
              "o": {
                "a": 0,
                "k": 100,
                "ix": 7
              },
              "sk": {
                "a": 0,
                "k": 0,
                "ix": 4
              },
              "sa": {
                "a": 0,
                "k": 0,
                "ix": 5
              },
              "nm": "Transform",
              "_render": true
            }
          ],
          "nm": "Group 3",
          "np": 3,
          "cix": 2,
          "bm": 0,
          "ix": 3,
          "mn": "ADBE Vector Group",
          "hd": false,
          "_render": true
        }
      ],
      "ip": 0,
      "op": 120.12012012012,
      "st": 0,
      "ct": 1,
      "bm": 0,
      "completed": true
    }
  ],
  "markers": [],
  "__complete": true
}