{
  "v": "5.9.6",
  "fr": 60,
  "ip": 0,
  "op": 120,
  "w": 750,
  "h": 750,
  "nm": "Comp 1",
  "ddd": 0,
  "assets": [],
  "layers": [
    {
      "ddd": 0,
      "ind": 1,
      "ty": 4,
      "nm": "Layer 1",
      "sr": 1,
      "ks": {
        "o": {
          "a": 0,
          "k": 100,
          "ix": 11
        },
        "r": {
          "a": 0,
          "k": 0,
          "ix": 10
        },
        "p": {
          "a": 0,
          "k": [
            375,
            375,
            0
          ],
          "ix": 2,
          "l": 2
        },
        "a": {
          "a": 0,
          "k": [
            527.794,
            512.504,
            0
          ],
          "ix": 1,
          "l": 2
        },
        "s": {
          "a": 0,
          "k": [
            100,
            100,
            100
          ],
          "ix": 6,
          "l": 2
        }
      },
      "ao": 0,
      "shapes": [
        {
          "ty": "gr",
          "it": [
            {
              "ind": 0,
              "ty": "sh",
              "ix": 1,
              "ks": {
                "a": 0,
                "k": {
                  "i": [
                    [
                      -118.676,
                      82.002
                    ],
                    [
                      -118.676,
                      -24.826
                    ],
                    [
                      -93.078,
                      -82.002
                    ],
                    [
                      61.5,
                      -82.002
                    ],
                    [
                      118.676,
                      -56.403999999999996
                    ],
                    [
                      118.676,
                      82.002
                    ]
                  ],
                  "o": [
                    [
                      -118.676,
                      82.002
                    ],
                    [
                      -118.676,
                      -56.403999999999996
                    ],
                    [
                      -61.5,
                      -82.002
                    ],
                    [
                      93.078,
                      -82.002
                    ],
                    [
                      118.676,
                      -24.826
                    ],
                    [
                      118.676,
                      82.002
                    ]
                  ],
                  "v": [
                    [
                      -118.676,
                      82.002
                    ],
                    [
                      -118.676,
                      -24.826
                    ],
                    [
                      -61.5,
                      -82.002
                    ],
                    [
                      61.5,
                      -82.002
                    ],
                    [
                      118.676,
                      -24.826
                    ],
                    [
                      118.676,
                      82.002
                    ]
                  ],
                  "c": false
                },
                "ix": 2
              },
              "nm": "Path 1",
              "mn": "ADBE Vector Shape - Group",
              "hd": false,
              "_render": true
            },
            {
              "ty": "st",
              "c": {
                "a": 0,
                "k": [
                  0,
                  0,
                  0,
                  1
                ],
                "ix": 3
              },
              "o": {
                "a": 0,
                "k": 100,
                "ix": 4
              },
              "w": {
                "a": 0,
                "k": 35,
                "ix": 5
              },
              "lc": 2,
              "lj": 2,
              "bm": 0,
              "nm": "Stroke 1",
              "mn": "ADBE Vector Graphic - Stroke",
              "hd": false,
              "_render": true
            },
            {
              "ty": "tr",
              "p": {
                "a": 0,
                "k": [
                  526.294,
                  663.502
                ],
                "ix": 2
              },
              "a": {
                "a": 0,
                "k": [
                  0,
                  0
                ],
                "ix": 1
              },
              "s": {
                "a": 0,
                "k": [
                  100,
                  100
                ],
                "ix": 3
              },
              "r": {
                "a": 0,
                "k": 0,
                "ix": 6
              },
              "o": {
                "a": 0,
                "k": 100,
                "ix": 7
              },
              "sk": {
                "a": 0,
                "k": 0,
                "ix": 4
              },
              "sa": {
                "a": 0,
                "k": 0,
                "ix": 5
              },
              "nm": "Transform",
              "_render": true
            }
          ],
          "nm": "Group 1",
          "np": 2,
          "cix": 2,
          "bm": 0,
          "ix": 1,
          "mn": "ADBE Vector Group",
          "hd": false,
          "_render": true
        },
        {
          "ty": "gr",
          "it": [
            {
              "ind": 0,
              "ty": "sh",
              "ix": 1,
              "ks": {
                "a": 1,
                "k": [
                  {
                    "i": {
                      "x": 0.39,
                      "y": 1
                    },
                    "o": {
                      "x": 0.61,
                      "y": 0
                    },
                    "t": 0,
                    "s": [
                      {
                        "i": [
                          [
                            -87.182,
                            -60.513
                          ],
                          [
                            -87.182,
                            59.694
                          ],
                          [
                            87.182,
                            60.513
                          ],
                          [
                            86.604,
                            -58.875
                          ]
                        ],
                        "o": [
                          [
                            -87.182,
                            -60.513
                          ],
                          [
                            -87.182,
                            59.694
                          ],
                          [
                            87.182,
                            60.513
                          ],
                          [
                            86.604,
                            -58.875
                          ]
                        ],
                        "v": [
                          [
                            -87.182,
                            -60.513
                          ],
                          [
                            -87.182,
                            59.694
                          ],
                          [
                            87.182,
                            60.513
                          ],
                          [
                            86.604,
                            -58.875
                          ]
                        ],
                        "c": false
                      }
                    ]
                  },
                  {
                    "i": {
                      "x": 0.39,
                      "y": 1
                    },
                    "o": {
                      "x": 0.61,
                      "y": 0
                    },
                    "t": 25,
                    "s": [
                      {
                        "i": [
                          [
                            -86.534,
                            51.987
                          ],
                          [
                            -86.534,
                            172.194
                          ],
                          [
                            87.831,
                            173.013
                          ],
                          [
                            87.253,
                            53.625
                          ]
                        ],
                        "o": [
                          [
                            -86.534,
                            51.987
                          ],
                          [
                            -86.534,
                            172.194
                          ],
                          [
                            87.831,
                            173.013
                          ],
                          [
                            87.253,
                            53.625
                          ]
                        ],
                        "v": [
                          [
                            -86.534,
                            51.987
                          ],
                          [
                            -86.534,
                            172.194
                          ],
                          [
                            87.831,
                            173.013
                          ],
                          [
                            87.253,
                            53.625
                          ]
                        ],
                        "c": false
                      }
                    ]
                  },
                  {
                    "t": 50,
                    "s": [
                      {
                        "i": [
                          [
                            -87.182,
                            -60.513
                          ],
                          [
                            -87.182,
                            59.694
                          ],
                          [
                            87.182,
                            60.513
                          ],
                          [
                            86.604,
                            -58.875
                          ]
                        ],
                        "o": [
                          [
                            -87.182,
                            -60.513
                          ],
                          [
                            -87.182,
                            59.694
                          ],
                          [
                            87.182,
                            60.513
                          ],
                          [
                            86.604,
                            -58.875
                          ]
                        ],
                        "v": [
                          [
                            -87.182,
                            -60.513
                          ],
                          [
                            -87.182,
                            59.694
                          ],
                          [
                            87.182,
                            60.513
                          ],
                          [
                            86.604,
                            -58.875
                          ]
                        ],
                        "c": false
                      }
                    ]
                  }
                ],
                "ix": 2
              },
              "nm": "Path 1",
              "mn": "ADBE Vector Shape - Group",
              "hd": false,
              "_render": true
            },
            {
              "ty": "st",
              "c": {
                "a": 0,
                "k": [
                  0,
                  0,
                  0,
                  1
                ],
                "ix": 3
              },
              "o": {
                "a": 0,
                "k": 100,
                "ix": 4
              },
              "w": {
                "a": 0,
                "k": 35,
                "ix": 5
              },
              "lc": 2,
              "lj": 2,
              "bm": 0,
              "nm": "Stroke 1",
              "mn": "ADBE Vector Graphic - Stroke",
              "hd": false,
              "_render": true
            },
            {
              "ty": "tr",
              "p": {
                "a": 0,
                "k": [
                  494.757,
                  335.017
                ],
                "ix": 2
              },
              "a": {
                "a": 0,
                "k": [
                  0,
                  0
                ],
                "ix": 1
              },
              "s": {
                "a": 0,
                "k": [
                  100,
                  100
                ],
                "ix": 3
              },
              "r": {
                "a": 0,
                "k": 0,
                "ix": 6
              },
              "o": {
                "a": 0,
                "k": 100,
                "ix": 7
              },
              "sk": {
                "a": 0,
                "k": 0,
                "ix": 4
              },
              "sa": {
                "a": 0,
                "k": 0,
                "ix": 5
              },
              "nm": "Transform",
              "_render": true
            }
          ],
          "nm": "Group 2",
          "np": 2,
          "cix": 2,
          "bm": 0,
          "ix": 2,
          "mn": "ADBE Vector Group",
          "hd": false,
          "_render": true
        },
        {
          "ty": "gr",
          "it": [
            {
              "ind": 0,
              "ty": "sh",
              "ix": 1,
              "ks": {
                "a": 1,
                "k": [
                  {
                    "i": {
                      "x": 0.39,
                      "y": 1
                    },
                    "o": {
                      "x": 0.61,
                      "y": 0
                    },
                    "t": 0,
                    "s": [
                      {
                        "i": [
                          [
                            238,
                            -30.357
                          ],
                          [
                            238,
                            120.176
                          ],
                          [
                            185.248,
                            238
                          ],
                          [
                            -120.176,
                            238
                          ],
                          [
                            -238,
                            185.248
                          ],
                          [
                            -238,
                            -120.176
                          ],
                          [
                            -185.248,
                            -238
                          ],
                          [
                            82,
                            -236
                          ]
                        ],
                        "o": [
                          [
                            238,
                            -30.357
                          ],
                          [
                            238,
                            185.248
                          ],
                          [
                            120.176,
                            238
                          ],
                          [
                            -185.248,
                            238
                          ],
                          [
                            -238,
                            120.176
                          ],
                          [
                            -238,
                            -185.248
                          ],
                          [
                            -120.176,
                            -238
                          ],
                          [
                            82,
                            -236
                          ]
                        ],
                        "v": [
                          [
                            238,
                            -30.357
                          ],
                          [
                            238,
                            120.176
                          ],
                          [
                            120.176,
                            238
                          ],
                          [
                            -120.176,
                            238
                          ],
                          [
                            -238,
                            120.176
                          ],
                          [
                            -238,
                            -120.176
                          ],
                          [
                            -120.176,
                            -238
                          ],
                          [
                            82,
                            -236
                          ]
                        ],
                        "c": true
                      }
                    ]
                  },
                  {
                    "i": {
                      "x": 0.39,
                      "y": 1
                    },
                    "o": {
                      "x": 0.61,
                      "y": 0
                    },
                    "t": 25,
                    "s": [
                      {
                        "i": [
                          [
                            238.648,
                            82.143
                          ],
                          [
                            238,
                            120.176
                          ],
                          [
                            185.248,
                            238
                          ],
                          [
                            -120.176,
                            238
                          ],
                          [
                            -238,
                            185.248
                          ],
                          [
                            -237.352,
                            -7.676
                          ],
                          [
                            -184.60000000000002,
                            -125.5
                          ],
                          [
                            82.648,
                            -123.5
                          ]
                        ],
                        "o": [
                          [
                            238.648,
                            82.143
                          ],
                          [
                            238,
                            185.248
                          ],
                          [
                            120.176,
                            238
                          ],
                          [
                            -185.248,
                            238
                          ],
                          [
                            -238,
                            120.176
                          ],
                          [
                            -237.352,
                            -72.748
                          ],
                          [
                            -119.528,
                            -125.5
                          ],
                          [
                            82.648,
                            -123.5
                          ]
                        ],
                        "v": [
                          [
                            238.648,
                            82.143
                          ],
                          [
                            238,
                            120.176
                          ],
                          [
                            120.176,
                            238
                          ],
                          [
                            -120.176,
                            238
                          ],
                          [
                            -238,
                            120.176
                          ],
                          [
                            -237.352,
                            -7.676
                          ],
                          [
                            -119.528,
                            -125.5
                          ],
                          [
                            82.648,
                            -123.5
                          ]
                        ],
                        "c": true
                      }
                    ]
                  },
                  {
                    "t": 50,
                    "s": [
                      {
                        "i": [
                          [
                            238,
                            -30.357
                          ],
                          [
                            238,
                            120.176
                          ],
                          [
                            185.248,
                            238
                          ],
                          [
                            -120.176,
                            238
                          ],
                          [
                            -238,
                            185.248
                          ],
                          [
                            -238,
                            -120.176
                          ],
                          [
                            -185.248,
                            -238
                          ],
                          [
                            82,
                            -236
                          ]
                        ],
                        "o": [
                          [
                            238,
                            -30.357
                          ],
                          [
                            238,
                            185.248
                          ],
                          [
                            120.176,
                            238
                          ],
                          [
                            -185.248,
                            238
                          ],
                          [
                            -238,
                            120.176
                          ],
                          [
                            -238,
                            -185.248
                          ],
                          [
                            -120.176,
                            -238
                          ],
                          [
                            82,
                            -236
                          ]
                        ],
                        "v": [
                          [
                            238,
                            -30.357
                          ],
                          [
                            238,
                            120.176
                          ],
                          [
                            120.176,
                            238
                          ],
                          [
                            -120.176,
                            238
                          ],
                          [
                            -238,
                            120.176
                          ],
                          [
                            -238,
                            -120.176
                          ],
                          [
                            -120.176,
                            -238
                          ],
                          [
                            82,
                            -236
                          ]
                        ],
                        "c": true
                      }
                    ]
                  }
                ],
                "ix": 2
              },
              "nm": "Path 1",
              "mn": "ADBE Vector Shape - Group",
              "hd": false,
              "_render": true
            },
            {
              "ty": "st",
              "c": {
                "a": 0,
                "k": [
                  0,
                  0,
                  0,
                  1
                ],
                "ix": 3
              },
              "o": {
                "a": 0,
                "k": 100,
                "ix": 4
              },
              "w": {
                "a": 0,
                "k": 35,
                "ix": 5
              },
              "lc": 2,
              "lj": 2,
              "bm": 0,
              "nm": "Stroke 1",
              "mn": "ADBE Vector Graphic - Stroke",
              "hd": false,
              "_render": true
            },
            {
              "ty": "tr",
              "p": {
                "a": 0,
                "k": [
                  527.794,
                  512.504
                ],
                "ix": 2
              },
              "a": {
                "a": 0,
                "k": [
                  0,
                  0
                ],
                "ix": 1
              },
              "s": {
                "a": 0,
                "k": [
                  100,
                  100
                ],
                "ix": 3
              },
              "r": {
                "a": 0,
                "k": 0,
                "ix": 6
              },
              "o": {
                "a": 0,
                "k": 100,
                "ix": 7
              },
              "sk": {
                "a": 0,
                "k": 0,
                "ix": 4
              },
              "sa": {
                "a": 0,
                "k": 0,
                "ix": 5
              },
              "nm": "Transform",
              "_render": true
            }
          ],
          "nm": "Group 3",
          "np": 2,
          "cix": 2,
          "bm": 0,
          "ix": 3,
          "mn": "ADBE Vector Group",
          "hd": false,
          "_render": true
        }
      ],
      "ip": 0,
      "op": 120,
      "st": 0,
      "ct": 1,
      "bm": 0,
      "completed": true
    }
  ],
  "markers": [],
  "__complete": true
}