{
  "v": "5.9.6",
  "fr": 60,
  "ip": 0,
  "op": 120,
  "w": 750,
  "h": 750,
  "nm": "Comp 1",
  "ddd": 0,
  "assets": [],
  "layers": [
    {
      "ddd": 0,
      "ind": 1,
      "ty": 4,
      "nm": "Layer 2",
      "sr": 1,
      "ks": {
        "o": {
          "a": 0,
          "k": 100,
          "ix": 11
        },
        "r": {
          "a": 0,
          "k": 0,
          "ix": 10
        },
        "p": {
          "a": 0,
          "k": [
            375,
            375,
            0
          ],
          "ix": 2,
          "l": 2
        },
        "a": {
          "a": 0,
          "k": [
            557.185,
            503.317,
            0
          ],
          "ix": 1,
          "l": 2
        },
        "s": {
          "a": 0,
          "k": [
            100,
            100,
            100
          ],
          "ix": 6,
          "l": 2
        }
      },
      "ao": 0,
      "shapes": [
        {
          "ty": "gr",
          "it": [
            {
              "ind": 0,
              "ty": "sh",
              "ix": 1,
              "ks": {
                "a": 1,
                "k": [
                  {
                    "i": {
                      "x": 0.24,
                      "y": 1
                    },
                    "o": {
                      "x": 0.76,
                      "y": 0
                    },
                    "t": 0,
                    "s": [
                      {
                        "i": [
                          [
                            -187.412,
                            -19.526
                          ],
                          [
                            -80.00200000000001,
                            21.245
                          ],
                          [
                            150.909,
                            -3.651
                          ]
                        ],
                        "o": [
                          [
                            -149.482,
                            -3.0440000000000005
                          ],
                          [
                            88.937,
                            17.82
                          ],
                          [
                            187.412,
                            -19.526
                          ]
                        ],
                        "v": [
                          [
                            -187.412,
                            -19.526
                          ],
                          [
                            9.529,
                            19.43
                          ],
                          [
                            187.412,
                            -19.526
                          ]
                        ],
                        "c": false
                      }
                    ]
                  },
                  {
                    "i": {
                      "x": 0.24,
                      "y": 1
                    },
                    "o": {
                      "x": 0.76,
                      "y": 0
                    },
                    "t": 29.998,
                    "s": [
                      {
                        "i": [
                          [
                            -187.412,
                            95.235
                          ],
                          [
                            -80.00200000000001,
                            113.429
                          ],
                          [
                            150.909,
                            102.319
                          ]
                        ],
                        "o": [
                          [
                            -149.482,
                            102.59
                          ],
                          [
                            88.937,
                            111.901
                          ],
                          [
                            187.412,
                            95.235
                          ]
                        ],
                        "v": [
                          [
                            -187.412,
                            95.235
                          ],
                          [
                            9.529,
                            112.619
                          ],
                          [
                            187.412,
                            95.235
                          ]
                        ],
                        "c": false
                      }
                    ]
                  },
                  {
                    "t": 60,
                    "s": [
                      {
                        "i": [
                          [
                            -187.412,
                            -19.526
                          ],
                          [
                            -80.00200000000001,
                            21.245
                          ],
                          [
                            150.909,
                            -3.651
                          ]
                        ],
                        "o": [
                          [
                            -149.482,
                            -3.0440000000000005
                          ],
                          [
                            88.937,
                            17.82
                          ],
                          [
                            187.412,
                            -19.526
                          ]
                        ],
                        "v": [
                          [
                            -187.412,
                            -19.526
                          ],
                          [
                            9.529,
                            19.43
                          ],
                          [
                            187.412,
                            -19.526
                          ]
                        ],
                        "c": false
                      }
                    ]
                  }
                ],
                "ix": 2
              },
              "nm": "Path 1",
              "mn": "ADBE Vector Shape - Group",
              "hd": false,
              "_render": true
            },
            {
              "ty": "st",
              "c": {
                "a": 0,
                "k": [
                  0,
                  0,
                  0,
                  1
                ],
                "ix": 3
              },
              "o": {
                "a": 0,
                "k": 100,
                "ix": 4
              },
              "w": {
                "a": 0,
                "k": 35,
                "ix": 5
              },
              "lc": 2,
              "lj": 2,
              "bm": 0,
              "nm": "Stroke 1",
              "mn": "ADBE Vector Graphic - Stroke",
              "hd": false,
              "_render": true
            },
            {
              "ty": "tr",
              "p": {
                "a": 0,
                "k": [
                  557.185,
                  520.298
                ],
                "ix": 2
              },
              "a": {
                "a": 0,
                "k": [
                  0,
                  0
                ],
                "ix": 1
              },
              "s": {
                "a": 0,
                "k": [
                  100,
                  100
                ],
                "ix": 3
              },
              "r": {
                "a": 0,
                "k": 0,
                "ix": 6
              },
              "o": {
                "a": 0,
                "k": 100,
                "ix": 7
              },
              "sk": {
                "a": 0,
                "k": 0,
                "ix": 4
              },
              "sa": {
                "a": 0,
                "k": 0,
                "ix": 5
              },
              "nm": "Transform",
              "_render": true
            }
          ],
          "nm": "Group 1",
          "np": 2,
          "cix": 2,
          "bm": 0,
          "ix": 1,
          "mn": "ADBE Vector Group",
          "hd": false,
          "_render": true
        },
        {
          "ty": "gr",
          "it": [
            {
              "ind": 0,
              "ty": "sh",
              "ix": 1,
              "ks": {
                "a": 1,
                "k": [
                  {
                    "i": {
                      "x": 0.24,
                      "y": 1
                    },
                    "o": {
                      "x": 0.76,
                      "y": 0
                    },
                    "t": 0,
                    "s": [
                      {
                        "i": [
                          [
                            -187.412,
                            -190.248
                          ],
                          [
                            -187.412,
                            161.338
                          ],
                          [
                            -103.505,
                            190.248
                          ],
                          [
                            187.412,
                            177.305
                          ],
                          [
                            187.412,
                            -190.248
                          ]
                        ],
                        "o": [
                          [
                            -187.412,
                            -190.248
                          ],
                          [
                            -187.412,
                            177.305
                          ],
                          [
                            103.505,
                            190.248
                          ],
                          [
                            187.412,
                            161.338
                          ],
                          [
                            187.412,
                            -190.248
                          ]
                        ],
                        "v": [
                          [
                            -187.412,
                            -190.248
                          ],
                          [
                            -187.412,
                            161.338
                          ],
                          [
                            0,
                            190.248
                          ],
                          [
                            187.412,
                            161.338
                          ],
                          [
                            187.412,
                            -190.248
                          ]
                        ],
                        "c": false
                      }
                    ]
                  },
                  {
                    "i": {
                      "x": 0.24,
                      "y": 1
                    },
                    "o": {
                      "x": 0.76,
                      "y": 0
                    },
                    "t": 29.998,
                    "s": [
                      {
                        "i": [
                          [
                            -187.412,
                            20.446
                          ],
                          [
                            -187.412,
                            177.347
                          ],
                          [
                            -103.505,
                            190.248
                          ],
                          [
                            187.412,
                            184.472
                          ],
                          [
                            187.412,
                            20.446
                          ]
                        ],
                        "o": [
                          [
                            -187.412,
                            20.446
                          ],
                          [
                            -187.412,
                            184.472
                          ],
                          [
                            103.505,
                            190.248
                          ],
                          [
                            187.412,
                            177.347
                          ],
                          [
                            187.412,
                            20.446
                          ]
                        ],
                        "v": [
                          [
                            -187.412,
                            20.446
                          ],
                          [
                            -187.412,
                            177.347
                          ],
                          [
                            0,
                            190.248
                          ],
                          [
                            187.412,
                            177.347
                          ],
                          [
                            187.412,
                            20.446
                          ]
                        ],
                        "c": false
                      }
                    ]
                  },
                  {
                    "t": 60,
                    "s": [
                      {
                        "i": [
                          [
                            -187.412,
                            -190.248
                          ],
                          [
                            -187.412,
                            161.338
                          ],
                          [
                            -103.505,
                            190.248
                          ],
                          [
                            187.412,
                            177.305
                          ],
                          [
                            187.412,
                            -190.248
                          ]
                        ],
                        "o": [
                          [
                            -187.412,
                            -190.248
                          ],
                          [
                            -187.412,
                            177.305
                          ],
                          [
                            103.505,
                            190.248
                          ],
                          [
                            187.412,
                            161.338
                          ],
                          [
                            187.412,
                            -190.248
                          ]
                        ],
                        "v": [
                          [
                            -187.412,
                            -190.248
                          ],
                          [
                            -187.412,
                            161.338
                          ],
                          [
                            0,
                            190.248
                          ],
                          [
                            187.412,
                            161.338
                          ],
                          [
                            187.412,
                            -190.248
                          ]
                        ],
                        "c": false
                      }
                    ]
                  }
                ],
                "ix": 2
              },
              "nm": "Path 1",
              "mn": "ADBE Vector Shape - Group",
              "hd": false,
              "_render": true
            },
            {
              "ty": "st",
              "c": {
                "a": 0,
                "k": [
                  0,
                  0,
                  0,
                  1
                ],
                "ix": 3
              },
              "o": {
                "a": 0,
                "k": 100,
                "ix": 4
              },
              "w": {
                "a": 0,
                "k": 35,
                "ix": 5
              },
              "lc": 2,
              "lj": 2,
              "bm": 0,
              "nm": "Stroke 1",
              "mn": "ADBE Vector Graphic - Stroke",
              "hd": false,
              "_render": true
            },
            {
              "ty": "tr",
              "p": {
                "a": 0,
                "k": [
                  557.185,
                  517.772
                ],
                "ix": 2
              },
              "a": {
                "a": 0,
                "k": [
                  0,
                  0
                ],
                "ix": 1
              },
              "s": {
                "a": 0,
                "k": [
                  100,
                  100
                ],
                "ix": 3
              },
              "r": {
                "a": 0,
                "k": 0,
                "ix": 6
              },
              "o": {
                "a": 0,
                "k": 100,
                "ix": 7
              },
              "sk": {
                "a": 0,
                "k": 0,
                "ix": 4
              },
              "sa": {
                "a": 0,
                "k": 0,
                "ix": 5
              },
              "nm": "Transform",
              "_render": true
            }
          ],
          "nm": "Group 2",
          "np": 2,
          "cix": 2,
          "bm": 0,
          "ix": 2,
          "mn": "ADBE Vector Group",
          "hd": false,
          "_render": true
        },
        {
          "ty": "gr",
          "it": [
            {
              "ind": 0,
              "ty": "sh",
              "ix": 1,
              "ks": {
                "a": 1,
                "k": [
                  {
                    "i": {
                      "x": 0.24,
                      "y": 1
                    },
                    "o": {
                      "x": 0.76,
                      "y": 0
                    },
                    "t": 0,
                    "s": [
                      {
                        "i": [
                          [
                            -103.505,
                            -28.91
                          ],
                          [
                            187.412,
                            -15.967
                          ],
                          [
                            103.505,
                            28.91
                          ],
                          [
                            -187.412,
                            15.967
                          ]
                        ],
                        "o": [
                          [
                            103.505,
                            -28.91
                          ],
                          [
                            187.412,
                            15.967
                          ],
                          [
                            -103.505,
                            28.91
                          ],
                          [
                            -187.412,
                            -15.967
                          ]
                        ],
                        "v": [
                          [
                            0,
                            -28.91
                          ],
                          [
                            187.412,
                            0
                          ],
                          [
                            0,
                            28.91
                          ],
                          [
                            -187.412,
                            0
                          ]
                        ],
                        "c": true
                      }
                    ]
                  },
                  {
                    "i": {
                      "x": 0.24,
                      "y": 1
                    },
                    "o": {
                      "x": 0.76,
                      "y": 0
                    },
                    "t": 29.998,
                    "s": [
                      {
                        "i": [
                          [
                            -103.505,
                            197.793
                          ],
                          [
                            187.412,
                            203.57
                          ],
                          [
                            103.505,
                            223.596
                          ],
                          [
                            -187.412,
                            217.82
                          ]
                        ],
                        "o": [
                          [
                            103.505,
                            197.793
                          ],
                          [
                            187.412,
                            217.82
                          ],
                          [
                            -103.505,
                            223.596
                          ],
                          [
                            -187.412,
                            203.57
                          ]
                        ],
                        "v": [
                          [
                            0,
                            197.793
                          ],
                          [
                            187.412,
                            210.695
                          ],
                          [
                            0,
                            223.596
                          ],
                          [
                            -187.412,
                            210.695
                          ]
                        ],
                        "c": true
                      }
                    ]
                  },
                  {
                    "t": 60,
                    "s": [
                      {
                        "i": [
                          [
                            -103.505,
                            -28.91
                          ],
                          [
                            187.412,
                            -15.967
                          ],
                          [
                            103.505,
                            28.91
                          ],
                          [
                            -187.412,
                            15.967
                          ]
                        ],
                        "o": [
                          [
                            103.505,
                            -28.91
                          ],
                          [
                            187.412,
                            15.967
                          ],
                          [
                            -103.505,
                            28.91
                          ],
                          [
                            -187.412,
                            -15.967
                          ]
                        ],
                        "v": [
                          [
                            0,
                            -28.91
                          ],
                          [
                            187.412,
                            0
                          ],
                          [
                            0,
                            28.91
                          ],
                          [
                            -187.412,
                            0
                          ]
                        ],
                        "c": true
                      }
                    ]
                  }
                ],
                "ix": 2
              },
              "nm": "Path 1",
              "mn": "ADBE Vector Shape - Group",
              "hd": false,
              "_render": true
            },
            {
              "ty": "st",
              "c": {
                "a": 0,
                "k": [
                  0,
                  0,
                  0,
                  1
                ],
                "ix": 3
              },
              "o": {
                "a": 0,
                "k": 100,
                "ix": 4
              },
              "w": {
                "a": 0,
                "k": 35,
                "ix": 5
              },
              "lc": 2,
              "lj": 2,
              "bm": 0,
              "nm": "Stroke 1",
              "mn": "ADBE Vector Graphic - Stroke",
              "hd": false,
              "_render": true
            },
            {
              "ty": "tr",
              "p": {
                "a": 0,
                "k": [
                  557.185,
                  327.524
                ],
                "ix": 2
              },
              "a": {
                "a": 0,
                "k": [
                  0,
                  0
                ],
                "ix": 1
              },
              "s": {
                "a": 0,
                "k": [
                  100,
                  100
                ],
                "ix": 3
              },
              "r": {
                "a": 0,
                "k": 0,
                "ix": 6
              },
              "o": {
                "a": 0,
                "k": 100,
                "ix": 7
              },
              "sk": {
                "a": 0,
                "k": 0,
                "ix": 4
              },
              "sa": {
                "a": 0,
                "k": 0,
                "ix": 5
              },
              "nm": "Transform",
              "_render": true
            }
          ],
          "nm": "Group 3",
          "np": 2,
          "cix": 2,
          "bm": 0,
          "ix": 3,
          "mn": "ADBE Vector Group",
          "hd": false,
          "_render": true
        }
      ],
      "ip": 0,
      "op": 120.12012012012,
      "st": 0,
      "ct": 1,
      "bm": 0,
      "completed": true
    }
  ],
  "markers": [],
  "__complete": true
}