{
  "v": "5.9.6",
  "fr": 60,
  "ip": 0,
  "op": 120,
  "w": 750,
  "h": 750,
  "nm": "Comp 1",
  "ddd": 0,
  "assets": [],
  "layers": [
    {
      "ddd": 0,
      "ind": 1,
      "ty": 4,
      "nm": "Layer 2",
      "sr": 1,
      "ks": {
        "o": {
          "a": 0,
          "k": 100,
          "ix": 11
        },
        "r": {
          "a": 1,
          "k": [
            {
              "i": {
                "x": [
                  0.4
                ],
                "y": [
                  1
                ]
              },
              "o": {
                "x": [
                  0.6
                ],
                "y": [
                  0
                ]
              },
              "t": 0,
              "s": [
                0
              ]
            },
            {
              "t": 120,
              "s": [
                180
              ]
            }
          ],
          "ix": 10
        },
        "p": {
          "a": 0,
          "k": [
            375,
            375,
            0
          ],
          "ix": 2,
          "l": 2
        },
        "a": {
          "a": 0,
          "k": [
            500.175,
            472.02,
            0
          ],
          "ix": 1,
          "l": 2
        },
        "s": {
          "a": 0,
          "k": [
            100,
            100,
            100
          ],
          "ix": 6,
          "l": 2
        }
      },
      "ao": 0,
      "shapes": [
        {
          "ty": "gr",
          "it": [
            {
              "ind": 0,
              "ty": "sh",
              "ix": 1,
              "ks": {
                "a": 0,
                "k": {
                  "i": [
                    [
                      76.235,
                      -42.104
                    ],
                    [
                      42.104,
                      76.235
                    ],
                    [
                      -76.235,
                      42.104
                    ],
                    [
                      -42.104,
                      -76.235
                    ]
                  ],
                  "o": [
                    [
                      76.235,
                      42.104
                    ],
                    [
                      -42.104,
                      76.235
                    ],
                    [
                      -76.235,
                      -42.104
                    ],
                    [
                      42.104,
                      -76.235
                    ]
                  ],
                  "v": [
                    [
                      76.235,
                      0
                    ],
                    [
                      0,
                      76.235
                    ],
                    [
                      -76.235,
                      0
                    ],
                    [
                      0,
                      -76.235
                    ]
                  ],
                  "c": true
                },
                "ix": 2
              },
              "nm": "Path 1",
              "mn": "ADBE Vector Shape - Group",
              "hd": false,
              "_render": true
            },
            {
              "ty": "st",
              "c": {
                "a": 0,
                "k": [
                  0,
                  0,
                  0,
                  1
                ],
                "ix": 3
              },
              "o": {
                "a": 0,
                "k": 100,
                "ix": 4
              },
              "w": {
                "a": 0,
                "k": 35,
                "ix": 5
              },
              "lc": 1,
              "lj": 1,
              "ml": 10,
              "bm": 0,
              "nm": "Stroke 1",
              "mn": "ADBE Vector Graphic - Stroke",
              "hd": false,
              "_render": true
            },
            {
              "ty": "tr",
              "p": {
                "a": 0,
                "k": [
                  500.175,
                  472.02
                ],
                "ix": 2
              },
              "a": {
                "a": 0,
                "k": [
                  0,
                  0
                ],
                "ix": 1
              },
              "s": {
                "a": 0,
                "k": [
                  100,
                  100
                ],
                "ix": 3
              },
              "r": {
                "a": 0,
                "k": 0,
                "ix": 6
              },
              "o": {
                "a": 0,
                "k": 100,
                "ix": 7
              },
              "sk": {
                "a": 0,
                "k": 0,
                "ix": 4
              },
              "sa": {
                "a": 0,
                "k": 0,
                "ix": 5
              },
              "nm": "Transform",
              "_render": true
            }
          ],
          "nm": "Group 1",
          "np": 2,
          "cix": 2,
          "bm": 0,
          "ix": 1,
          "mn": "ADBE Vector Group",
          "hd": false,
          "_render": true
        },
        {
          "ty": "gr",
          "it": [
            {
              "ind": 0,
              "ty": "sh",
              "ix": 1,
              "ks": {
                "a": 0,
                "k": {
                  "i": [
                    [
                      232.43,
                      -59.665
                    ],
                    [
                      217.92600000000002,
                      -102.893
                    ],
                    [
                      155.809,
                      -108.569
                    ],
                    [
                      108.569,
                      -155.809
                    ],
                    [
                      122.154,
                      -206.508
                    ],
                    [
                      81.905,
                      -226.738
                    ],
                    [
                      33.403,
                      -186.943
                    ],
                    [
                      -33.403,
                      -186.943
                    ],
                    [
                      -59.665,
                      -232.43
                    ],
                    [
                      -102.893,
                      -217.92600000000002
                    ],
                    [
                      -108.569,
                      -155.809
                    ],
                    [
                      -155.809,
                      -108.569
                    ],
                    [
                      -206.508,
                      -122.154
                    ],
                    [
                      -226.738,
                      -81.905
                    ],
                    [
                      -186.943,
                      -33.404
                    ],
                    [
                      -186.943,
                      33.403
                    ],
                    [
                      -232.43,
                      59.665
                    ],
                    [
                      -217.92600000000002,
                      102.893
                    ],
                    [
                      -155.809,
                      108.569
                    ],
                    [
                      -108.569,
                      155.808
                    ],
                    [
                      -122.154,
                      206.508
                    ],
                    [
                      -81.905,
                      226.738
                    ],
                    [
                      -33.403,
                      186.943
                    ],
                    [
                      33.403,
                      186.943
                    ],
                    [
                      59.665,
                      232.43
                    ],
                    [
                      102.893,
                      217.92600000000002
                    ],
                    [
                      108.569,
                      155.808
                    ],
                    [
                      155.809,
                      108.569
                    ],
                    [
                      206.508,
                      122.154
                    ],
                    [
                      226.738,
                      81.905
                    ],
                    [
                      186.943,
                      33.403
                    ],
                    [
                      186.943,
                      -33.404
                    ]
                  ],
                  "o": [
                    [
                      226.738,
                      -81.905
                    ],
                    [
                      206.508,
                      -122.154
                    ],
                    [
                      155.809,
                      -108.569
                    ],
                    [
                      108.569,
                      -155.809
                    ],
                    [
                      102.893,
                      -217.92600000000002
                    ],
                    [
                      59.665,
                      -232.43
                    ],
                    [
                      33.403,
                      -186.943
                    ],
                    [
                      -33.403,
                      -186.943
                    ],
                    [
                      -81.905,
                      -226.738
                    ],
                    [
                      -122.154,
                      -206.508
                    ],
                    [
                      -108.569,
                      -155.809
                    ],
                    [
                      -155.809,
                      -108.569
                    ],
                    [
                      -217.92600000000002,
                      -102.893
                    ],
                    [
                      -232.43,
                      -59.665
                    ],
                    [
                      -186.943,
                      -33.404
                    ],
                    [
                      -186.943,
                      33.403
                    ],
                    [
                      -226.738,
                      81.905
                    ],
                    [
                      -206.508,
                      122.154
                    ],
                    [
                      -155.809,
                      108.569
                    ],
                    [
                      -108.569,
                      155.808
                    ],
                    [
                      -102.893,
                      217.92600000000002
                    ],
                    [
                      -59.665,
                      232.43
                    ],
                    [
                      -33.403,
                      186.943
                    ],
                    [
                      33.403,
                      186.943
                    ],
                    [
                      81.905,
                      226.738
                    ],
                    [
                      122.154,
                      206.508
                    ],
                    [
                      108.569,
                      155.808
                    ],
                    [
                      155.809,
                      108.569
                    ],
                    [
                      217.92600000000002,
                      102.893
                    ],
                    [
                      232.43,
                      59.665
                    ],
                    [
                      186.943,
                      33.403
                    ],
                    [
                      186.943,
                      -33.404
                    ]
                  ],
                  "v": [
                    [
                      232.43,
                      -59.665
                    ],
                    [
                      206.508,
                      -122.154
                    ],
                    [
                      155.809,
                      -108.569
                    ],
                    [
                      108.569,
                      -155.809
                    ],
                    [
                      122.154,
                      -206.508
                    ],
                    [
                      59.665,
                      -232.43
                    ],
                    [
                      33.403,
                      -186.943
                    ],
                    [
                      -33.403,
                      -186.943
                    ],
                    [
                      -59.665,
                      -232.43
                    ],
                    [
                      -122.154,
                      -206.508
                    ],
                    [
                      -108.569,
                      -155.809
                    ],
                    [
                      -155.809,
                      -108.569
                    ],
                    [
                      -206.508,
                      -122.154
                    ],
                    [
                      -232.43,
                      -59.665
                    ],
                    [
                      -186.943,
                      -33.404
                    ],
                    [
                      -186.943,
                      33.403
                    ],
                    [
                      -232.43,
                      59.665
                    ],
                    [
                      -206.508,
                      122.154
                    ],
                    [
                      -155.809,
                      108.569
                    ],
                    [
                      -108.569,
                      155.808
                    ],
                    [
                      -122.154,
                      206.508
                    ],
                    [
                      -59.665,
                      232.43
                    ],
                    [
                      -33.403,
                      186.943
                    ],
                    [
                      33.403,
                      186.943
                    ],
                    [
                      59.665,
                      232.43
                    ],
                    [
                      122.154,
                      206.508
                    ],
                    [
                      108.569,
                      155.808
                    ],
                    [
                      155.809,
                      108.569
                    ],
                    [
                      206.508,
                      122.154
                    ],
                    [
                      232.43,
                      59.665
                    ],
                    [
                      186.943,
                      33.403
                    ],
                    [
                      186.943,
                      -33.404
                    ]
                  ],
                  "c": true
                },
                "ix": 2
              },
              "nm": "Path 1",
              "mn": "ADBE Vector Shape - Group",
              "hd": false,
              "_render": true
            },
            {
              "ty": "st",
              "c": {
                "a": 0,
                "k": [
                  0,
                  0,
                  0,
                  1
                ],
                "ix": 3
              },
              "o": {
                "a": 0,
                "k": 100,
                "ix": 4
              },
              "w": {
                "a": 0,
                "k": 35,
                "ix": 5
              },
              "lc": 1,
              "lj": 1,
              "ml": 10,
              "bm": 0,
              "nm": "Stroke 1",
              "mn": "ADBE Vector Graphic - Stroke",
              "hd": false,
              "_render": true
            },
            {
              "ty": "tr",
              "p": {
                "a": 0,
                "k": [
                  500.175,
                  472.02
                ],
                "ix": 2
              },
              "a": {
                "a": 0,
                "k": [
                  0,
                  0
                ],
                "ix": 1
              },
              "s": {
                "a": 0,
                "k": [
                  100,
                  100
                ],
                "ix": 3
              },
              "r": {
                "a": 0,
                "k": 0,
                "ix": 6
              },
              "o": {
                "a": 0,
                "k": 100,
                "ix": 7
              },
              "sk": {
                "a": 0,
                "k": 0,
                "ix": 4
              },
              "sa": {
                "a": 0,
                "k": 0,
                "ix": 5
              },
              "nm": "Transform",
              "_render": true
            }
          ],
          "nm": "Group 2",
          "np": 2,
          "cix": 2,
          "bm": 0,
          "ix": 2,
          "mn": "ADBE Vector Group",
          "hd": false,
          "_render": true
        }
      ],
      "ip": 0,
      "op": 120,
      "st": 0,
      "ct": 1,
      "bm": 0,
      "completed": true
    }
  ],
  "markers": [],
  "__complete": true
}