{
  "v": "5.9.6",
  "fr": 60,
  "ip": 0,
  "op": 120,
  "w": 750,
  "h": 750,
  "nm": "Comp 1",
  "ddd": 0,
  "assets": [],
  "layers": [
    {
      "ddd": 0,
      "ind": 1,
      "ty": 4,
      "nm": "Layer 1",
      "sr": 1,
      "ks": {
        "o": {
          "a": 0,
          "k": 100,
          "ix": 11
        },
        "r": {
          "a": 1,
          "k": [
            {
              "i": {
                "x": [
                  0.24
                ],
                "y": [
                  1
                ]
              },
              "o": {
                "x": [
                  0.76
                ],
                "y": [
                  0
                ]
              },
              "t": 0,
              "s": [
                0
              ]
            },
            {
              "t": 63,
              "s": [
                360
              ]
            }
          ],
          "ix": 10
        },
        "p": {
          "a": 0,
          "k": [
            375,
            375,
            0
          ],
          "ix": 2,
          "l": 2
        },
        "a": {
          "a": 0,
          "k": [
            519.633,
            500,
            0
          ],
          "ix": 1,
          "l": 2
        },
        "s": {
          "a": 0,
          "k": [
            100,
            100,
            100
          ],
          "ix": 6,
          "l": 2
        }
      },
      "ao": 0,
      "shapes": [
        {
          "ty": "gr",
          "it": [
            {
              "d": 1,
              "ty": "el",
              "s": {
                "a": 0,
                "k": [
                  152.471,
                  152.471
                ],
                "ix": 2
              },
              "p": {
                "a": 0,
                "k": [
                  0,
                  0
                ],
                "ix": 3
              },
              "nm": "Ellipse Path 1",
              "mn": "ADBE Vector Shape - Ellipse",
              "hd": false,
              "_render": true
            },
            {
              "ty": "st",
              "c": {
                "a": 0,
                "k": [
                  0,
                  0,
                  0,
                  1
                ],
                "ix": 3
              },
              "o": {
                "a": 0,
                "k": 100,
                "ix": 4
              },
              "w": {
                "a": 0,
                "k": 35,
                "ix": 5
              },
              "lc": 1,
              "lj": 1,
              "ml": 10,
              "bm": 0,
              "nm": "Stroke 1",
              "mn": "ADBE Vector Graphic - Stroke",
              "hd": false,
              "_render": true
            },
            {
              "ty": "tr",
              "p": {
                "a": 0,
                "k": [
                  519.633,
                  500
                ],
                "ix": 2
              },
              "a": {
                "a": 0,
                "k": [
                  0,
                  0
                ],
                "ix": 1
              },
              "s": {
                "a": 0,
                "k": [
                  100,
                  100
                ],
                "ix": 3
              },
              "r": {
                "a": 0,
                "k": 0,
                "ix": 6
              },
              "o": {
                "a": 0,
                "k": 100,
                "ix": 7
              },
              "sk": {
                "a": 0,
                "k": 0,
                "ix": 4
              },
              "sa": {
                "a": 0,
                "k": 0,
                "ix": 5
              },
              "nm": "Transform",
              "_render": true
            }
          ],
          "nm": "Group 1",
          "np": 2,
          "cix": 2,
          "bm": 0,
          "ix": 1,
          "mn": "ADBE Vector Group",
          "hd": false,
          "_render": true
        },
        {
          "ty": "gr",
          "it": [
            {
              "ind": 0,
              "ty": "sh",
              "ix": 1,
              "ks": {
                "a": 0,
                "k": {
                  "i": [
                    [
                      230.315,
                      -68.494
                    ],
                    [
                      220.10299999999998,
                      -95.96
                    ],
                    [
                      198.787,
                      -120.085
                    ],
                    [
                      169.966,
                      -112.363
                    ],
                    [
                      151.857,
                      -112.52000000000001
                    ],
                    [
                      118.933,
                      -145.445
                    ],
                    [
                      110.016,
                      -161.205
                    ],
                    [
                      116.946,
                      -187.071
                    ],
                    [
                      114.54499999999999,
                      -211.184
                    ],
                    [
                      88.087,
                      -223.38
                    ],
                    [
                      55.701,
                      -225.564
                    ],
                    [
                      40.732,
                      -199.637
                    ],
                    [
                      27.816,
                      -186.943
                    ],
                    [
                      -18.746,
                      -186.943
                    ],
                    [
                      -36.197,
                      -191.782
                    ],
                    [
                      -49.59,
                      -214.98
                    ],
                    [
                      -68.494,
                      -230.315
                    ],
                    [
                      -95.96,
                      -220.10299999999998
                    ],
                    [
                      -120.085,
                      -198.787
                    ],
                    [
                      -112.363,
                      -169.966
                    ],
                    [
                      -112.52000000000001,
                      -151.858
                    ],
                    [
                      -145.444,
                      -118.933
                    ],
                    [
                      -161.205,
                      -110.016
                    ],
                    [
                      -187.067,
                      -116.945
                    ],
                    [
                      -211.325,
                      -114.304
                    ],
                    [
                      -223.43,
                      -87.945
                    ],
                    [
                      -225.564,
                      -55.701
                    ],
                    [
                      -199.637,
                      -40.732
                    ],
                    [
                      -186.943,
                      -27.816
                    ],
                    [
                      -186.943,
                      18.746
                    ],
                    [
                      -191.782,
                      36.197
                    ],
                    [
                      -214.98,
                      49.59
                    ],
                    [
                      -230.315,
                      68.494
                    ],
                    [
                      -220.102,
                      95.96
                    ],
                    [
                      -198.787,
                      120.085
                    ],
                    [
                      -169.966,
                      112.363
                    ],
                    [
                      -151.857,
                      112.52000000000001
                    ],
                    [
                      -118.933,
                      145.444
                    ],
                    [
                      -110.016,
                      161.205
                    ],
                    [
                      -116.946,
                      187.07
                    ],
                    [
                      -114.544,
                      211.18300000000002
                    ],
                    [
                      -88.087,
                      223.38
                    ],
                    [
                      -55.701,
                      225.564
                    ],
                    [
                      -40.732,
                      199.637
                    ],
                    [
                      -27.816,
                      186.943
                    ],
                    [
                      18.746,
                      186.943
                    ],
                    [
                      36.197,
                      191.782
                    ],
                    [
                      49.59,
                      214.98
                    ],
                    [
                      68.494,
                      230.315
                    ],
                    [
                      95.96,
                      220.102
                    ],
                    [
                      120.085,
                      198.786
                    ],
                    [
                      112.363,
                      169.966
                    ],
                    [
                      112.52000000000001,
                      151.857
                    ],
                    [
                      145.444,
                      118.933
                    ],
                    [
                      161.205,
                      110.016
                    ],
                    [
                      187.071,
                      116.946
                    ],
                    [
                      211.184,
                      114.54499999999999
                    ],
                    [
                      223.38,
                      88.087
                    ],
                    [
                      225.564,
                      55.701
                    ],
                    [
                      199.637,
                      40.732
                    ],
                    [
                      186.943,
                      27.816
                    ],
                    [
                      186.943,
                      -18.746
                    ],
                    [
                      191.782,
                      -36.197
                    ],
                    [
                      214.98,
                      -49.59
                    ]
                  ],
                  "o": [
                    [
                      223.38,
                      -88.087
                    ],
                    [
                      211.184,
                      -114.54499999999999
                    ],
                    [
                      187.071,
                      -116.946
                    ],
                    [
                      161.205,
                      -110.016
                    ],
                    [
                      145.444,
                      -118.933
                    ],
                    [
                      112.52000000000001,
                      -151.858
                    ],
                    [
                      112.363,
                      -169.966
                    ],
                    [
                      120.085,
                      -198.787
                    ],
                    [
                      95.96,
                      -220.10299999999998
                    ],
                    [
                      68.494,
                      -230.315
                    ],
                    [
                      49.59,
                      -214.98
                    ],
                    [
                      36.197,
                      -191.782
                    ],
                    [
                      18.746,
                      -186.943
                    ],
                    [
                      -27.816,
                      -186.943
                    ],
                    [
                      -40.732,
                      -199.637
                    ],
                    [
                      -55.701,
                      -225.564
                    ],
                    [
                      -88.087,
                      -223.38
                    ],
                    [
                      -114.54499999999999,
                      -211.184
                    ],
                    [
                      -116.946,
                      -187.071
                    ],
                    [
                      -110.016,
                      -161.205
                    ],
                    [
                      -118.933,
                      -145.445
                    ],
                    [
                      -151.857,
                      -112.52000000000001
                    ],
                    [
                      -169.966,
                      -112.363
                    ],
                    [
                      -198.946,
                      -120.12799999999999
                    ],
                    [
                      -220.218,
                      -95.684
                    ],
                    [
                      -230.315,
                      -68.494
                    ],
                    [
                      -214.98,
                      -49.59
                    ],
                    [
                      -191.782,
                      -36.197
                    ],
                    [
                      -186.943,
                      -18.746
                    ],
                    [
                      -186.943,
                      27.816
                    ],
                    [
                      -199.637,
                      40.732
                    ],
                    [
                      -225.564,
                      55.701
                    ],
                    [
                      -223.38,
                      88.087
                    ],
                    [
                      -211.18300000000002,
                      114.54499999999999
                    ],
                    [
                      -187.071,
                      116.946
                    ],
                    [
                      -161.205,
                      110.016
                    ],
                    [
                      -145.444,
                      118.933
                    ],
                    [
                      -112.52000000000001,
                      151.857
                    ],
                    [
                      -112.363,
                      169.966
                    ],
                    [
                      -120.085,
                      198.786
                    ],
                    [
                      -95.96,
                      220.102
                    ],
                    [
                      -68.494,
                      230.315
                    ],
                    [
                      -49.59,
                      214.98
                    ],
                    [
                      -36.197,
                      191.782
                    ],
                    [
                      -18.746,
                      186.943
                    ],
                    [
                      27.816,
                      186.943
                    ],
                    [
                      40.732,
                      199.637
                    ],
                    [
                      55.701,
                      225.564
                    ],
                    [
                      88.087,
                      223.38
                    ],
                    [
                      114.544,
                      211.18300000000002
                    ],
                    [
                      116.946,
                      187.07
                    ],
                    [
                      110.015,
                      161.205
                    ],
                    [
                      118.933,
                      145.444
                    ],
                    [
                      151.857,
                      112.52000000000001
                    ],
                    [
                      169.966,
                      112.363
                    ],
                    [
                      198.787,
                      120.085
                    ],
                    [
                      220.10299999999998,
                      95.96
                    ],
                    [
                      230.315,
                      68.494
                    ],
                    [
                      214.98,
                      49.59
                    ],
                    [
                      191.782,
                      36.197
                    ],
                    [
                      186.943,
                      18.746
                    ],
                    [
                      186.943,
                      -27.816
                    ],
                    [
                      199.637,
                      -40.732
                    ],
                    [
                      225.564,
                      -55.701
                    ]
                  ],
                  "v": [
                    [
                      226.237,
                      -80.015
                    ],
                    [
                      216.432,
                      -103.609
                    ],
                    [
                      187.071,
                      -116.946
                    ],
                    [
                      169.966,
                      -112.363
                    ],
                    [
                      145.444,
                      -118.933
                    ],
                    [
                      118.933,
                      -145.445
                    ],
                    [
                      112.363,
                      -169.966
                    ],
                    [
                      116.946,
                      -187.071
                    ],
                    [
                      103.609,
                      -216.432
                    ],
                    [
                      80.015,
                      -226.237
                    ],
                    [
                      49.59,
                      -214.98
                    ],
                    [
                      40.732,
                      -199.637
                    ],
                    [
                      18.746,
                      -186.943
                    ],
                    [
                      -18.746,
                      -186.943
                    ],
                    [
                      -40.732,
                      -199.637
                    ],
                    [
                      -49.59,
                      -214.98
                    ],
                    [
                      -80.015,
                      -226.237
                    ],
                    [
                      -103.609,
                      -216.432
                    ],
                    [
                      -116.946,
                      -187.071
                    ],
                    [
                      -112.363,
                      -169.966
                    ],
                    [
                      -118.933,
                      -145.445
                    ],
                    [
                      -145.444,
                      -118.933
                    ],
                    [
                      -169.966,
                      -112.363
                    ],
                    [
                      -187.067,
                      -116.945
                    ],
                    [
                      -216.625,
                      -103.206
                    ],
                    [
                      -226.237,
                      -80.015
                    ],
                    [
                      -214.98,
                      -49.59
                    ],
                    [
                      -199.637,
                      -40.732
                    ],
                    [
                      -186.943,
                      -18.746
                    ],
                    [
                      -186.943,
                      18.746
                    ],
                    [
                      -199.637,
                      40.732
                    ],
                    [
                      -214.98,
                      49.59
                    ],
                    [
                      -226.237,
                      80.015
                    ],
                    [
                      -216.431,
                      103.609
                    ],
                    [
                      -187.071,
                      116.946
                    ],
                    [
                      -169.966,
                      112.363
                    ],
                    [
                      -145.444,
                      118.933
                    ],
                    [
                      -118.933,
                      145.444
                    ],
                    [
                      -112.363,
                      169.966
                    ],
                    [
                      -116.946,
                      187.07
                    ],
                    [
                      -103.609,
                      216.431
                    ],
                    [
                      -80.015,
                      226.237
                    ],
                    [
                      -49.59,
                      214.98
                    ],
                    [
                      -40.732,
                      199.637
                    ],
                    [
                      -18.746,
                      186.943
                    ],
                    [
                      18.746,
                      186.943
                    ],
                    [
                      40.732,
                      199.637
                    ],
                    [
                      49.59,
                      214.98
                    ],
                    [
                      80.015,
                      226.237
                    ],
                    [
                      103.609,
                      216.431
                    ],
                    [
                      116.946,
                      187.07
                    ],
                    [
                      112.363,
                      169.966
                    ],
                    [
                      118.933,
                      145.444
                    ],
                    [
                      145.444,
                      118.933
                    ],
                    [
                      169.966,
                      112.363
                    ],
                    [
                      187.071,
                      116.946
                    ],
                    [
                      216.432,
                      103.609
                    ],
                    [
                      226.237,
                      80.015
                    ],
                    [
                      214.98,
                      49.59
                    ],
                    [
                      199.637,
                      40.732
                    ],
                    [
                      186.943,
                      18.746
                    ],
                    [
                      186.943,
                      -18.746
                    ],
                    [
                      199.637,
                      -40.732
                    ],
                    [
                      214.98,
                      -49.59
                    ]
                  ],
                  "c": true
                },
                "ix": 2
              },
              "nm": "Path 1",
              "mn": "ADBE Vector Shape - Group",
              "hd": false,
              "_render": true
            },
            {
              "ty": "st",
              "c": {
                "a": 0,
                "k": [
                  0,
                  0,
                  0,
                  1
                ],
                "ix": 3
              },
              "o": {
                "a": 0,
                "k": 100,
                "ix": 4
              },
              "w": {
                "a": 0,
                "k": 35,
                "ix": 5
              },
              "lc": 1,
              "lj": 1,
              "ml": 10,
              "bm": 0,
              "nm": "Stroke 1",
              "mn": "ADBE Vector Graphic - Stroke",
              "hd": false,
              "_render": true
            },
            {
              "ty": "tr",
              "p": {
                "a": 0,
                "k": [
                  519.633,
                  500
                ],
                "ix": 2
              },
              "a": {
                "a": 0,
                "k": [
                  0,
                  0
                ],
                "ix": 1
              },
              "s": {
                "a": 0,
                "k": [
                  100,
                  100
                ],
                "ix": 3
              },
              "r": {
                "a": 0,
                "k": 0,
                "ix": 6
              },
              "o": {
                "a": 0,
                "k": 100,
                "ix": 7
              },
              "sk": {
                "a": 0,
                "k": 0,
                "ix": 4
              },
              "sa": {
                "a": 0,
                "k": 0,
                "ix": 5
              },
              "nm": "Transform",
              "_render": true
            }
          ],
          "nm": "Group 2",
          "np": 2,
          "cix": 2,
          "bm": 0,
          "ix": 2,
          "mn": "ADBE Vector Group",
          "hd": false,
          "_render": true
        }
      ],
      "ip": 0,
      "op": 120.12012012012,
      "st": 0,
      "ct": 1,
      "bm": 0,
      "completed": true
    }
  ],
  "markers": [],
  "__complete": true
}