{
  "v": "5.9.6",
  "fr": 60,
  "ip": 0,
  "op": 120,
  "w": 750,
  "h": 750,
  "nm": "Comp 1",
  "ddd": 0,
  "assets": [],
  "layers": [
    {
      "ddd": 0,
      "ind": 1,
      "ty": 4,
      "nm": "Layer 2",
      "sr": 1,
      "ks": {
        "o": {
          "a": 0,
          "k": 100,
          "ix": 11
        },
        "r": {
          "a": 0,
          "k": 0,
          "ix": 10
        },
        "p": {
          "a": 0,
          "k": [
            375,
            375,
            0
          ],
          "ix": 2,
          "l": 2
        },
        "a": {
          "a": 0,
          "k": [
            500,
            500,
            0
          ],
          "ix": 1,
          "l": 2
        },
        "s": {
          "a": 0,
          "k": [
            100,
            100,
            100
          ],
          "ix": 6,
          "l": 2
        }
      },
      "ao": 0,
      "shapes": [
        {
          "ty": "gr",
          "it": [
            {
              "ind": 0,
              "ty": "sh",
              "ix": 1,
              "ks": {
                "a": 1,
                "k": [
                  {
                    "i": {
                      "x": 0.24,
                      "y": 1
                    },
                    "o": {
                      "x": 0.76,
                      "y": 0
                    },
                    "t": 4,
                    "s": [
                      {
                        "i": [
                          [
                            94.407,
                            57.071
                          ],
                          [
                            -94.407,
                            -57.071
                          ]
                        ],
                        "o": [
                          [
                            94.407,
                            57.071
                          ],
                          [
                            -94.407,
                            -57.071
                          ]
                        ],
                        "v": [
                          [
                            94.407,
                            57.071
                          ],
                          [
                            -94.407,
                            -57.071
                          ]
                        ],
                        "c": false
                      }
                    ]
                  },
                  {
                    "i": {
                      "x": 0.24,
                      "y": 1
                    },
                    "o": {
                      "x": 0.76,
                      "y": 0
                    },
                    "t": 24.02,
                    "s": [
                      {
                        "i": [
                          [
                            39.897,
                            -25.749
                          ],
                          [
                            -61.844,
                            -87.254
                          ]
                        ],
                        "o": [
                          [
                            39.897,
                            -25.749
                          ],
                          [
                            -61.844,
                            -87.254
                          ]
                        ],
                        "v": [
                          [
                            39.897,
                            -25.749
                          ],
                          [
                            -61.844,
                            -87.254
                          ]
                        ],
                        "c": false
                      }
                    ]
                  },
                  {
                    "t": 44.041015625,
                    "s": [
                      {
                        "i": [
                          [
                            94.407,
                            57.071
                          ],
                          [
                            -94.407,
                            -57.071
                          ]
                        ],
                        "o": [
                          [
                            94.407,
                            57.071
                          ],
                          [
                            -94.407,
                            -57.071
                          ]
                        ],
                        "v": [
                          [
                            94.407,
                            57.071
                          ],
                          [
                            -94.407,
                            -57.071
                          ]
                        ],
                        "c": false
                      }
                    ]
                  }
                ],
                "ix": 2
              },
              "nm": "Path 1",
              "mn": "ADBE Vector Shape - Group",
              "hd": false,
              "_render": true
            },
            {
              "ty": "st",
              "c": {
                "a": 0,
                "k": [
                  0,
                  0,
                  0,
                  1
                ],
                "ix": 3
              },
              "o": {
                "a": 0,
                "k": 100,
                "ix": 4
              },
              "w": {
                "a": 0,
                "k": 35,
                "ix": 5
              },
              "lc": 2,
              "lj": 2,
              "bm": 0,
              "nm": "Stroke 1",
              "mn": "ADBE Vector Graphic - Stroke",
              "hd": false,
              "_render": true
            },
            {
              "ty": "tr",
              "p": {
                "a": 0,
                "k": [
                  499.943,
                  594.277
                ],
                "ix": 2
              },
              "a": {
                "a": 0,
                "k": [
                  0,
                  0
                ],
                "ix": 1
              },
              "s": {
                "a": 0,
                "k": [
                  100,
                  100
                ],
                "ix": 3
              },
              "r": {
                "a": 0,
                "k": 0,
                "ix": 6
              },
              "o": {
                "a": 0,
                "k": 100,
                "ix": 7
              },
              "sk": {
                "a": 0,
                "k": 0,
                "ix": 4
              },
              "sa": {
                "a": 0,
                "k": 0,
                "ix": 5
              },
              "nm": "Transform",
              "_render": true
            }
          ],
          "nm": "Group 1",
          "np": 2,
          "cix": 2,
          "bm": 0,
          "ix": 1,
          "mn": "ADBE Vector Group",
          "hd": false,
          "_render": true
        },
        {
          "ty": "gr",
          "it": [
            {
              "ind": 0,
              "ty": "sh",
              "ix": 1,
              "ks": {
                "a": 1,
                "k": [
                  {
                    "i": {
                      "x": 0.24,
                      "y": 1
                    },
                    "o": {
                      "x": 0.76,
                      "y": 0
                    },
                    "t": 3,
                    "s": [
                      {
                        "i": [
                          [
                            92.342,
                            -60.355
                          ],
                          [
                            -92.342,
                            60.355
                          ]
                        ],
                        "o": [
                          [
                            92.342,
                            -60.355
                          ],
                          [
                            -92.342,
                            60.355
                          ]
                        ],
                        "v": [
                          [
                            92.342,
                            -60.355
                          ],
                          [
                            -92.342,
                            60.355
                          ]
                        ],
                        "c": false
                      }
                    ]
                  },
                  {
                    "i": {
                      "x": 0.24,
                      "y": 1
                    },
                    "o": {
                      "x": 0.76,
                      "y": 0
                    },
                    "t": 23.02,
                    "s": [
                      {
                        "i": [
                          [
                            38.784,
                            -4.068
                          ],
                          [
                            -60.732,
                            60.976
                          ]
                        ],
                        "o": [
                          [
                            38.784,
                            -4.068
                          ],
                          [
                            -60.732,
                            60.976
                          ]
                        ],
                        "v": [
                          [
                            38.784,
                            -4.068
                          ],
                          [
                            -60.732,
                            60.976
                          ]
                        ],
                        "c": false
                      }
                    ]
                  },
                  {
                    "t": 43.041015625,
                    "s": [
                      {
                        "i": [
                          [
                            92.342,
                            -60.355
                          ],
                          [
                            -92.342,
                            60.355
                          ]
                        ],
                        "o": [
                          [
                            92.342,
                            -60.355
                          ],
                          [
                            -92.342,
                            60.355
                          ]
                        ],
                        "v": [
                          [
                            92.342,
                            -60.355
                          ],
                          [
                            -92.342,
                            60.355
                          ]
                        ],
                        "c": false
                      }
                    ]
                  }
                ],
                "ix": 2
              },
              "nm": "Path 1",
              "mn": "ADBE Vector Shape - Group",
              "hd": false,
              "_render": true
            },
            {
              "ty": "st",
              "c": {
                "a": 0,
                "k": [
                  0,
                  0,
                  0,
                  1
                ],
                "ix": 3
              },
              "o": {
                "a": 0,
                "k": 100,
                "ix": 4
              },
              "w": {
                "a": 0,
                "k": 35,
                "ix": 5
              },
              "lc": 2,
              "lj": 2,
              "bm": 0,
              "nm": "Stroke 1",
              "mn": "ADBE Vector Graphic - Stroke",
              "hd": false,
              "_render": true
            },
            {
              "ty": "tr",
              "p": {
                "a": 0,
                "k": [
                  499.943,
                  410.054
                ],
                "ix": 2
              },
              "a": {
                "a": 0,
                "k": [
                  0,
                  0
                ],
                "ix": 1
              },
              "s": {
                "a": 0,
                "k": [
                  100,
                  100
                ],
                "ix": 3
              },
              "r": {
                "a": 0,
                "k": 0,
                "ix": 6
              },
              "o": {
                "a": 0,
                "k": 100,
                "ix": 7
              },
              "sk": {
                "a": 0,
                "k": 0,
                "ix": 4
              },
              "sa": {
                "a": 0,
                "k": 0,
                "ix": 5
              },
              "nm": "Transform",
              "_render": true
            }
          ],
          "nm": "Group 2",
          "np": 2,
          "cix": 2,
          "bm": 0,
          "ix": 2,
          "mn": "ADBE Vector Group",
          "hd": false,
          "_render": true
        },
        {
          "ty": "gr",
          "it": [
            {
              "ind": 0,
              "ty": "sh",
              "ix": 1,
              "ks": {
                "a": 1,
                "k": [
                  {
                    "i": {
                      "x": 0.24,
                      "y": 1
                    },
                    "o": {
                      "x": 0.76,
                      "y": 0
                    },
                    "t": 2,
                    "s": [
                      {
                        "i": [
                          [
                            37.071,
                            46.978
                          ],
                          [
                            -19.603,
                            46.978
                          ],
                          [
                            -51.231,
                            32.818
                          ],
                          [
                            -51.231,
                            -15.35
                          ],
                          [
                            -37.071,
                            -46.978
                          ],
                          [
                            19.603,
                            -46.978
                          ],
                          [
                            51.231,
                            -32.818
                          ],
                          [
                            51.231,
                            15.35
                          ]
                        ],
                        "o": [
                          [
                            19.603,
                            46.978
                          ],
                          [
                            -37.071,
                            46.978
                          ],
                          [
                            -51.231,
                            15.35
                          ],
                          [
                            -51.231,
                            -32.818
                          ],
                          [
                            -19.603,
                            -46.978
                          ],
                          [
                            37.071,
                            -46.978
                          ],
                          [
                            51.231,
                            -15.35
                          ],
                          [
                            51.231,
                            32.818
                          ]
                        ],
                        "v": [
                          [
                            19.603,
                            46.978
                          ],
                          [
                            -19.603,
                            46.978
                          ],
                          [
                            -51.231,
                            15.35
                          ],
                          [
                            -51.231,
                            -15.35
                          ],
                          [
                            -19.603,
                            -46.978
                          ],
                          [
                            19.603,
                            -46.978
                          ],
                          [
                            51.231,
                            -15.35
                          ],
                          [
                            51.231,
                            15.35
                          ]
                        ],
                        "c": true
                      }
                    ]
                  },
                  {
                    "i": {
                      "x": 0.24,
                      "y": 1
                    },
                    "o": {
                      "x": 0.76,
                      "y": 0
                    },
                    "t": 22.02,
                    "s": [
                      {
                        "i": [
                          [
                            75.21100000000001,
                            9.683
                          ],
                          [
                            44.673,
                            9.683
                          ],
                          [
                            27.631,
                            2.0520000000000005
                          ],
                          [
                            27.631,
                            -23.903
                          ],
                          [
                            35.261,
                            -40.945
                          ],
                          [
                            65.799,
                            -40.945
                          ],
                          [
                            82.842,
                            -33.315
                          ],
                          [
                            82.842,
                            -7.36
                          ]
                        ],
                        "o": [
                          [
                            65.799,
                            9.683
                          ],
                          [
                            35.261,
                            9.683
                          ],
                          [
                            27.631,
                            -7.36
                          ],
                          [
                            27.631,
                            -33.315
                          ],
                          [
                            44.673,
                            -40.945
                          ],
                          [
                            75.21100000000001,
                            -40.945
                          ],
                          [
                            82.842,
                            -23.903
                          ],
                          [
                            82.842,
                            2.0520000000000005
                          ]
                        ],
                        "v": [
                          [
                            65.799,
                            9.683
                          ],
                          [
                            44.673,
                            9.683
                          ],
                          [
                            27.631,
                            -7.36
                          ],
                          [
                            27.631,
                            -23.903
                          ],
                          [
                            44.673,
                            -40.945
                          ],
                          [
                            65.799,
                            -40.945
                          ],
                          [
                            82.842,
                            -23.903
                          ],
                          [
                            82.842,
                            -7.36
                          ]
                        ],
                        "c": true
                      }
                    ]
                  },
                  {
                    "t": 42.041015625,
                    "s": [
                      {
                        "i": [
                          [
                            37.071,
                            46.978
                          ],
                          [
                            -19.603,
                            46.978
                          ],
                          [
                            -51.231,
                            32.818
                          ],
                          [
                            -51.231,
                            -15.35
                          ],
                          [
                            -37.071,
                            -46.978
                          ],
                          [
                            19.603,
                            -46.978
                          ],
                          [
                            51.231,
                            -32.818
                          ],
                          [
                            51.231,
                            15.35
                          ]
                        ],
                        "o": [
                          [
                            19.603,
                            46.978
                          ],
                          [
                            -37.071,
                            46.978
                          ],
                          [
                            -51.231,
                            15.35
                          ],
                          [
                            -51.231,
                            -32.818
                          ],
                          [
                            -19.603,
                            -46.978
                          ],
                          [
                            37.071,
                            -46.978
                          ],
                          [
                            51.231,
                            -15.35
                          ],
                          [
                            51.231,
                            32.818
                          ]
                        ],
                        "v": [
                          [
                            19.603,
                            46.978
                          ],
                          [
                            -19.603,
                            46.978
                          ],
                          [
                            -51.231,
                            15.35
                          ],
                          [
                            -51.231,
                            -15.35
                          ],
                          [
                            -19.603,
                            -46.978
                          ],
                          [
                            19.603,
                            -46.978
                          ],
                          [
                            51.231,
                            -15.35
                          ],
                          [
                            51.231,
                            15.35
                          ]
                        ],
                        "c": true
                      }
                    ]
                  }
                ],
                "ix": 2
              },
              "nm": "Path 1",
              "mn": "ADBE Vector Shape - Group",
              "hd": false,
              "_render": true
            },
            {
              "ty": "st",
              "c": {
                "a": 0,
                "k": [
                  0,
                  0,
                  0,
                  1
                ],
                "ix": 3
              },
              "o": {
                "a": 0,
                "k": 100,
                "ix": 4
              },
              "w": {
                "a": 0,
                "k": 35,
                "ix": 5
              },
              "lc": 2,
              "lj": 2,
              "bm": 0,
              "nm": "Stroke 1",
              "mn": "ADBE Vector Graphic - Stroke",
              "hd": false,
              "_render": true
            },
            {
              "ty": "tr",
              "p": {
                "a": 0,
                "k": [
                  356.369,
                  505.651
                ],
                "ix": 2
              },
              "a": {
                "a": 0,
                "k": [
                  0,
                  0
                ],
                "ix": 1
              },
              "s": {
                "a": 0,
                "k": [
                  100,
                  100
                ],
                "ix": 3
              },
              "r": {
                "a": 0,
                "k": 0,
                "ix": 6
              },
              "o": {
                "a": 0,
                "k": 100,
                "ix": 7
              },
              "sk": {
                "a": 0,
                "k": 0,
                "ix": 4
              },
              "sa": {
                "a": 0,
                "k": 0,
                "ix": 5
              },
              "nm": "Transform",
              "_render": true
            }
          ],
          "nm": "Group 3",
          "np": 2,
          "cix": 2,
          "bm": 0,
          "ix": 3,
          "mn": "ADBE Vector Group",
          "hd": false,
          "_render": true
        },
        {
          "ty": "gr",
          "it": [
            {
              "ind": 0,
              "ty": "sh",
              "ix": 1,
              "ks": {
                "a": 1,
                "k": [
                  {
                    "i": {
                      "x": 0.24,
                      "y": 1
                    },
                    "o": {
                      "x": 0.76,
                      "y": 0
                    },
                    "t": 1,
                    "s": [
                      {
                        "i": [
                          [
                            37.071,
                            46.978
                          ],
                          [
                            -19.603,
                            46.978
                          ],
                          [
                            -51.231,
                            32.818
                          ],
                          [
                            -51.231,
                            -15.35
                          ],
                          [
                            -37.071,
                            -46.978
                          ],
                          [
                            19.603,
                            -46.978
                          ],
                          [
                            51.231,
                            -32.818
                          ],
                          [
                            51.231,
                            15.35
                          ]
                        ],
                        "o": [
                          [
                            19.603,
                            46.978
                          ],
                          [
                            -37.071,
                            46.978
                          ],
                          [
                            -51.231,
                            15.35
                          ],
                          [
                            -51.231,
                            -32.818
                          ],
                          [
                            -19.603,
                            -46.978
                          ],
                          [
                            37.071,
                            -46.978
                          ],
                          [
                            51.231,
                            -15.35
                          ],
                          [
                            51.231,
                            32.818
                          ]
                        ],
                        "v": [
                          [
                            19.603,
                            46.978
                          ],
                          [
                            -19.603,
                            46.978
                          ],
                          [
                            -51.231,
                            15.35
                          ],
                          [
                            -51.231,
                            -15.35
                          ],
                          [
                            -19.603,
                            -46.978
                          ],
                          [
                            19.603,
                            -46.978
                          ],
                          [
                            51.231,
                            -15.35
                          ],
                          [
                            51.231,
                            15.35
                          ]
                        ],
                        "c": true
                      }
                    ]
                  },
                  {
                    "i": {
                      "x": 0.24,
                      "y": 1
                    },
                    "o": {
                      "x": 0.76,
                      "y": 0
                    },
                    "t": 21.02,
                    "s": [
                      {
                        "i": [
                          [
                            -57.261,
                            -72.452
                          ],
                          [
                            -87.799,
                            -72.452
                          ],
                          [
                            -104.842,
                            -80.082
                          ],
                          [
                            -104.842,
                            -106.037
                          ],
                          [
                            -97.21100000000001,
                            -123.08
                          ],
                          [
                            -66.673,
                            -123.08
                          ],
                          [
                            -49.631,
                            -115.44900000000001
                          ],
                          [
                            -49.631,
                            -89.494
                          ]
                        ],
                        "o": [
                          [
                            -66.673,
                            -72.452
                          ],
                          [
                            -97.21100000000001,
                            -72.452
                          ],
                          [
                            -104.842,
                            -89.494
                          ],
                          [
                            -104.842,
                            -115.44900000000001
                          ],
                          [
                            -87.799,
                            -123.08
                          ],
                          [
                            -57.261,
                            -123.08
                          ],
                          [
                            -49.631,
                            -106.037
                          ],
                          [
                            -49.631,
                            -80.082
                          ]
                        ],
                        "v": [
                          [
                            -66.673,
                            -72.452
                          ],
                          [
                            -87.799,
                            -72.452
                          ],
                          [
                            -104.842,
                            -89.494
                          ],
                          [
                            -104.842,
                            -106.037
                          ],
                          [
                            -87.799,
                            -123.08
                          ],
                          [
                            -66.673,
                            -123.08
                          ],
                          [
                            -49.631,
                            -106.037
                          ],
                          [
                            -49.631,
                            -89.494
                          ]
                        ],
                        "c": true
                      }
                    ]
                  },
                  {
                    "t": 41.041015625,
                    "s": [
                      {
                        "i": [
                          [
                            37.071,
                            46.978
                          ],
                          [
                            -19.603,
                            46.978
                          ],
                          [
                            -51.231,
                            32.818
                          ],
                          [
                            -51.231,
                            -15.35
                          ],
                          [
                            -37.071,
                            -46.978
                          ],
                          [
                            19.603,
                            -46.978
                          ],
                          [
                            51.231,
                            -32.818
                          ],
                          [
                            51.231,
                            15.35
                          ]
                        ],
                        "o": [
                          [
                            19.603,
                            46.978
                          ],
                          [
                            -37.071,
                            46.978
                          ],
                          [
                            -51.231,
                            15.35
                          ],
                          [
                            -51.231,
                            -32.818
                          ],
                          [
                            -19.603,
                            -46.978
                          ],
                          [
                            37.071,
                            -46.978
                          ],
                          [
                            51.231,
                            -15.35
                          ],
                          [
                            51.231,
                            32.818
                          ]
                        ],
                        "v": [
                          [
                            19.603,
                            46.978
                          ],
                          [
                            -19.603,
                            46.978
                          ],
                          [
                            -51.231,
                            15.35
                          ],
                          [
                            -51.231,
                            -15.35
                          ],
                          [
                            -19.603,
                            -46.978
                          ],
                          [
                            19.603,
                            -46.978
                          ],
                          [
                            51.231,
                            -15.35
                          ],
                          [
                            51.231,
                            15.35
                          ]
                        ],
                        "c": true
                      }
                    ]
                  }
                ],
                "ix": 2
              },
              "nm": "Path 1",
              "mn": "ADBE Vector Shape - Group",
              "hd": false,
              "_render": true
            },
            {
              "ty": "st",
              "c": {
                "a": 0,
                "k": [
                  0,
                  0,
                  0,
                  1
                ],
                "ix": 3
              },
              "o": {
                "a": 0,
                "k": 100,
                "ix": 4
              },
              "w": {
                "a": 0,
                "k": 35,
                "ix": 5
              },
              "lc": 2,
              "lj": 2,
              "bm": 0,
              "nm": "Stroke 1",
              "mn": "ADBE Vector Graphic - Stroke",
              "hd": false,
              "_render": true
            },
            {
              "ty": "tr",
              "p": {
                "a": 0,
                "k": [
                  643.631,
                  683.757
                ],
                "ix": 2
              },
              "a": {
                "a": 0,
                "k": [
                  0,
                  0
                ],
                "ix": 1
              },
              "s": {
                "a": 0,
                "k": [
                  100,
                  100
                ],
                "ix": 3
              },
              "r": {
                "a": 0,
                "k": 0,
                "ix": 6
              },
              "o": {
                "a": 0,
                "k": 100,
                "ix": 7
              },
              "sk": {
                "a": 0,
                "k": 0,
                "ix": 4
              },
              "sa": {
                "a": 0,
                "k": 0,
                "ix": 5
              },
              "nm": "Transform",
              "_render": true
            }
          ],
          "nm": "Group 4",
          "np": 2,
          "cix": 2,
          "bm": 0,
          "ix": 4,
          "mn": "ADBE Vector Group",
          "hd": false,
          "_render": true
        },
        {
          "ty": "gr",
          "it": [
            {
              "ind": 0,
              "ty": "sh",
              "ix": 1,
              "ks": {
                "a": 1,
                "k": [
                  {
                    "i": {
                      "x": 0.24,
                      "y": 1
                    },
                    "o": {
                      "x": 0.76,
                      "y": 0
                    },
                    "t": 0,
                    "s": [
                      {
                        "i": [
                          [
                            37.071,
                            46.978
                          ],
                          [
                            -19.603,
                            46.978
                          ],
                          [
                            -51.231,
                            32.818
                          ],
                          [
                            -51.231,
                            -15.35
                          ],
                          [
                            -37.071,
                            -46.978
                          ],
                          [
                            19.603,
                            -46.978
                          ],
                          [
                            51.231,
                            -32.818
                          ],
                          [
                            51.231,
                            15.35
                          ]
                        ],
                        "o": [
                          [
                            19.603,
                            46.978
                          ],
                          [
                            -37.071,
                            46.978
                          ],
                          [
                            -51.231,
                            15.35
                          ],
                          [
                            -51.231,
                            -32.818
                          ],
                          [
                            -19.603,
                            -46.978
                          ],
                          [
                            37.071,
                            -46.978
                          ],
                          [
                            51.231,
                            -15.35
                          ],
                          [
                            51.231,
                            32.818
                          ]
                        ],
                        "v": [
                          [
                            19.603,
                            46.978
                          ],
                          [
                            -19.603,
                            46.978
                          ],
                          [
                            -51.231,
                            15.35
                          ],
                          [
                            -51.231,
                            -15.35
                          ],
                          [
                            -19.603,
                            -46.978
                          ],
                          [
                            19.603,
                            -46.978
                          ],
                          [
                            51.231,
                            -15.35
                          ],
                          [
                            51.231,
                            15.35
                          ]
                        ],
                        "c": true
                      }
                    ]
                  },
                  {
                    "i": {
                      "x": 0.24,
                      "y": 1
                    },
                    "o": {
                      "x": 0.76,
                      "y": 0
                    },
                    "t": 20.02,
                    "s": [
                      {
                        "i": [
                          [
                            -57.261,
                            97.03
                          ],
                          [
                            -87.799,
                            97.03
                          ],
                          [
                            -104.842,
                            89.399
                          ],
                          [
                            -104.842,
                            63.444
                          ],
                          [
                            -97.21100000000001,
                            46.402
                          ],
                          [
                            -66.673,
                            46.402
                          ],
                          [
                            -49.631,
                            54.032000000000004
                          ],
                          [
                            -49.631,
                            79.987
                          ]
                        ],
                        "o": [
                          [
                            -66.673,
                            97.03
                          ],
                          [
                            -97.21100000000001,
                            97.03
                          ],
                          [
                            -104.842,
                            79.987
                          ],
                          [
                            -104.842,
                            54.032000000000004
                          ],
                          [
                            -87.799,
                            46.402
                          ],
                          [
                            -57.261,
                            46.402
                          ],
                          [
                            -49.631,
                            63.444
                          ],
                          [
                            -49.631,
                            89.399
                          ]
                        ],
                        "v": [
                          [
                            -66.673,
                            97.03
                          ],
                          [
                            -87.799,
                            97.03
                          ],
                          [
                            -104.842,
                            79.987
                          ],
                          [
                            -104.842,
                            63.444
                          ],
                          [
                            -87.799,
                            46.402
                          ],
                          [
                            -66.673,
                            46.402
                          ],
                          [
                            -49.631,
                            63.444
                          ],
                          [
                            -49.631,
                            79.987
                          ]
                        ],
                        "c": true
                      }
                    ]
                  },
                  {
                    "t": 40.041015625,
                    "s": [
                      {
                        "i": [
                          [
                            37.071,
                            46.978
                          ],
                          [
                            -19.603,
                            46.978
                          ],
                          [
                            -51.231,
                            32.818
                          ],
                          [
                            -51.231,
                            -15.35
                          ],
                          [
                            -37.071,
                            -46.978
                          ],
                          [
                            19.603,
                            -46.978
                          ],
                          [
                            51.231,
                            -32.818
                          ],
                          [
                            51.231,
                            15.35
                          ]
                        ],
                        "o": [
                          [
                            19.603,
                            46.978
                          ],
                          [
                            -37.071,
                            46.978
                          ],
                          [
                            -51.231,
                            15.35
                          ],
                          [
                            -51.231,
                            -32.818
                          ],
                          [
                            -19.603,
                            -46.978
                          ],
                          [
                            37.071,
                            -46.978
                          ],
                          [
                            51.231,
                            -15.35
                          ],
                          [
                            51.231,
                            32.818
                          ]
                        ],
                        "v": [
                          [
                            19.603,
                            46.978
                          ],
                          [
                            -19.603,
                            46.978
                          ],
                          [
                            -51.231,
                            15.35
                          ],
                          [
                            -51.231,
                            -15.35
                          ],
                          [
                            -19.603,
                            -46.978
                          ],
                          [
                            19.603,
                            -46.978
                          ],
                          [
                            51.231,
                            -15.35
                          ],
                          [
                            51.231,
                            15.35
                          ]
                        ],
                        "c": true
                      }
                    ]
                  }
                ],
                "ix": 2
              },
              "nm": "Path 1",
              "mn": "ADBE Vector Shape - Group",
              "hd": false,
              "_render": true
            },
            {
              "ty": "st",
              "c": {
                "a": 0,
                "k": [
                  0,
                  0,
                  0,
                  1
                ],
                "ix": 3
              },
              "o": {
                "a": 0,
                "k": 100,
                "ix": 4
              },
              "w": {
                "a": 0,
                "k": 35,
                "ix": 5
              },
              "lc": 2,
              "lj": 2,
              "bm": 0,
              "nm": "Stroke 1",
              "mn": "ADBE Vector Graphic - Stroke",
              "hd": false,
              "_render": true
            },
            {
              "ty": "tr",
              "p": {
                "a": 0,
                "k": [
                  643.631,
                  316.243
                ],
                "ix": 2
              },
              "a": {
                "a": 0,
                "k": [
                  0,
                  0
                ],
                "ix": 1
              },
              "s": {
                "a": 0,
                "k": [
                  100,
                  100
                ],
                "ix": 3
              },
              "r": {
                "a": 0,
                "k": 0,
                "ix": 6
              },
              "o": {
                "a": 0,
                "k": 100,
                "ix": 7
              },
              "sk": {
                "a": 0,
                "k": 0,
                "ix": 4
              },
              "sa": {
                "a": 0,
                "k": 0,
                "ix": 5
              },
              "nm": "Transform",
              "_render": true
            }
          ],
          "nm": "Group 5",
          "np": 2,
          "cix": 2,
          "bm": 0,
          "ix": 5,
          "mn": "ADBE Vector Group",
          "hd": false,
          "_render": true
        }
      ],
      "ip": 0,
      "op": 120.12012012012,
      "st": 0,
      "ct": 1,
      "bm": 0,
      "completed": true
    }
  ],
  "markers": [],
  "__complete": true
}