{
  "v": "5.9.6",
  "fr": 60,
  "ip": 0,
  "op": 120,
  "w": 750,
  "h": 750,
  "nm": "Comp 1",
  "ddd": 0,
  "assets": [],
  "layers": [
    {
      "ddd": 0,
      "ind": 1,
      "ty": 4,
      "nm": "Layer 1",
      "sr": 1,
      "ks": {
        "o": {
          "a": 0,
          "k": 100,
          "ix": 11
        },
        "r": {
          "a": 0,
          "k": 0,
          "ix": 10
        },
        "p": {
          "a": 0,
          "k": [
            375,
            375,
            0
          ],
          "ix": 2,
          "l": 2
        },
        "a": {
          "a": 0,
          "k": [
            492,
            460.031,
            0
          ],
          "ix": 1,
          "l": 2
        },
        "s": {
          "a": 0,
          "k": [
            100,
            100,
            100
          ],
          "ix": 6,
          "l": 2
        }
      },
      "ao": 0,
      "shapes": [
        {
          "ty": "gr",
          "it": [
            {
              "ind": 0,
              "ty": "sh",
              "ix": 1,
              "ks": {
                "a": 0,
                "k": {
                  "i": [
                    [
                      -101.5,
                      1.193
                    ],
                    [
                      -49.425,
                      63.137
                    ],
                    [
                      -32.318,
                      70.737
                    ],
                    [
                      101.5,
                      -68.807
                    ]
                  ],
                  "o": [
                    [
                      -101.5,
                      1.193
                    ],
                    [
                      -43.339,
                      70.376
                    ],
                    [
                      -25.772,
                      63.911
                    ],
                    [
                      101.5,
                      -68.807
                    ]
                  ],
                  "v": [
                    [
                      -101.5,
                      1.193
                    ],
                    [
                      -49.425,
                      63.137
                    ],
                    [
                      -25.772,
                      63.911
                    ],
                    [
                      101.5,
                      -68.807
                    ]
                  ],
                  "c": false
                },
                "ix": 2
              },
              "nm": "Path 1",
              "mn": "ADBE Vector Shape - Group",
              "hd": false,
              "_render": true
            },
            {
              "ty": "st",
              "c": {
                "a": 0,
                "k": [
                  0,
                  0,
                  0,
                  1
                ],
                "ix": 3
              },
              "o": {
                "a": 0,
                "k": 100,
                "ix": 4
              },
              "w": {
                "a": 0,
                "k": 35,
                "ix": 5
              },
              "lc": 2,
              "lj": 1,
              "ml": 10,
              "bm": 0,
              "nm": "Stroke 1",
              "mn": "ADBE Vector Graphic - Stroke",
              "hd": false,
              "_render": true
            },
            {
              "ty": "tm",
              "s": {
                "a": 0,
                "k": 0,
                "ix": 1
              },
              "e": {
                "a": 1,
                "k": [
                  {
                    "i": {
                      "x": [
                        0.667
                      ],
                      "y": [
                        1
                      ]
                    },
                    "o": {
                      "x": [
                        0.333
                      ],
                      "y": [
                        0
                      ]
                    },
                    "t": 0,
                    "s": [
                      100
                    ]
                  },
                  {
                    "i": {
                      "x": [
                        0.667
                      ],
                      "y": [
                        1
                      ]
                    },
                    "o": {
                      "x": [
                        0.333
                      ],
                      "y": [
                        0
                      ]
                    },
                    "t": 25,
                    "s": [
                      12
                    ]
                  },
                  {
                    "t": 50,
                    "s": [
                      100
                    ]
                  }
                ],
                "ix": 2
              },
              "o": {
                "a": 0,
                "k": 0,
                "ix": 3
              },
              "m": 1,
              "ix": 3,
              "nm": "Trim Paths 1",
              "mn": "ADBE Vector Filter - Trim",
              "hd": false,
              "_render": true
            },
            {
              "ty": "tr",
              "p": {
                "a": 0,
                "k": [
                  515,
                  431.307
                ],
                "ix": 2
              },
              "a": {
                "a": 0,
                "k": [
                  0,
                  0
                ],
                "ix": 1
              },
              "s": {
                "a": 0,
                "k": [
                  100,
                  100
                ],
                "ix": 3
              },
              "r": {
                "a": 0,
                "k": 0,
                "ix": 6
              },
              "o": {
                "a": 0,
                "k": 100,
                "ix": 7
              },
              "sk": {
                "a": 0,
                "k": 0,
                "ix": 4
              },
              "sa": {
                "a": 0,
                "k": 0,
                "ix": 5
              },
              "nm": "Transform",
              "_render": true
            }
          ],
          "nm": "Group 1",
          "np": 3,
          "cix": 2,
          "bm": 0,
          "ix": 1,
          "mn": "ADBE Vector Group",
          "hd": false,
          "_render": true
        },
        {
          "ty": "gr",
          "it": [
            {
              "ind": 0,
              "ty": "sh",
              "ix": 1,
              "ks": {
                "a": 0,
                "k": {
                  "i": [
                    [
                      -187.57,
                      -196.46099999999998
                    ],
                    [
                      -10.516,
                      -268.075
                    ],
                    [
                      4.4479999999999995,
                      -270.925
                    ],
                    [
                      176.549,
                      -200.957
                    ],
                    [
                      194.816,
                      -185.733
                    ],
                    [
                      194.816,
                      53.932
                    ],
                    [
                      194.27200000000002,
                      60.466
                    ],
                    [
                      172.873,
                      114.28899999999999
                    ],
                    [
                      55.655,
                      246.47699999999998
                    ],
                    [
                      1.870000000000001,
                      271.346
                    ],
                    [
                      -104.03399999999999,
                      222.47
                    ],
                    [
                      -186.73,
                      88.158
                    ],
                    [
                      -194.816,
                      57.546
                    ],
                    [
                      -194.816,
                      -173.773
                    ]
                  ],
                  "o": [
                    [
                      -176.5,
                      -200.939
                    ],
                    [
                      -3.4509999999999996,
                      -270.932
                    ],
                    [
                      11.508,
                      -268.055
                    ],
                    [
                      187.59300000000002,
                      -196.46699999999998
                    ],
                    [
                      194.816,
                      -173.811
                    ],
                    [
                      194.816,
                      57.213
                    ],
                    [
                      185.018,
                      87.012
                    ],
                    [
                      111.40100000000001,
                      208.57299999999998
                    ],
                    [
                      10.918999999999999,
                      270.80499999999995
                    ],
                    [
                      -41.528999999999996,
                      254.17400000000004
                    ],
                    [
                      -174.099,
                      121.441
                    ],
                    [
                      -194.46699999999998,
                      60.159
                    ],
                    [
                      -194.816,
                      54.914
                    ],
                    [
                      -194.816,
                      -185.714
                    ]
                  ],
                  "v": [
                    [
                      -176.5,
                      -200.939
                    ],
                    [
                      -10.516,
                      -268.075
                    ],
                    [
                      11.508,
                      -268.055
                    ],
                    [
                      176.549,
                      -200.957
                    ],
                    [
                      194.816,
                      -173.811
                    ],
                    [
                      194.816,
                      53.932
                    ],
                    [
                      193.192,
                      63.564
                    ],
                    [
                      154.5,
                      142.469
                    ],
                    [
                      18.528,
                      266.667
                    ],
                    [
                      -6.183,
                      268.16
                    ],
                    [
                      -150.5,
                      155.469
                    ],
                    [
                      -193.766,
                      62.696
                    ],
                    [
                      -194.816,
                      54.914
                    ],
                    [
                      -194.816,
                      -173.773
                    ]
                  ],
                  "c": true
                },
                "ix": 2
              },
              "nm": "Path 1",
              "mn": "ADBE Vector Shape - Group",
              "hd": false,
              "_render": true
            },
            {
              "ty": "st",
              "c": {
                "a": 0,
                "k": [
                  0,
                  0,
                  0,
                  1
                ],
                "ix": 3
              },
              "o": {
                "a": 0,
                "k": 100,
                "ix": 4
              },
              "w": {
                "a": 0,
                "k": 35,
                "ix": 5
              },
              "lc": 2,
              "lj": 1,
              "ml": 10,
              "bm": 0,
              "nm": "Stroke 1",
              "mn": "ADBE Vector Graphic - Stroke",
              "hd": false,
              "_render": true
            },
            {
              "ty": "tr",
              "p": {
                "a": 0,
                "k": [
                  492,
                  460.031
                ],
                "ix": 2
              },
              "a": {
                "a": 0,
                "k": [
                  0,
                  0
                ],
                "ix": 1
              },
              "s": {
                "a": 0,
                "k": [
                  100,
                  100
                ],
                "ix": 3
              },
              "r": {
                "a": 0,
                "k": 0,
                "ix": 6
              },
              "o": {
                "a": 0,
                "k": 100,
                "ix": 7
              },
              "sk": {
                "a": 0,
                "k": 0,
                "ix": 4
              },
              "sa": {
                "a": 0,
                "k": 0,
                "ix": 5
              },
              "nm": "Transform",
              "_render": true
            }
          ],
          "nm": "Group 2",
          "np": 2,
          "cix": 2,
          "bm": 0,
          "ix": 2,
          "mn": "ADBE Vector Group",
          "hd": false,
          "_render": true
        }
      ],
      "ip": 0,
      "op": 120,
      "st": 0,
      "ct": 1,
      "bm": 0,
      "completed": true
    }
  ],
  "markers": [],
  "__complete": true
}