{
  "v": "5.9.6",
  "fr": 60,
  "ip": 0,
  "op": 120,
  "w": 750,
  "h": 750,
  "nm": "Comp 1",
  "ddd": 0,
  "assets": [],
  "layers": [
    {
      "ddd": 0,
      "ind": 1,
      "ty": 4,
      "nm": "Layer 1",
      "sr": 1,
      "ks": {
        "o": {
          "a": 0,
          "k": 100,
          "ix": 11
        },
        "r": {
          "a": 1,
          "k": [
            {
              "i": {
                "x": [
                  0.2
                ],
                "y": [
                  1
                ]
              },
              "o": {
                "x": [
                  0.167
                ],
                "y": [
                  0.167
                ]
              },
              "t": 0,
              "s": [
                0
              ]
            },
            {
              "i": {
                "x": [
                  0.2
                ],
                "y": [
                  1
                ]
              },
              "o": {
                "x": [
                  0.167
                ],
                "y": [
                  0.167
                ]
              },
              "t": 26.666,
              "s": [
                17
              ]
            },
            {
              "t": 50,
              "s": [
                0
              ]
            }
          ],
          "ix": 10
        },
        "p": {
          "a": 1,
          "k": [
            {
              "i": {
                "x": 0.2,
                "y": 1
              },
              "o": {
                "x": 0.167,
                "y": 0.167
              },
              "t": 0,
              "s": [
                375,
                375,
                0
              ],
              "to": null,
              "ti": null
            },
            {
              "i": {
                "x": 0.2,
                "y": 1
              },
              "o": {
                "x": 0.167,
                "y": 0.167
              },
              "t": 26.666,
              "s": [
                375,
                317,
                0
              ],
              "to": null,
              "ti": null
            },
            {
              "t": 50,
              "s": [
                375,
                375,
                0
              ]
            }
          ],
          "ix": 2,
          "l": 2
        },
        "a": {
          "a": 0,
          "k": [
            540,
            539.996,
            0
          ],
          "ix": 1,
          "l": 2
        },
        "s": {
          "a": 0,
          "k": [
            900,
            900,
            100
          ],
          "ix": 6,
          "l": 2
        }
      },
      "ao": 0,
      "shapes": [
        {
          "ty": "gr",
          "it": [
            {
              "ind": 0,
              "ty": "sh",
              "ix": 1,
              "ks": {
                "a": 1,
                "k": [
                  {
                    "i": {
                      "x": 0.2,
                      "y": 1
                    },
                    "o": {
                      "x": 0.333,
                      "y": 0
                    },
                    "t": 0,
                    "s": [
                      {
                        "i": [
                          [
                            -19.027,
                            0
                          ],
                          [
                            19.027,
                            0
                          ]
                        ],
                        "o": [
                          [
                            -19.027,
                            0
                          ],
                          [
                            19.027,
                            0
                          ]
                        ],
                        "v": [
                          [
                            -19.027,
                            0
                          ],
                          [
                            19.027,
                            0
                          ]
                        ],
                        "c": false
                      }
                    ]
                  },
                  {
                    "i": {
                      "x": 0.2,
                      "y": 1
                    },
                    "o": {
                      "x": 0.333,
                      "y": 0
                    },
                    "t": 26.666,
                    "s": [
                      {
                        "i": [
                          [
                            -0.174,
                            0
                          ],
                          [
                            0.786,
                            0
                          ]
                        ],
                        "o": [
                          [
                            -0.174,
                            0
                          ],
                          [
                            0.786,
                            0
                          ]
                        ],
                        "v": [
                          [
                            -0.174,
                            0
                          ],
                          [
                            0.786,
                            0
                          ]
                        ],
                        "c": false
                      }
                    ]
                  },
                  {
                    "t": 50,
                    "s": [
                      {
                        "i": [
                          [
                            -19.027,
                            0
                          ],
                          [
                            19.027,
                            0
                          ]
                        ],
                        "o": [
                          [
                            -19.027,
                            0
                          ],
                          [
                            19.027,
                            0
                          ]
                        ],
                        "v": [
                          [
                            -19.027,
                            0
                          ],
                          [
                            19.027,
                            0
                          ]
                        ],
                        "c": false
                      }
                    ]
                  }
                ],
                "ix": 2
              },
              "nm": "Path 1",
              "mn": "ADBE Vector Shape - Group",
              "hd": false,
              "_render": true
            },
            {
              "ty": "st",
              "c": {
                "a": 0,
                "k": [
                  0,
                  0,
                  0,
                  1
                ],
                "ix": 3
              },
              "o": {
                "a": 0,
                "k": 100,
                "ix": 4
              },
              "w": {
                "a": 0,
                "k": 3.8,
                "ix": 5
              },
              "lc": 2,
              "lj": 1,
              "ml": 10,
              "bm": 0,
              "nm": "Stroke 1",
              "mn": "ADBE Vector Graphic - Stroke",
              "hd": false,
              "_render": true
            },
            {
              "ty": "tr",
              "p": {
                "a": 0,
                "k": [
                  540,
                  529.371
                ],
                "ix": 2
              },
              "a": {
                "a": 0,
                "k": [
                  0,
                  0
                ],
                "ix": 1
              },
              "s": {
                "a": 0,
                "k": [
                  100,
                  100
                ],
                "ix": 3
              },
              "r": {
                "a": 0,
                "k": 0,
                "ix": 6
              },
              "o": {
                "a": 0,
                "k": 100,
                "ix": 7
              },
              "sk": {
                "a": 0,
                "k": 0,
                "ix": 4
              },
              "sa": {
                "a": 0,
                "k": 0,
                "ix": 5
              },
              "nm": "Transform",
              "_render": true
            }
          ],
          "nm": "Group 1",
          "np": 2,
          "cix": 2,
          "bm": 0,
          "ix": 1,
          "mn": "ADBE Vector Group",
          "hd": false,
          "_render": true
        },
        {
          "ty": "gr",
          "it": [
            {
              "ind": 0,
              "ty": "sh",
              "ix": 1,
              "ks": {
                "a": 1,
                "k": [
                  {
                    "i": {
                      "x": 0.2,
                      "y": 1
                    },
                    "o": {
                      "x": 0.333,
                      "y": 0
                    },
                    "t": 0,
                    "s": [
                      {
                        "i": [
                          [
                            0,
                            26.94
                          ],
                          [
                            0,
                            -26.94
                          ]
                        ],
                        "o": [
                          [
                            0,
                            26.94
                          ],
                          [
                            0,
                            -26.94
                          ]
                        ],
                        "v": [
                          [
                            0,
                            26.94
                          ],
                          [
                            0,
                            -26.94
                          ]
                        ],
                        "c": false
                      }
                    ]
                  },
                  {
                    "i": {
                      "x": 0.2,
                      "y": 1
                    },
                    "o": {
                      "x": 0.333,
                      "y": 0
                    },
                    "t": 26.666,
                    "s": [
                      {
                        "i": [
                          [
                            0.306,
                            26.94
                          ],
                          [
                            0.306,
                            -26.94
                          ]
                        ],
                        "o": [
                          [
                            0.306,
                            26.94
                          ],
                          [
                            0.306,
                            -26.94
                          ]
                        ],
                        "v": [
                          [
                            0.306,
                            26.94
                          ],
                          [
                            0.306,
                            -26.94
                          ]
                        ],
                        "c": false
                      }
                    ]
                  },
                  {
                    "t": 50,
                    "s": [
                      {
                        "i": [
                          [
                            0,
                            26.94
                          ],
                          [
                            0,
                            -26.94
                          ]
                        ],
                        "o": [
                          [
                            0,
                            26.94
                          ],
                          [
                            0,
                            -26.94
                          ]
                        ],
                        "v": [
                          [
                            0,
                            26.94
                          ],
                          [
                            0,
                            -26.94
                          ]
                        ],
                        "c": false
                      }
                    ]
                  }
                ],
                "ix": 2
              },
              "nm": "Path 1",
              "mn": "ADBE Vector Shape - Group",
              "hd": false,
              "_render": true
            },
            {
              "ty": "st",
              "c": {
                "a": 0,
                "k": [
                  0,
                  0,
                  0,
                  1
                ],
                "ix": 3
              },
              "o": {
                "a": 0,
                "k": 100,
                "ix": 4
              },
              "w": {
                "a": 0,
                "k": 3.8,
                "ix": 5
              },
              "lc": 2,
              "lj": 1,
              "ml": 10,
              "bm": 0,
              "nm": "Stroke 1",
              "mn": "ADBE Vector Graphic - Stroke",
              "hd": false,
              "_render": true
            },
            {
              "ty": "tr",
              "p": {
                "a": 0,
                "k": [
                  540,
                  539.998
                ],
                "ix": 2
              },
              "a": {
                "a": 0,
                "k": [
                  0,
                  0
                ],
                "ix": 1
              },
              "s": {
                "a": 0,
                "k": [
                  100,
                  100
                ],
                "ix": 3
              },
              "r": {
                "a": 0,
                "k": 0,
                "ix": 6
              },
              "o": {
                "a": 0,
                "k": 100,
                "ix": 7
              },
              "sk": {
                "a": 0,
                "k": 0,
                "ix": 4
              },
              "sa": {
                "a": 0,
                "k": 0,
                "ix": 5
              },
              "nm": "Transform",
              "_render": true
            }
          ],
          "nm": "Group 2",
          "np": 2,
          "cix": 2,
          "bm": 0,
          "ix": 2,
          "mn": "ADBE Vector Group",
          "hd": false,
          "_render": true
        },
        {
          "ty": "gr",
          "it": [
            {
              "ind": 0,
              "ty": "sh",
              "ix": 1,
              "ks": {
                "a": 1,
                "k": [
                  {
                    "i": {
                      "x": 0.2,
                      "y": 1
                    },
                    "o": {
                      "x": 0.333,
                      "y": 0
                    },
                    "t": 0,
                    "s": [
                      {
                        "i": [
                          [
                            10.918,
                            25.378
                          ],
                          [
                            0,
                            26.938
                          ],
                          [
                            0,
                            26.938
                          ],
                          [
                            -19.027,
                            16.028
                          ],
                          [
                            -19.027,
                            -22.368
                          ],
                          [
                            -16.981,
                            -26.938
                          ],
                          [
                            14.457,
                            -26.938
                          ],
                          [
                            19.027,
                            -24.892
                          ],
                          [
                            19.027,
                            5
                          ]
                        ],
                        "o": [
                          [
                            0,
                            26.938
                          ],
                          [
                            0,
                            26.938
                          ],
                          [
                            -10.918,
                            25.378
                          ],
                          [
                            -19.027,
                            5
                          ],
                          [
                            -19.027,
                            -24.892
                          ],
                          [
                            -14.457,
                            -26.938
                          ],
                          [
                            16.981,
                            -26.938
                          ],
                          [
                            19.027,
                            -22.368
                          ],
                          [
                            19.027,
                            16.028
                          ]
                        ],
                        "v": [
                          [
                            0,
                            26.938
                          ],
                          [
                            0,
                            26.938
                          ],
                          [
                            0,
                            26.938
                          ],
                          [
                            -19.027,
                            5
                          ],
                          [
                            -19.027,
                            -22.368
                          ],
                          [
                            -14.457,
                            -26.938
                          ],
                          [
                            14.457,
                            -26.938
                          ],
                          [
                            19.027,
                            -22.368
                          ],
                          [
                            19.027,
                            5
                          ]
                        ],
                        "c": true
                      }
                    ]
                  },
                  {
                    "i": {
                      "x": 0.2,
                      "y": 1
                    },
                    "o": {
                      "x": 0.333,
                      "y": 0
                    },
                    "t": 26.666,
                    "s": [
                      {
                        "i": [
                          [
                            0.581,
                            25.378
                          ],
                          [
                            0.306,
                            26.938
                          ],
                          [
                            0.306,
                            26.938
                          ],
                          [
                            -0.174,
                            16.028
                          ],
                          [
                            -0.174,
                            -22.368
                          ],
                          [
                            -0.123,
                            -26.938
                          ],
                          [
                            0.67,
                            -26.938
                          ],
                          [
                            0.786,
                            -24.892
                          ],
                          [
                            0.786,
                            5
                          ]
                        ],
                        "o": [
                          [
                            0.306,
                            26.938
                          ],
                          [
                            0.306,
                            26.938
                          ],
                          [
                            0.030999999999999972,
                            25.378
                          ],
                          [
                            -0.174,
                            5
                          ],
                          [
                            -0.174,
                            -24.892
                          ],
                          [
                            -0.059,
                            -26.938
                          ],
                          [
                            0.734,
                            -26.938
                          ],
                          [
                            0.786,
                            -22.368
                          ],
                          [
                            0.786,
                            16.028
                          ]
                        ],
                        "v": [
                          [
                            0.306,
                            26.938
                          ],
                          [
                            0.306,
                            26.938
                          ],
                          [
                            0.306,
                            26.938
                          ],
                          [
                            -0.174,
                            5
                          ],
                          [
                            -0.174,
                            -22.368
                          ],
                          [
                            -0.059,
                            -26.938
                          ],
                          [
                            0.67,
                            -26.938
                          ],
                          [
                            0.786,
                            -22.368
                          ],
                          [
                            0.786,
                            5
                          ]
                        ],
                        "c": true
                      }
                    ]
                  },
                  {
                    "t": 50,
                    "s": [
                      {
                        "i": [
                          [
                            10.918,
                            25.378
                          ],
                          [
                            0,
                            26.938
                          ],
                          [
                            0,
                            26.938
                          ],
                          [
                            -19.027,
                            16.028
                          ],
                          [
                            -19.027,
                            -22.368
                          ],
                          [
                            -16.981,
                            -26.938
                          ],
                          [
                            14.457,
                            -26.938
                          ],
                          [
                            19.027,
                            -24.892
                          ],
                          [
                            19.027,
                            5
                          ]
                        ],
                        "o": [
                          [
                            0,
                            26.938
                          ],
                          [
                            0,
                            26.938
                          ],
                          [
                            -10.918,
                            25.378
                          ],
                          [
                            -19.027,
                            5
                          ],
                          [
                            -19.027,
                            -24.892
                          ],
                          [
                            -14.457,
                            -26.938
                          ],
                          [
                            16.981,
                            -26.938
                          ],
                          [
                            19.027,
                            -22.368
                          ],
                          [
                            19.027,
                            16.028
                          ]
                        ],
                        "v": [
                          [
                            0,
                            26.938
                          ],
                          [
                            0,
                            26.938
                          ],
                          [
                            0,
                            26.938
                          ],
                          [
                            -19.027,
                            5
                          ],
                          [
                            -19.027,
                            -22.368
                          ],
                          [
                            -14.457,
                            -26.938
                          ],
                          [
                            14.457,
                            -26.938
                          ],
                          [
                            19.027,
                            -22.368
                          ],
                          [
                            19.027,
                            5
                          ]
                        ],
                        "c": true
                      }
                    ]
                  }
                ],
                "ix": 2
              },
              "nm": "Path 1",
              "mn": "ADBE Vector Shape - Group",
              "hd": false,
              "_render": true
            },
            {
              "ty": "st",
              "c": {
                "a": 0,
                "k": [
                  0,
                  0,
                  0,
                  1
                ],
                "ix": 3
              },
              "o": {
                "a": 0,
                "k": 100,
                "ix": 4
              },
              "w": {
                "a": 0,
                "k": 3.8,
                "ix": 5
              },
              "lc": 2,
              "lj": 2,
              "bm": 0,
              "nm": "Stroke 1",
              "mn": "ADBE Vector Graphic - Stroke",
              "hd": false,
              "_render": true
            },
            {
              "ty": "tr",
              "p": {
                "a": 0,
                "k": [
                  540,
                  539.992
                ],
                "ix": 2
              },
              "a": {
                "a": 0,
                "k": [
                  0,
                  0
                ],
                "ix": 1
              },
              "s": {
                "a": 0,
                "k": [
                  100,
                  100
                ],
                "ix": 3
              },
              "r": {
                "a": 0,
                "k": 0,
                "ix": 6
              },
              "o": {
                "a": 0,
                "k": 100,
                "ix": 7
              },
              "sk": {
                "a": 0,
                "k": 0,
                "ix": 4
              },
              "sa": {
                "a": 0,
                "k": 0,
                "ix": 5
              },
              "nm": "Transform",
              "_render": true
            }
          ],
          "nm": "Group 3",
          "np": 2,
          "cix": 2,
          "bm": 0,
          "ix": 3,
          "mn": "ADBE Vector Group",
          "hd": false,
          "_render": true
        }
      ],
      "ip": 0,
      "op": 120,
      "st": 0,
      "ct": 1,
      "bm": 0,
      "completed": true
    }
  ],
  "markers": [],
  "__complete": true
}