{
  "v": "5.9.6",
  "fr": 60,
  "ip": 0,
  "op": 120,
  "w": 750,
  "h": 750,
  "nm": "Comp 1",
  "ddd": 0,
  "assets": [],
  "layers": [
    {
      "ddd": 0,
      "ind": 1,
      "ty": 4,
      "nm": "Layer 2",
      "sr": 1,
      "ks": {
        "o": {
          "a": 0,
          "k": 100,
          "ix": 11
        },
        "r": {
          "a": 0,
          "k": 0,
          "ix": 10
        },
        "p": {
          "a": 0,
          "k": [
            375,
            375,
            0
          ],
          "ix": 2,
          "l": 2
        },
        "a": {
          "a": 0,
          "k": [
            500,
            447.133,
            0
          ],
          "ix": 1,
          "l": 2
        },
        "s": {
          "a": 0,
          "k": [
            100,
            100,
            100
          ],
          "ix": 6,
          "l": 2
        }
      },
      "ao": 0,
      "shapes": [
        {
          "ty": "gr",
          "it": [
            {
              "ind": 0,
              "ty": "sh",
              "ix": 1,
              "ks": {
                "a": 1,
                "k": [
                  {
                    "i": {
                      "x": 0.26,
                      "y": 1
                    },
                    "o": {
                      "x": 0.74,
                      "y": 0
                    },
                    "t": 6,
                    "s": [
                      {
                        "i": [
                          [
                            0,
                            -159.897
                          ],
                          [
                            0,
                            159.897
                          ]
                        ],
                        "o": [
                          [
                            0,
                            -159.897
                          ],
                          [
                            0,
                            159.897
                          ]
                        ],
                        "v": [
                          [
                            0,
                            -159.897
                          ],
                          [
                            0,
                            159.897
                          ]
                        ],
                        "c": false
                      }
                    ]
                  },
                  {
                    "i": {
                      "x": 0.26,
                      "y": 1
                    },
                    "o": {
                      "x": 0.74,
                      "y": 0
                    },
                    "t": 26.02,
                    "s": [
                      {
                        "i": [
                          [
                            0,
                            -39.897
                          ],
                          [
                            0,
                            159.897
                          ]
                        ],
                        "o": [
                          [
                            0,
                            -39.897
                          ],
                          [
                            0,
                            159.897
                          ]
                        ],
                        "v": [
                          [
                            0,
                            -39.897
                          ],
                          [
                            0,
                            159.897
                          ]
                        ],
                        "c": false
                      }
                    ]
                  },
                  {
                    "t": 46.041015625,
                    "s": [
                      {
                        "i": [
                          [
                            0,
                            -159.897
                          ],
                          [
                            0,
                            159.897
                          ]
                        ],
                        "o": [
                          [
                            0,
                            -159.897
                          ],
                          [
                            0,
                            159.897
                          ]
                        ],
                        "v": [
                          [
                            0,
                            -159.897
                          ],
                          [
                            0,
                            159.897
                          ]
                        ],
                        "c": false
                      }
                    ]
                  }
                ],
                "ix": 2
              },
              "nm": "Path 1",
              "mn": "ADBE Vector Shape - Group",
              "hd": false,
              "_render": true
            },
            {
              "ty": "st",
              "c": {
                "a": 0,
                "k": [
                  0,
                  0,
                  0,
                  1
                ],
                "ix": 3
              },
              "o": {
                "a": 0,
                "k": 100,
                "ix": 4
              },
              "w": {
                "a": 0,
                "k": 35,
                "ix": 5
              },
              "lc": 2,
              "lj": 2,
              "bm": 0,
              "nm": "Stroke 1",
              "mn": "ADBE Vector Graphic - Stroke",
              "hd": false,
              "_render": true
            },
            {
              "ty": "tr",
              "p": {
                "a": 0,
                "k": [
                  502,
                  510.648
                ],
                "ix": 2
              },
              "a": {
                "a": 0,
                "k": [
                  0,
                  0
                ],
                "ix": 1
              },
              "s": {
                "a": 0,
                "k": [
                  100,
                  100
                ],
                "ix": 3
              },
              "r": {
                "a": 0,
                "k": 0,
                "ix": 6
              },
              "o": {
                "a": 0,
                "k": 100,
                "ix": 7
              },
              "sk": {
                "a": 0,
                "k": 0,
                "ix": 4
              },
              "sa": {
                "a": 0,
                "k": 0,
                "ix": 5
              },
              "nm": "Transform",
              "_render": true
            }
          ],
          "nm": "Group 1",
          "np": 2,
          "cix": 2,
          "bm": 0,
          "ix": 1,
          "mn": "ADBE Vector Group",
          "hd": false,
          "_render": true
        },
        {
          "ty": "gr",
          "it": [
            {
              "ind": 0,
              "ty": "sh",
              "ix": 1,
              "ks": {
                "a": 1,
                "k": [
                  {
                    "i": {
                      "x": 0.26,
                      "y": 1
                    },
                    "o": {
                      "x": 0.74,
                      "y": 0
                    },
                    "t": 3,
                    "s": [
                      {
                        "i": [
                          [
                            0,
                            -223.412
                          ],
                          [
                            0,
                            223.412
                          ]
                        ],
                        "o": [
                          [
                            0,
                            -223.412
                          ],
                          [
                            0,
                            223.412
                          ]
                        ],
                        "v": [
                          [
                            0,
                            -223.412
                          ],
                          [
                            0,
                            223.412
                          ]
                        ],
                        "c": false
                      }
                    ]
                  },
                  {
                    "i": {
                      "x": 0.26,
                      "y": 1
                    },
                    "o": {
                      "x": 0.74,
                      "y": 0
                    },
                    "t": 23.02,
                    "s": [
                      {
                        "i": [
                          [
                            0,
                            -103.412
                          ],
                          [
                            0,
                            223.412
                          ]
                        ],
                        "o": [
                          [
                            0,
                            -103.412
                          ],
                          [
                            0,
                            223.412
                          ]
                        ],
                        "v": [
                          [
                            0,
                            -103.412
                          ],
                          [
                            0,
                            223.412
                          ]
                        ],
                        "c": false
                      }
                    ]
                  },
                  {
                    "t": 43.041015625,
                    "s": [
                      {
                        "i": [
                          [
                            0,
                            -223.412
                          ],
                          [
                            0,
                            223.412
                          ]
                        ],
                        "o": [
                          [
                            0,
                            -223.412
                          ],
                          [
                            0,
                            223.412
                          ]
                        ],
                        "v": [
                          [
                            0,
                            -223.412
                          ],
                          [
                            0,
                            223.412
                          ]
                        ],
                        "c": false
                      }
                    ]
                  }
                ],
                "ix": 2
              },
              "nm": "Path 1",
              "mn": "ADBE Vector Shape - Group",
              "hd": false,
              "_render": true
            },
            {
              "ty": "st",
              "c": {
                "a": 0,
                "k": [
                  0,
                  0,
                  0,
                  1
                ],
                "ix": 3
              },
              "o": {
                "a": 0,
                "k": 100,
                "ix": 4
              },
              "w": {
                "a": 0,
                "k": 35,
                "ix": 5
              },
              "lc": 2,
              "lj": 2,
              "bm": 0,
              "nm": "Stroke 1",
              "mn": "ADBE Vector Graphic - Stroke",
              "hd": false,
              "_render": true
            },
            {
              "ty": "tr",
              "p": {
                "a": 0,
                "k": [
                  641.412,
                  447.133
                ],
                "ix": 2
              },
              "a": {
                "a": 0,
                "k": [
                  0,
                  0
                ],
                "ix": 1
              },
              "s": {
                "a": 0,
                "k": [
                  100,
                  100
                ],
                "ix": 3
              },
              "r": {
                "a": 0,
                "k": 0,
                "ix": 6
              },
              "o": {
                "a": 0,
                "k": 100,
                "ix": 7
              },
              "sk": {
                "a": 0,
                "k": 0,
                "ix": 4
              },
              "sa": {
                "a": 0,
                "k": 0,
                "ix": 5
              },
              "nm": "Transform",
              "_render": true
            }
          ],
          "nm": "Group 2",
          "np": 2,
          "cix": 2,
          "bm": 0,
          "ix": 2,
          "mn": "ADBE Vector Group",
          "hd": false,
          "_render": true
        },
        {
          "ty": "gr",
          "it": [
            {
              "ind": 0,
              "ty": "sh",
              "ix": 1,
              "ks": {
                "a": 1,
                "k": [
                  {
                    "i": {
                      "x": 0.26,
                      "y": 1
                    },
                    "o": {
                      "x": 0.74,
                      "y": 0
                    },
                    "t": 0,
                    "s": [
                      {
                        "i": [
                          [
                            0,
                            -105.897
                          ],
                          [
                            0,
                            105.897
                          ]
                        ],
                        "o": [
                          [
                            0,
                            -105.897
                          ],
                          [
                            0,
                            105.897
                          ]
                        ],
                        "v": [
                          [
                            0,
                            -105.897
                          ],
                          [
                            0,
                            105.897
                          ]
                        ],
                        "c": false
                      }
                    ]
                  },
                  {
                    "i": {
                      "x": 0.26,
                      "y": 1
                    },
                    "o": {
                      "x": 0.74,
                      "y": 0
                    },
                    "t": 20.02,
                    "s": [
                      {
                        "i": [
                          [
                            0,
                            14.103
                          ],
                          [
                            0,
                            105.897
                          ]
                        ],
                        "o": [
                          [
                            0,
                            14.103
                          ],
                          [
                            0,
                            105.897
                          ]
                        ],
                        "v": [
                          [
                            0,
                            14.103
                          ],
                          [
                            0,
                            105.897
                          ]
                        ],
                        "c": false
                      }
                    ]
                  },
                  {
                    "t": 40.041015625,
                    "s": [
                      {
                        "i": [
                          [
                            0,
                            -105.897
                          ],
                          [
                            0,
                            105.897
                          ]
                        ],
                        "o": [
                          [
                            0,
                            -105.897
                          ],
                          [
                            0,
                            105.897
                          ]
                        ],
                        "v": [
                          [
                            0,
                            -105.897
                          ],
                          [
                            0,
                            105.897
                          ]
                        ],
                        "c": false
                      }
                    ]
                  }
                ],
                "ix": 2
              },
              "nm": "Path 1",
              "mn": "ADBE Vector Shape - Group",
              "hd": false,
              "_render": true
            },
            {
              "ty": "st",
              "c": {
                "a": 0,
                "k": [
                  0,
                  0,
                  0,
                  1
                ],
                "ix": 3
              },
              "o": {
                "a": 0,
                "k": 100,
                "ix": 4
              },
              "w": {
                "a": 0,
                "k": 35,
                "ix": 5
              },
              "lc": 2,
              "lj": 2,
              "bm": 0,
              "nm": "Stroke 1",
              "mn": "ADBE Vector Graphic - Stroke",
              "hd": false,
              "_render": true
            },
            {
              "ty": "tr",
              "p": {
                "a": 0,
                "k": [
                  358.588,
                  564.648
                ],
                "ix": 2
              },
              "a": {
                "a": 0,
                "k": [
                  0,
                  0
                ],
                "ix": 1
              },
              "s": {
                "a": 0,
                "k": [
                  100,
                  100
                ],
                "ix": 3
              },
              "r": {
                "a": 0,
                "k": 0,
                "ix": 6
              },
              "o": {
                "a": 0,
                "k": 100,
                "ix": 7
              },
              "sk": {
                "a": 0,
                "k": 0,
                "ix": 4
              },
              "sa": {
                "a": 0,
                "k": 0,
                "ix": 5
              },
              "nm": "Transform",
              "_render": true
            }
          ],
          "nm": "Group 3",
          "np": 2,
          "cix": 2,
          "bm": 0,
          "ix": 3,
          "mn": "ADBE Vector Group",
          "hd": false,
          "_render": true
        }
      ],
      "ip": 0,
      "op": 120.12012012012,
      "st": 0,
      "ct": 1,
      "bm": 0,
      "completed": true
    }
  ],
  "markers": [],
  "__complete": true
}