{
  "v": "5.9.6",
  "fr": 60,
  "ip": 0,
  "op": 120,
  "w": 750,
  "h": 750,
  "nm": "Comp 1",
  "ddd": 0,
  "assets": [],
  "layers": [
    {
      "ddd": 0,
      "ind": 1,
      "ty": 4,
      "nm": "Layer 1",
      "sr": 1,
      "ks": {
        "o": {
          "a": 0,
          "k": 100,
          "ix": 11
        },
        "r": {
          "a": 0,
          "k": 90,
          "ix": 10
        },
        "p": {
          "a": 0,
          "k": [
            375,
            375,
            0
          ],
          "ix": 2,
          "l": 2
        },
        "a": {
          "a": 0,
          "k": [
            500,
            470.409,
            0
          ],
          "ix": 1,
          "l": 2
        },
        "s": {
          "a": 0,
          "k": [
            100,
            100,
            100
          ],
          "ix": 6,
          "l": 2
        }
      },
      "ao": 0,
      "shapes": [
        {
          "ty": "gr",
          "it": [
            {
              "ind": 0,
              "ty": "sh",
              "ix": 1,
              "ks": {
                "a": 1,
                "k": [
                  {
                    "i": {
                      "x": 0.26,
                      "y": 1
                    },
                    "o": {
                      "x": 0.74,
                      "y": 0
                    },
                    "t": 4,
                    "s": [
                      {
                        "i": [
                          [
                            43.765,
                            0
                          ],
                          [
                            -43.765,
                            0
                          ]
                        ],
                        "o": [
                          [
                            43.765,
                            0
                          ],
                          [
                            -43.765,
                            0
                          ]
                        ],
                        "v": [
                          [
                            43.765,
                            0
                          ],
                          [
                            -43.765,
                            0
                          ]
                        ],
                        "c": false
                      }
                    ]
                  },
                  {
                    "i": {
                      "x": 0.26,
                      "y": 1
                    },
                    "o": {
                      "x": 0.74,
                      "y": 0
                    },
                    "t": 24.02,
                    "s": [
                      {
                        "i": [
                          [
                            43.529,
                            -188
                          ],
                          [
                            -44,
                            -188
                          ]
                        ],
                        "o": [
                          [
                            43.529,
                            -188
                          ],
                          [
                            -44,
                            -188
                          ]
                        ],
                        "v": [
                          [
                            43.529,
                            -188
                          ],
                          [
                            -44,
                            -188
                          ]
                        ],
                        "c": false
                      }
                    ]
                  },
                  {
                    "t": 44.041015625,
                    "s": [
                      {
                        "i": [
                          [
                            43.765,
                            0
                          ],
                          [
                            -43.765,
                            0
                          ]
                        ],
                        "o": [
                          [
                            43.765,
                            0
                          ],
                          [
                            -43.765,
                            0
                          ]
                        ],
                        "v": [
                          [
                            43.765,
                            0
                          ],
                          [
                            -43.765,
                            0
                          ]
                        ],
                        "c": false
                      }
                    ]
                  }
                ],
                "ix": 2
              },
              "nm": "Path 1",
              "mn": "ADBE Vector Shape - Group",
              "hd": false,
              "_render": true
            },
            {
              "ty": "st",
              "c": {
                "a": 0,
                "k": [
                  0,
                  0,
                  0,
                  1
                ],
                "ix": 3
              },
              "o": {
                "a": 0,
                "k": 100,
                "ix": 4
              },
              "w": {
                "a": 0,
                "k": 35,
                "ix": 5
              },
              "lc": 2,
              "lj": 2,
              "bm": 0,
              "nm": "Stroke 1",
              "mn": "ADBE Vector Graphic - Stroke",
              "hd": false,
              "_render": true
            },
            {
              "ty": "tr",
              "p": {
                "a": 0,
                "k": [
                  348.088,
                  508.88
                ],
                "ix": 2
              },
              "a": {
                "a": 0,
                "k": [
                  0,
                  0
                ],
                "ix": 1
              },
              "s": {
                "a": 0,
                "k": [
                  100,
                  100
                ],
                "ix": 3
              },
              "r": {
                "a": 0,
                "k": 0,
                "ix": 6
              },
              "o": {
                "a": 0,
                "k": 100,
                "ix": 7
              },
              "sk": {
                "a": 0,
                "k": 0,
                "ix": 4
              },
              "sa": {
                "a": 0,
                "k": 0,
                "ix": 5
              },
              "nm": "Transform",
              "_render": true
            }
          ],
          "nm": "Group 1",
          "np": 2,
          "cix": 2,
          "bm": 0,
          "ix": 1,
          "mn": "ADBE Vector Group",
          "hd": false,
          "_render": true
        },
        {
          "ty": "gr",
          "it": [
            {
              "ind": 0,
              "ty": "sh",
              "ix": 1,
              "ks": {
                "a": 1,
                "k": [
                  {
                    "i": {
                      "x": 0.26,
                      "y": 1
                    },
                    "o": {
                      "x": 0.74,
                      "y": 0
                    },
                    "t": 2,
                    "s": [
                      {
                        "i": [
                          [
                            43.765,
                            0
                          ],
                          [
                            -43.765,
                            0
                          ]
                        ],
                        "o": [
                          [
                            43.765,
                            0
                          ],
                          [
                            -43.765,
                            0
                          ]
                        ],
                        "v": [
                          [
                            43.765,
                            0
                          ],
                          [
                            -43.765,
                            0
                          ]
                        ],
                        "c": false
                      }
                    ]
                  },
                  {
                    "i": {
                      "x": 0.26,
                      "y": 1
                    },
                    "o": {
                      "x": 0.74,
                      "y": 0
                    },
                    "t": 22.02,
                    "s": [
                      {
                        "i": [
                          [
                            43.529,
                            210
                          ],
                          [
                            -44,
                            210
                          ]
                        ],
                        "o": [
                          [
                            43.529,
                            210
                          ],
                          [
                            -44,
                            210
                          ]
                        ],
                        "v": [
                          [
                            43.529,
                            210
                          ],
                          [
                            -44,
                            210
                          ]
                        ],
                        "c": false
                      }
                    ]
                  },
                  {
                    "t": 42.041015625,
                    "s": [
                      {
                        "i": [
                          [
                            43.765,
                            0
                          ],
                          [
                            -43.765,
                            0
                          ]
                        ],
                        "o": [
                          [
                            43.765,
                            0
                          ],
                          [
                            -43.765,
                            0
                          ]
                        ],
                        "v": [
                          [
                            43.765,
                            0
                          ],
                          [
                            -43.765,
                            0
                          ]
                        ],
                        "c": false
                      }
                    ]
                  }
                ],
                "ix": 2
              },
              "nm": "Path 1",
              "mn": "ADBE Vector Shape - Group",
              "hd": false,
              "_render": true
            },
            {
              "ty": "st",
              "c": {
                "a": 0,
                "k": [
                  0,
                  0,
                  0,
                  1
                ],
                "ix": 3
              },
              "o": {
                "a": 0,
                "k": 100,
                "ix": 4
              },
              "w": {
                "a": 0,
                "k": 35,
                "ix": 5
              },
              "lc": 2,
              "lj": 2,
              "bm": 0,
              "nm": "Stroke 1",
              "mn": "ADBE Vector Graphic - Stroke",
              "hd": false,
              "_render": true
            },
            {
              "ty": "tr",
              "p": {
                "a": 0,
                "k": [
                  502.5,
                  383.233
                ],
                "ix": 2
              },
              "a": {
                "a": 0,
                "k": [
                  0,
                  0
                ],
                "ix": 1
              },
              "s": {
                "a": 0,
                "k": [
                  100,
                  100
                ],
                "ix": 3
              },
              "r": {
                "a": 0,
                "k": 0,
                "ix": 6
              },
              "o": {
                "a": 0,
                "k": 100,
                "ix": 7
              },
              "sk": {
                "a": 0,
                "k": 0,
                "ix": 4
              },
              "sa": {
                "a": 0,
                "k": 0,
                "ix": 5
              },
              "nm": "Transform",
              "_render": true
            }
          ],
          "nm": "Group 2",
          "np": 2,
          "cix": 2,
          "bm": 0,
          "ix": 2,
          "mn": "ADBE Vector Group",
          "hd": false,
          "_render": true
        },
        {
          "ty": "gr",
          "it": [
            {
              "ind": 0,
              "ty": "sh",
              "ix": 1,
              "ks": {
                "a": 1,
                "k": [
                  {
                    "i": {
                      "x": 0.26,
                      "y": 1
                    },
                    "o": {
                      "x": 0.74,
                      "y": 0
                    },
                    "t": 0,
                    "s": [
                      {
                        "i": [
                          [
                            43.765,
                            0
                          ],
                          [
                            -43.765,
                            0
                          ]
                        ],
                        "o": [
                          [
                            43.765,
                            0
                          ],
                          [
                            -43.765,
                            0
                          ]
                        ],
                        "v": [
                          [
                            43.765,
                            0
                          ],
                          [
                            -43.765,
                            0
                          ]
                        ],
                        "c": false
                      }
                    ]
                  },
                  {
                    "i": {
                      "x": 0.26,
                      "y": 1
                    },
                    "o": {
                      "x": 0.74,
                      "y": 0
                    },
                    "t": 20.02,
                    "s": [
                      {
                        "i": [
                          [
                            43.529,
                            -260
                          ],
                          [
                            -44,
                            -260
                          ]
                        ],
                        "o": [
                          [
                            43.529,
                            -260
                          ],
                          [
                            -44,
                            -260
                          ]
                        ],
                        "v": [
                          [
                            43.529,
                            -260
                          ],
                          [
                            -44,
                            -260
                          ]
                        ],
                        "c": false
                      }
                    ]
                  },
                  {
                    "t": 40.041015625,
                    "s": [
                      {
                        "i": [
                          [
                            43.765,
                            0
                          ],
                          [
                            -43.765,
                            0
                          ]
                        ],
                        "o": [
                          [
                            43.765,
                            0
                          ],
                          [
                            -43.765,
                            0
                          ]
                        ],
                        "v": [
                          [
                            43.765,
                            0
                          ],
                          [
                            -43.765,
                            0
                          ]
                        ],
                        "c": false
                      }
                    ]
                  }
                ],
                "ix": 2
              },
              "nm": "Path 1",
              "mn": "ADBE Vector Shape - Group",
              "hd": false,
              "_render": true
            },
            {
              "ty": "st",
              "c": {
                "a": 0,
                "k": [
                  0,
                  0,
                  0,
                  1
                ],
                "ix": 3
              },
              "o": {
                "a": 0,
                "k": 100,
                "ix": 4
              },
              "w": {
                "a": 0,
                "k": 35,
                "ix": 5
              },
              "lc": 2,
              "lj": 2,
              "bm": 0,
              "nm": "Stroke 1",
              "mn": "ADBE Vector Graphic - Stroke",
              "hd": false,
              "_render": true
            },
            {
              "ty": "tr",
              "p": {
                "a": 0,
                "k": [
                  651.912,
                  611.939
                ],
                "ix": 2
              },
              "a": {
                "a": 0,
                "k": [
                  0,
                  0
                ],
                "ix": 1
              },
              "s": {
                "a": 0,
                "k": [
                  100,
                  100
                ],
                "ix": 3
              },
              "r": {
                "a": 0,
                "k": 0,
                "ix": 6
              },
              "o": {
                "a": 0,
                "k": 100,
                "ix": 7
              },
              "sk": {
                "a": 0,
                "k": 0,
                "ix": 4
              },
              "sa": {
                "a": 0,
                "k": 0,
                "ix": 5
              },
              "nm": "Transform",
              "_render": true
            }
          ],
          "nm": "Group 3",
          "np": 2,
          "cix": 2,
          "bm": 0,
          "ix": 3,
          "mn": "ADBE Vector Group",
          "hd": false,
          "_render": true
        },
        {
          "ty": "gr",
          "it": [
            {
              "ind": 0,
              "ty": "sh",
              "ix": 1,
              "ks": {
                "a": 0,
                "k": {
                  "i": [
                    [
                      0,
                      223.412
                    ],
                    [
                      0,
                      -223.412
                    ]
                  ],
                  "o": [
                    [
                      0,
                      223.412
                    ],
                    [
                      0,
                      -223.412
                    ]
                  ],
                  "v": [
                    [
                      0,
                      223.412
                    ],
                    [
                      0,
                      -223.412
                    ]
                  ],
                  "c": false
                },
                "ix": 2
              },
              "nm": "Path 1",
              "mn": "ADBE Vector Shape - Group",
              "hd": false,
              "_render": true
            },
            {
              "ty": "st",
              "c": {
                "a": 0,
                "k": [
                  0,
                  0,
                  0,
                  1
                ],
                "ix": 3
              },
              "o": {
                "a": 0,
                "k": 100,
                "ix": 4
              },
              "w": {
                "a": 0,
                "k": 35,
                "ix": 5
              },
              "lc": 2,
              "lj": 2,
              "bm": 0,
              "nm": "Stroke 1",
              "mn": "ADBE Vector Graphic - Stroke",
              "hd": false,
              "_render": true
            },
            {
              "ty": "tr",
              "p": {
                "a": 0,
                "k": [
                  348.088,
                  470.409
                ],
                "ix": 2
              },
              "a": {
                "a": 0,
                "k": [
                  0,
                  0
                ],
                "ix": 1
              },
              "s": {
                "a": 0,
                "k": [
                  100,
                  100
                ],
                "ix": 3
              },
              "r": {
                "a": 0,
                "k": 0,
                "ix": 6
              },
              "o": {
                "a": 0,
                "k": 100,
                "ix": 7
              },
              "sk": {
                "a": 0,
                "k": 0,
                "ix": 4
              },
              "sa": {
                "a": 0,
                "k": 0,
                "ix": 5
              },
              "nm": "Transform",
              "_render": true
            }
          ],
          "nm": "Group 4",
          "np": 2,
          "cix": 2,
          "bm": 0,
          "ix": 4,
          "mn": "ADBE Vector Group",
          "hd": false,
          "_render": true
        },
        {
          "ty": "gr",
          "it": [
            {
              "ind": 0,
              "ty": "sh",
              "ix": 1,
              "ks": {
                "a": 0,
                "k": {
                  "i": [
                    [
                      0,
                      223.412
                    ],
                    [
                      0,
                      -223.412
                    ]
                  ],
                  "o": [
                    [
                      0,
                      223.412
                    ],
                    [
                      0,
                      -223.412
                    ]
                  ],
                  "v": [
                    [
                      0,
                      223.412
                    ],
                    [
                      0,
                      -223.412
                    ]
                  ],
                  "c": false
                },
                "ix": 2
              },
              "nm": "Path 1",
              "mn": "ADBE Vector Shape - Group",
              "hd": false,
              "_render": true
            },
            {
              "ty": "st",
              "c": {
                "a": 0,
                "k": [
                  0,
                  0,
                  0,
                  1
                ],
                "ix": 3
              },
              "o": {
                "a": 0,
                "k": 100,
                "ix": 4
              },
              "w": {
                "a": 0,
                "k": 35,
                "ix": 5
              },
              "lc": 2,
              "lj": 2,
              "bm": 0,
              "nm": "Stroke 1",
              "mn": "ADBE Vector Graphic - Stroke",
              "hd": false,
              "_render": true
            },
            {
              "ty": "tr",
              "p": {
                "a": 0,
                "k": [
                  502.5,
                  470.409
                ],
                "ix": 2
              },
              "a": {
                "a": 0,
                "k": [
                  0,
                  0
                ],
                "ix": 1
              },
              "s": {
                "a": 0,
                "k": [
                  100,
                  100
                ],
                "ix": 3
              },
              "r": {
                "a": 0,
                "k": 0,
                "ix": 6
              },
              "o": {
                "a": 0,
                "k": 100,
                "ix": 7
              },
              "sk": {
                "a": 0,
                "k": 0,
                "ix": 4
              },
              "sa": {
                "a": 0,
                "k": 0,
                "ix": 5
              },
              "nm": "Transform",
              "_render": true
            }
          ],
          "nm": "Group 5",
          "np": 2,
          "cix": 2,
          "bm": 0,
          "ix": 5,
          "mn": "ADBE Vector Group",
          "hd": false,
          "_render": true
        },
        {
          "ty": "gr",
          "it": [
            {
              "ind": 0,
              "ty": "sh",
              "ix": 1,
              "ks": {
                "a": 0,
                "k": {
                  "i": [
                    [
                      0,
                      223.412
                    ],
                    [
                      0,
                      -223.412
                    ]
                  ],
                  "o": [
                    [
                      0,
                      223.412
                    ],
                    [
                      0,
                      -223.412
                    ]
                  ],
                  "v": [
                    [
                      0,
                      223.412
                    ],
                    [
                      0,
                      -223.412
                    ]
                  ],
                  "c": false
                },
                "ix": 2
              },
              "nm": "Path 1",
              "mn": "ADBE Vector Shape - Group",
              "hd": false,
              "_render": true
            },
            {
              "ty": "st",
              "c": {
                "a": 0,
                "k": [
                  0,
                  0,
                  0,
                  1
                ],
                "ix": 3
              },
              "o": {
                "a": 0,
                "k": 100,
                "ix": 4
              },
              "w": {
                "a": 0,
                "k": 35,
                "ix": 5
              },
              "lc": 2,
              "lj": 2,
              "bm": 0,
              "nm": "Stroke 1",
              "mn": "ADBE Vector Graphic - Stroke",
              "hd": false,
              "_render": true
            },
            {
              "ty": "tr",
              "p": {
                "a": 0,
                "k": [
                  651.912,
                  470.409
                ],
                "ix": 2
              },
              "a": {
                "a": 0,
                "k": [
                  0,
                  0
                ],
                "ix": 1
              },
              "s": {
                "a": 0,
                "k": [
                  100,
                  100
                ],
                "ix": 3
              },
              "r": {
                "a": 0,
                "k": 0,
                "ix": 6
              },
              "o": {
                "a": 0,
                "k": 100,
                "ix": 7
              },
              "sk": {
                "a": 0,
                "k": 0,
                "ix": 4
              },
              "sa": {
                "a": 0,
                "k": 0,
                "ix": 5
              },
              "nm": "Transform",
              "_render": true
            }
          ],
          "nm": "Group 6",
          "np": 2,
          "cix": 2,
          "bm": 0,
          "ix": 6,
          "mn": "ADBE Vector Group",
          "hd": false,
          "_render": true
        }
      ],
      "ip": 0,
      "op": 120.12012012012,
      "st": 0,
      "ct": 1,
      "bm": 0,
      "completed": true
    }
  ],
  "markers": [],
  "__complete": true
}