{
  "v": "5.9.6",
  "fr": 60,
  "ip": 0,
  "op": 120,
  "w": 750,
  "h": 750,
  "nm": "Comp 1",
  "ddd": 0,
  "assets": [],
  "layers": [
    {
      "ddd": 0,
      "ind": 1,
      "ty": 4,
      "nm": "Layer 1",
      "sr": 1,
      "ks": {
        "o": {
          "a": 0,
          "k": 100,
          "ix": 11
        },
        "r": {
          "a": 0,
          "k": 0,
          "ix": 10
        },
        "p": {
          "a": 0,
          "k": [
            375,
            375,
            0
          ],
          "ix": 2,
          "l": 2
        },
        "a": {
          "a": 0,
          "k": [
            521.453,
            473.342,
            0
          ],
          "ix": 1,
          "l": 2
        },
        "s": {
          "a": 1,
          "k": [
            {
              "i": {
                "x": [
                  0.4,
                  0.4,
                  0.4
                ],
                "y": [
                  1,
                  1,
                  1
                ]
              },
              "o": {
                "x": [
                  0.6,
                  0.6,
                  0.6
                ],
                "y": [
                  0,
                  0,
                  0
                ]
              },
              "t": 0,
              "s": [
                100,
                100,
                100
              ]
            },
            {
              "i": {
                "x": [
                  0.4,
                  0.4,
                  0.4
                ],
                "y": [
                  1,
                  1,
                  1
                ]
              },
              "o": {
                "x": [
                  0.6,
                  0.6,
                  0.6
                ],
                "y": [
                  0,
                  0,
                  0
                ]
              },
              "t": 25,
              "s": [
                86,
                86,
                100
              ]
            },
            {
              "t": 50,
              "s": [
                100,
                100,
                100
              ]
            }
          ],
          "ix": 6,
          "l": 2
        }
      },
      "ao": 0,
      "shapes": [
        {
          "ty": "gr",
          "it": [
            {
              "ind": 0,
              "ty": "sh",
              "ix": 1,
              "ks": {
                "a": 0,
                "k": {
                  "i": [
                    [
                      -22.337,
                      -65.244
                    ],
                    [
                      22.337,
                      -29.473
                    ],
                    [
                      4.597000000000001,
                      54.55
                    ]
                  ],
                  "o": [
                    [
                      3.821999999999999,
                      -54.958
                    ],
                    [
                      22.337,
                      29.516
                    ],
                    [
                      -20.686,
                      65.244
                    ]
                  ],
                  "v": [
                    [
                      -22.337,
                      -65.244
                    ],
                    [
                      22.337,
                      0.337
                    ],
                    [
                      -20.686,
                      65.244
                    ]
                  ],
                  "c": false
                },
                "ix": 2
              },
              "nm": "Path 1",
              "mn": "ADBE Vector Shape - Group",
              "hd": false,
              "_render": true
            },
            {
              "ty": "st",
              "c": {
                "a": 0,
                "k": [
                  0,
                  0,
                  0,
                  1
                ],
                "ix": 3
              },
              "o": {
                "a": 0,
                "k": 100,
                "ix": 4
              },
              "w": {
                "a": 0,
                "k": 35,
                "ix": 5
              },
              "lc": 2,
              "lj": 2,
              "bm": 0,
              "nm": "Stroke 1",
              "mn": "ADBE Vector Graphic - Stroke",
              "hd": false,
              "_render": true
            },
            {
              "ty": "tm",
              "s": {
                "a": 1,
                "k": [
                  {
                    "i": {
                      "x": [
                        0.4
                      ],
                      "y": [
                        1
                      ]
                    },
                    "o": {
                      "x": [
                        0.6
                      ],
                      "y": [
                        0
                      ]
                    },
                    "t": 0,
                    "s": [
                      0
                    ]
                  },
                  {
                    "i": {
                      "x": [
                        0.4
                      ],
                      "y": [
                        1
                      ]
                    },
                    "o": {
                      "x": [
                        0.6
                      ],
                      "y": [
                        0
                      ]
                    },
                    "t": 25,
                    "s": [
                      50
                    ]
                  },
                  {
                    "t": 50,
                    "s": [
                      0
                    ]
                  }
                ],
                "ix": 1
              },
              "e": {
                "a": 1,
                "k": [
                  {
                    "i": {
                      "x": [
                        0.4
                      ],
                      "y": [
                        1
                      ]
                    },
                    "o": {
                      "x": [
                        0.6
                      ],
                      "y": [
                        0
                      ]
                    },
                    "t": 0,
                    "s": [
                      100
                    ]
                  },
                  {
                    "i": {
                      "x": [
                        0.4
                      ],
                      "y": [
                        1
                      ]
                    },
                    "o": {
                      "x": [
                        0.6
                      ],
                      "y": [
                        0
                      ]
                    },
                    "t": 25,
                    "s": [
                      49
                    ]
                  },
                  {
                    "t": 50,
                    "s": [
                      100
                    ]
                  }
                ],
                "ix": 2
              },
              "o": {
                "a": 0,
                "k": 0,
                "ix": 3
              },
              "m": 1,
              "ix": 3,
              "nm": "Trim Paths 1",
              "mn": "ADBE Vector Filter - Trim",
              "hd": false,
              "_render": true
            },
            {
              "ty": "tr",
              "p": {
                "a": 0,
                "k": [
                  720.95,
                  483.153
                ],
                "ix": 2
              },
              "a": {
                "a": 0,
                "k": [
                  0,
                  0
                ],
                "ix": 1
              },
              "s": {
                "a": 0,
                "k": [
                  100,
                  100
                ],
                "ix": 3
              },
              "r": {
                "a": 0,
                "k": 0,
                "ix": 6
              },
              "o": {
                "a": 0,
                "k": 100,
                "ix": 7
              },
              "sk": {
                "a": 0,
                "k": 0,
                "ix": 4
              },
              "sa": {
                "a": 0,
                "k": 0,
                "ix": 5
              },
              "nm": "Transform",
              "_render": true
            }
          ],
          "nm": "Group 1",
          "np": 3,
          "cix": 2,
          "bm": 0,
          "ix": 1,
          "mn": "ADBE Vector Group",
          "hd": false,
          "_render": true
        },
        {
          "ty": "gr",
          "it": [
            {
              "ind": 0,
              "ty": "sh",
              "ix": 1,
              "ks": {
                "a": 0,
                "k": {
                  "i": [
                    [
                      -151.392,
                      -89.956
                    ],
                    [
                      -151.392,
                      113.715
                    ],
                    [
                      -41.837,
                      113.715
                    ],
                    [
                      151.392,
                      202.941
                    ],
                    [
                      151.392,
                      -202.941
                    ],
                    [
                      -33.986,
                      -92.427
                    ]
                  ],
                  "o": [
                    [
                      -151.392,
                      -89.956
                    ],
                    [
                      -151.392,
                      113.715
                    ],
                    [
                      -41.837,
                      113.715
                    ],
                    [
                      151.392,
                      202.941
                    ],
                    [
                      151.392,
                      -202.941
                    ],
                    [
                      -33.986,
                      -92.427
                    ]
                  ],
                  "v": [
                    [
                      -151.392,
                      -89.956
                    ],
                    [
                      -151.392,
                      113.715
                    ],
                    [
                      -41.837,
                      113.715
                    ],
                    [
                      151.392,
                      202.941
                    ],
                    [
                      151.392,
                      -202.941
                    ],
                    [
                      -33.986,
                      -92.427
                    ]
                  ],
                  "c": true
                },
                "ix": 2
              },
              "nm": "Path 1",
              "mn": "ADBE Vector Shape - Group",
              "hd": false,
              "_render": true
            },
            {
              "ty": "st",
              "c": {
                "a": 0,
                "k": [
                  0,
                  0,
                  0,
                  1
                ],
                "ix": 3
              },
              "o": {
                "a": 0,
                "k": 100,
                "ix": 4
              },
              "w": {
                "a": 0,
                "k": 35,
                "ix": 5
              },
              "lc": 2,
              "lj": 2,
              "bm": 0,
              "nm": "Stroke 1",
              "mn": "ADBE Vector Graphic - Stroke",
              "hd": false,
              "_render": true
            },
            {
              "ty": "tr",
              "p": {
                "a": 0,
                "k": [
                  451.009,
                  473.342
                ],
                "ix": 2
              },
              "a": {
                "a": 0,
                "k": [
                  0,
                  0
                ],
                "ix": 1
              },
              "s": {
                "a": 0,
                "k": [
                  100,
                  100
                ],
                "ix": 3
              },
              "r": {
                "a": 0,
                "k": 0,
                "ix": 6
              },
              "o": {
                "a": 0,
                "k": 100,
                "ix": 7
              },
              "sk": {
                "a": 0,
                "k": 0,
                "ix": 4
              },
              "sa": {
                "a": 0,
                "k": 0,
                "ix": 5
              },
              "nm": "Transform",
              "_render": true
            }
          ],
          "nm": "Group 2",
          "np": 2,
          "cix": 2,
          "bm": 0,
          "ix": 2,
          "mn": "ADBE Vector Group",
          "hd": false,
          "_render": true
        }
      ],
      "ip": 0,
      "op": 120,
      "st": 0,
      "ct": 1,
      "bm": 0,
      "completed": true
    }
  ],
  "markers": [],
  "__complete": true
}