{
  "v": "5.9.6",
  "fr": 60,
  "ip": 0,
  "op": 120,
  "w": 750,
  "h": 750,
  "nm": "Comp 1",
  "ddd": 0,
  "assets": [],
  "layers": [
    {
      "ddd": 0,
      "ind": 1,
      "ty": 4,
      "nm": "Group 1",
      "sr": 1,
      "ks": {
        "o": {
          "a": 0,
          "k": 100,
          "ix": 11
        },
        "r": {
          "a": 1,
          "k": [
            {
              "i": {
                "x": [
                  0.667
                ],
                "y": [
                  1
                ]
              },
              "o": {
                "x": [
                  0.333
                ],
                "y": [
                  0
                ]
              },
              "t": 0,
              "s": [
                0
              ]
            },
            {
              "i": {
                "x": [
                  0.667
                ],
                "y": [
                  1
                ]
              },
              "o": {
                "x": [
                  0.333
                ],
                "y": [
                  0
                ]
              },
              "t": 30.666,
              "s": [
                -96
              ]
            },
            {
              "i": {
                "x": [
                  0.667
                ],
                "y": [
                  1
                ]
              },
              "o": {
                "x": [
                  0.333
                ],
                "y": [
                  0
                ]
              },
              "t": 46,
              "s": [
                110
              ]
            },
            {
              "i": {
                "x": [
                  0.667
                ],
                "y": [
                  1
                ]
              },
              "o": {
                "x": [
                  0.333
                ],
                "y": [
                  0
                ]
              },
              "t": 76.666,
              "s": [
                -96
              ]
            },
            {
              "t": 102,
              "s": [
                0
              ]
            }
          ],
          "ix": 10
        },
        "p": {
          "a": 0,
          "k": [
            375,
            388.76,
            0
          ],
          "ix": 2,
          "l": 2
        },
        "a": {
          "a": 0,
          "k": [
            540,
            541,
            0
          ],
          "ix": 1,
          "l": 2
        },
        "s": {
          "a": 0,
          "k": [
            900,
            900,
            100
          ],
          "ix": 6,
          "l": 2
        }
      },
      "ao": 0,
      "shapes": [
        {
          "ty": "gr",
          "it": [
            {
              "ty": "gr",
              "it": [
                {
                  "ind": 0,
                  "ty": "sh",
                  "ix": 1,
                  "ks": {
                    "a": 0,
                    "k": {
                      "i": [
                        [
                          0,
                          -3.261
                        ],
                        [
                          0,
                          3.261
                        ]
                      ],
                      "o": [
                        [
                          0,
                          -3.261
                        ],
                        [
                          0,
                          3.261
                        ]
                      ],
                      "v": [
                        [
                          0,
                          -3.261
                        ],
                        [
                          0,
                          3.261
                        ]
                      ],
                      "c": false
                    },
                    "ix": 2
                  },
                  "nm": "Path 1",
                  "mn": "ADBE Vector Shape - Group",
                  "hd": false,
                  "_render": true
                },
                {
                  "ty": "st",
                  "c": {
                    "a": 0,
                    "k": [
                      0,
                      0,
                      0,
                      1
                    ],
                    "ix": 3
                  },
                  "o": {
                    "a": 0,
                    "k": 100,
                    "ix": 4
                  },
                  "w": {
                    "a": 0,
                    "k": 3.8,
                    "ix": 5
                  },
                  "lc": 2,
                  "lj": 1,
                  "ml": 10,
                  "bm": 0,
                  "nm": "Stroke 1",
                  "mn": "ADBE Vector Graphic - Stroke",
                  "hd": false,
                  "_render": true
                },
                {
                  "ty": "tr",
                  "p": {
                    "a": 0,
                    "k": [
                      540,
                      533.53
                    ],
                    "ix": 2
                  },
                  "a": {
                    "a": 0,
                    "k": [
                      0,
                      0
                    ],
                    "ix": 1
                  },
                  "s": {
                    "a": 0,
                    "k": [
                      100,
                      100
                    ],
                    "ix": 3
                  },
                  "r": {
                    "a": 0,
                    "k": 0,
                    "ix": 6
                  },
                  "o": {
                    "a": 0,
                    "k": 100,
                    "ix": 7
                  },
                  "sk": {
                    "a": 0,
                    "k": 0,
                    "ix": 4
                  },
                  "sa": {
                    "a": 0,
                    "k": 0,
                    "ix": 5
                  },
                  "nm": "Transform",
                  "_render": true
                }
              ],
              "nm": "Group 1",
              "np": 2,
              "cix": 2,
              "bm": 0,
              "ix": 1,
              "mn": "ADBE Vector Group",
              "hd": false,
              "_render": true
            },
            {
              "ty": "gr",
              "it": [
                {
                  "ind": 0,
                  "ty": "sh",
                  "ix": 1,
                  "ks": {
                    "a": 0,
                    "k": {
                      "i": [
                        [
                          4.231,
                          -2.337
                        ],
                        [
                          2.337,
                          4.231
                        ],
                        [
                          -4.231,
                          2.337
                        ],
                        [
                          -2.337,
                          -4.231
                        ]
                      ],
                      "o": [
                        [
                          4.231,
                          2.337
                        ],
                        [
                          -2.337,
                          4.231
                        ],
                        [
                          -4.231,
                          -2.337
                        ],
                        [
                          2.337,
                          -4.231
                        ]
                      ],
                      "v": [
                        [
                          4.231,
                          0
                        ],
                        [
                          0,
                          4.231
                        ],
                        [
                          -4.231,
                          0
                        ],
                        [
                          0,
                          -4.231
                        ]
                      ],
                      "c": true
                    },
                    "ix": 2
                  },
                  "nm": "Path 1",
                  "mn": "ADBE Vector Shape - Group",
                  "hd": false,
                  "_render": true
                },
                {
                  "ty": "st",
                  "c": {
                    "a": 0,
                    "k": [
                      0,
                      0,
                      0,
                      1
                    ],
                    "ix": 3
                  },
                  "o": {
                    "a": 0,
                    "k": 100,
                    "ix": 4
                  },
                  "w": {
                    "a": 0,
                    "k": 3.8,
                    "ix": 5
                  },
                  "lc": 2,
                  "lj": 1,
                  "ml": 10,
                  "bm": 0,
                  "nm": "Stroke 1",
                  "mn": "ADBE Vector Graphic - Stroke",
                  "hd": false,
                  "_render": true
                },
                {
                  "ty": "tr",
                  "p": {
                    "a": 0,
                    "k": [
                      540,
                      541
                    ],
                    "ix": 2
                  },
                  "a": {
                    "a": 0,
                    "k": [
                      0,
                      0
                    ],
                    "ix": 1
                  },
                  "s": {
                    "a": 0,
                    "k": [
                      100,
                      100
                    ],
                    "ix": 3
                  },
                  "r": {
                    "a": 0,
                    "k": 0,
                    "ix": 6
                  },
                  "o": {
                    "a": 0,
                    "k": 100,
                    "ix": 7
                  },
                  "sk": {
                    "a": 0,
                    "k": 0,
                    "ix": 4
                  },
                  "sa": {
                    "a": 0,
                    "k": 0,
                    "ix": 5
                  },
                  "nm": "Transform",
                  "_render": true
                }
              ],
              "nm": "Group 2",
              "np": 2,
              "cix": 2,
              "bm": 0,
              "ix": 2,
              "mn": "ADBE Vector Group",
              "hd": false,
              "_render": true
            },
            {
              "ty": "tr",
              "p": {
                "a": 0,
                "k": [
                  540,
                  541
                ],
                "ix": 2
              },
              "a": {
                "a": 0,
                "k": [
                  540,
                  541
                ],
                "ix": 1
              },
              "s": {
                "a": 0,
                "k": [
                  100,
                  100
                ],
                "ix": 3
              },
              "r": {
                "a": 0,
                "k": 0,
                "ix": 6
              },
              "o": {
                "a": 0,
                "k": 100,
                "ix": 7
              },
              "sk": {
                "a": 0,
                "k": 0,
                "ix": 4
              },
              "sa": {
                "a": 0,
                "k": 0,
                "ix": 5
              },
              "nm": "Transform",
              "_render": true
            }
          ],
          "nm": "Group 1",
          "np": 2,
          "cix": 2,
          "bm": 0,
          "ix": 1,
          "mn": "ADBE Vector Group",
          "hd": false,
          "_render": true
        }
      ],
      "ip": 0,
      "op": 120,
      "st": 0,
      "ct": 1,
      "bm": 0,
      "completed": true
    },
    {
      "ddd": 0,
      "ind": 2,
      "ty": 4,
      "nm": "Layer 2",
      "sr": 1,
      "ks": {
        "o": {
          "a": 0,
          "k": 100,
          "ix": 11
        },
        "r": {
          "a": 0,
          "k": 0,
          "ix": 10
        },
        "p": {
          "a": 0,
          "k": [
            375,
            375,
            0
          ],
          "ix": 2,
          "l": 2
        },
        "a": {
          "a": 0,
          "k": [
            540,
            540,
            0
          ],
          "ix": 1,
          "l": 2
        },
        "s": {
          "a": 0,
          "k": [
            900,
            900,
            100
          ],
          "ix": 6,
          "l": 2
        }
      },
      "ao": 0,
      "shapes": [
        {
          "ty": "gr",
          "it": [
            {
              "ty": "gr",
              "it": [
                {
                  "ty": "gr",
                  "it": [
                    {
                      "ind": 0,
                      "ty": "sh",
                      "ix": 1,
                      "ks": {
                        "a": 0,
                        "k": {
                          "i": [
                            [
                              1.62,
                              -1.62
                            ],
                            [
                              -1.62,
                              1.62
                            ]
                          ],
                          "o": [
                            [
                              1.62,
                              -1.62
                            ],
                            [
                              -1.62,
                              1.62
                            ]
                          ],
                          "v": [
                            [
                              1.62,
                              -1.62
                            ],
                            [
                              -1.62,
                              1.62
                            ]
                          ],
                          "c": false
                        },
                        "ix": 2
                      },
                      "nm": "Path 1",
                      "mn": "ADBE Vector Shape - Group",
                      "hd": false,
                      "_render": true
                    },
                    {
                      "ty": "st",
                      "c": {
                        "a": 0,
                        "k": [
                          0,
                          0,
                          0,
                          1
                        ],
                        "ix": 3
                      },
                      "o": {
                        "a": 0,
                        "k": 100,
                        "ix": 4
                      },
                      "w": {
                        "a": 0,
                        "k": 3.8,
                        "ix": 5
                      },
                      "lc": 2,
                      "lj": 1,
                      "ml": 10,
                      "bm": 0,
                      "nm": "Stroke 1",
                      "mn": "ADBE Vector Graphic - Stroke",
                      "hd": false,
                      "_render": true
                    },
                    {
                      "ty": "tr",
                      "p": {
                        "a": 0,
                        "k": [
                          525.36,
                          554.64
                        ],
                        "ix": 2
                      },
                      "a": {
                        "a": 0,
                        "k": [
                          0,
                          0
                        ],
                        "ix": 1
                      },
                      "s": {
                        "a": 0,
                        "k": [
                          100,
                          100
                        ],
                        "ix": 3
                      },
                      "r": {
                        "a": 0,
                        "k": 0,
                        "ix": 6
                      },
                      "o": {
                        "a": 0,
                        "k": 100,
                        "ix": 7
                      },
                      "sk": {
                        "a": 0,
                        "k": 0,
                        "ix": 4
                      },
                      "sa": {
                        "a": 0,
                        "k": 0,
                        "ix": 5
                      },
                      "nm": "Transform",
                      "_render": true
                    }
                  ],
                  "nm": "Group 1",
                  "np": 2,
                  "cix": 2,
                  "bm": 0,
                  "ix": 1,
                  "mn": "ADBE Vector Group",
                  "hd": false,
                  "_render": true
                },
                {
                  "ty": "gr",
                  "it": [
                    {
                      "ind": 0,
                      "ty": "sh",
                      "ix": 1,
                      "ks": {
                        "a": 0,
                        "k": {
                          "i": [
                            [
                              2.5,
                              0
                            ],
                            [
                              -2.5,
                              0
                            ]
                          ],
                          "o": [
                            [
                              2.5,
                              0
                            ],
                            [
                              -2.5,
                              0
                            ]
                          ],
                          "v": [
                            [
                              2.5,
                              0
                            ],
                            [
                              -2.5,
                              0
                            ]
                          ],
                          "c": false
                        },
                        "ix": 2
                      },
                      "nm": "Path 1",
                      "mn": "ADBE Vector Shape - Group",
                      "hd": false,
                      "_render": true
                    },
                    {
                      "ty": "st",
                      "c": {
                        "a": 0,
                        "k": [
                          0,
                          0,
                          0,
                          1
                        ],
                        "ix": 3
                      },
                      "o": {
                        "a": 0,
                        "k": 100,
                        "ix": 4
                      },
                      "w": {
                        "a": 0,
                        "k": 3.8,
                        "ix": 5
                      },
                      "lc": 2,
                      "lj": 1,
                      "ml": 10,
                      "bm": 0,
                      "nm": "Stroke 1",
                      "mn": "ADBE Vector Graphic - Stroke",
                      "hd": false,
                      "_render": true
                    },
                    {
                      "ty": "tr",
                      "p": {
                        "a": 0,
                        "k": [
                          519.5,
                          540
                        ],
                        "ix": 2
                      },
                      "a": {
                        "a": 0,
                        "k": [
                          0,
                          0
                        ],
                        "ix": 1
                      },
                      "s": {
                        "a": 0,
                        "k": [
                          100,
                          100
                        ],
                        "ix": 3
                      },
                      "r": {
                        "a": 0,
                        "k": 0,
                        "ix": 6
                      },
                      "o": {
                        "a": 0,
                        "k": 100,
                        "ix": 7
                      },
                      "sk": {
                        "a": 0,
                        "k": 0,
                        "ix": 4
                      },
                      "sa": {
                        "a": 0,
                        "k": 0,
                        "ix": 5
                      },
                      "nm": "Transform",
                      "_render": true
                    }
                  ],
                  "nm": "Group 2",
                  "np": 2,
                  "cix": 2,
                  "bm": 0,
                  "ix": 2,
                  "mn": "ADBE Vector Group",
                  "hd": false,
                  "_render": true
                },
                {
                  "ty": "gr",
                  "it": [
                    {
                      "ind": 0,
                      "ty": "sh",
                      "ix": 1,
                      "ks": {
                        "a": 0,
                        "k": {
                          "i": [
                            [
                              1.62,
                              1.62
                            ],
                            [
                              -1.62,
                              -1.62
                            ]
                          ],
                          "o": [
                            [
                              1.62,
                              1.62
                            ],
                            [
                              -1.62,
                              -1.62
                            ]
                          ],
                          "v": [
                            [
                              1.62,
                              1.62
                            ],
                            [
                              -1.62,
                              -1.62
                            ]
                          ],
                          "c": false
                        },
                        "ix": 2
                      },
                      "nm": "Path 1",
                      "mn": "ADBE Vector Shape - Group",
                      "hd": false,
                      "_render": true
                    },
                    {
                      "ty": "st",
                      "c": {
                        "a": 0,
                        "k": [
                          0,
                          0,
                          0,
                          1
                        ],
                        "ix": 3
                      },
                      "o": {
                        "a": 0,
                        "k": 100,
                        "ix": 4
                      },
                      "w": {
                        "a": 0,
                        "k": 3.8,
                        "ix": 5
                      },
                      "lc": 2,
                      "lj": 1,
                      "ml": 10,
                      "bm": 0,
                      "nm": "Stroke 1",
                      "mn": "ADBE Vector Graphic - Stroke",
                      "hd": false,
                      "_render": true
                    },
                    {
                      "ty": "tr",
                      "p": {
                        "a": 0,
                        "k": [
                          525.36,
                          525.36
                        ],
                        "ix": 2
                      },
                      "a": {
                        "a": 0,
                        "k": [
                          0,
                          0
                        ],
                        "ix": 1
                      },
                      "s": {
                        "a": 0,
                        "k": [
                          100,
                          100
                        ],
                        "ix": 3
                      },
                      "r": {
                        "a": 0,
                        "k": 0,
                        "ix": 6
                      },
                      "o": {
                        "a": 0,
                        "k": 100,
                        "ix": 7
                      },
                      "sk": {
                        "a": 0,
                        "k": 0,
                        "ix": 4
                      },
                      "sa": {
                        "a": 0,
                        "k": 0,
                        "ix": 5
                      },
                      "nm": "Transform",
                      "_render": true
                    }
                  ],
                  "nm": "Group 3",
                  "np": 2,
                  "cix": 2,
                  "bm": 0,
                  "ix": 3,
                  "mn": "ADBE Vector Group",
                  "hd": false,
                  "_render": true
                },
                {
                  "ty": "gr",
                  "it": [
                    {
                      "ind": 0,
                      "ty": "sh",
                      "ix": 1,
                      "ks": {
                        "a": 0,
                        "k": {
                          "i": [
                            [
                              0,
                              2.5
                            ],
                            [
                              0,
                              -2.5
                            ]
                          ],
                          "o": [
                            [
                              0,
                              2.5
                            ],
                            [
                              0,
                              -2.5
                            ]
                          ],
                          "v": [
                            [
                              0,
                              2.5
                            ],
                            [
                              0,
                              -2.5
                            ]
                          ],
                          "c": false
                        },
                        "ix": 2
                      },
                      "nm": "Path 1",
                      "mn": "ADBE Vector Shape - Group",
                      "hd": false,
                      "_render": true
                    },
                    {
                      "ty": "st",
                      "c": {
                        "a": 0,
                        "k": [
                          0,
                          0,
                          0,
                          1
                        ],
                        "ix": 3
                      },
                      "o": {
                        "a": 0,
                        "k": 100,
                        "ix": 4
                      },
                      "w": {
                        "a": 0,
                        "k": 3.8,
                        "ix": 5
                      },
                      "lc": 2,
                      "lj": 1,
                      "ml": 10,
                      "bm": 0,
                      "nm": "Stroke 1",
                      "mn": "ADBE Vector Graphic - Stroke",
                      "hd": false,
                      "_render": true
                    },
                    {
                      "ty": "tr",
                      "p": {
                        "a": 0,
                        "k": [
                          540,
                          519.5
                        ],
                        "ix": 2
                      },
                      "a": {
                        "a": 0,
                        "k": [
                          0,
                          0
                        ],
                        "ix": 1
                      },
                      "s": {
                        "a": 0,
                        "k": [
                          100,
                          100
                        ],
                        "ix": 3
                      },
                      "r": {
                        "a": 0,
                        "k": 0,
                        "ix": 6
                      },
                      "o": {
                        "a": 0,
                        "k": 100,
                        "ix": 7
                      },
                      "sk": {
                        "a": 0,
                        "k": 0,
                        "ix": 4
                      },
                      "sa": {
                        "a": 0,
                        "k": 0,
                        "ix": 5
                      },
                      "nm": "Transform",
                      "_render": true
                    }
                  ],
                  "nm": "Group 4",
                  "np": 2,
                  "cix": 2,
                  "bm": 0,
                  "ix": 4,
                  "mn": "ADBE Vector Group",
                  "hd": false,
                  "_render": true
                },
                {
                  "ty": "gr",
                  "it": [
                    {
                      "ind": 0,
                      "ty": "sh",
                      "ix": 1,
                      "ks": {
                        "a": 0,
                        "k": {
                          "i": [
                            [
                              1.62,
                              -1.62
                            ],
                            [
                              -1.62,
                              1.62
                            ]
                          ],
                          "o": [
                            [
                              1.62,
                              -1.62
                            ],
                            [
                              -1.62,
                              1.62
                            ]
                          ],
                          "v": [
                            [
                              1.62,
                              -1.62
                            ],
                            [
                              -1.62,
                              1.62
                            ]
                          ],
                          "c": false
                        },
                        "ix": 2
                      },
                      "nm": "Path 1",
                      "mn": "ADBE Vector Shape - Group",
                      "hd": false,
                      "_render": true
                    },
                    {
                      "ty": "st",
                      "c": {
                        "a": 0,
                        "k": [
                          0,
                          0,
                          0,
                          1
                        ],
                        "ix": 3
                      },
                      "o": {
                        "a": 0,
                        "k": 100,
                        "ix": 4
                      },
                      "w": {
                        "a": 0,
                        "k": 3.8,
                        "ix": 5
                      },
                      "lc": 2,
                      "lj": 1,
                      "ml": 10,
                      "bm": 0,
                      "nm": "Stroke 1",
                      "mn": "ADBE Vector Graphic - Stroke",
                      "hd": false,
                      "_render": true
                    },
                    {
                      "ty": "tr",
                      "p": {
                        "a": 0,
                        "k": [
                          554.64,
                          525.36
                        ],
                        "ix": 2
                      },
                      "a": {
                        "a": 0,
                        "k": [
                          0,
                          0
                        ],
                        "ix": 1
                      },
                      "s": {
                        "a": 0,
                        "k": [
                          100,
                          100
                        ],
                        "ix": 3
                      },
                      "r": {
                        "a": 0,
                        "k": 0,
                        "ix": 6
                      },
                      "o": {
                        "a": 0,
                        "k": 100,
                        "ix": 7
                      },
                      "sk": {
                        "a": 0,
                        "k": 0,
                        "ix": 4
                      },
                      "sa": {
                        "a": 0,
                        "k": 0,
                        "ix": 5
                      },
                      "nm": "Transform",
                      "_render": true
                    }
                  ],
                  "nm": "Group 5",
                  "np": 2,
                  "cix": 2,
                  "bm": 0,
                  "ix": 5,
                  "mn": "ADBE Vector Group",
                  "hd": false,
                  "_render": true
                },
                {
                  "ty": "gr",
                  "it": [
                    {
                      "ind": 0,
                      "ty": "sh",
                      "ix": 1,
                      "ks": {
                        "a": 0,
                        "k": {
                          "i": [
                            [
                              2.5,
                              0
                            ],
                            [
                              -2.5,
                              0
                            ]
                          ],
                          "o": [
                            [
                              2.5,
                              0
                            ],
                            [
                              -2.5,
                              0
                            ]
                          ],
                          "v": [
                            [
                              2.5,
                              0
                            ],
                            [
                              -2.5,
                              0
                            ]
                          ],
                          "c": false
                        },
                        "ix": 2
                      },
                      "nm": "Path 1",
                      "mn": "ADBE Vector Shape - Group",
                      "hd": false,
                      "_render": true
                    },
                    {
                      "ty": "st",
                      "c": {
                        "a": 0,
                        "k": [
                          0,
                          0,
                          0,
                          1
                        ],
                        "ix": 3
                      },
                      "o": {
                        "a": 0,
                        "k": 100,
                        "ix": 4
                      },
                      "w": {
                        "a": 0,
                        "k": 3.8,
                        "ix": 5
                      },
                      "lc": 2,
                      "lj": 1,
                      "ml": 10,
                      "bm": 0,
                      "nm": "Stroke 1",
                      "mn": "ADBE Vector Graphic - Stroke",
                      "hd": false,
                      "_render": true
                    },
                    {
                      "ty": "tr",
                      "p": {
                        "a": 0,
                        "k": [
                          560.5,
                          540
                        ],
                        "ix": 2
                      },
                      "a": {
                        "a": 0,
                        "k": [
                          0,
                          0
                        ],
                        "ix": 1
                      },
                      "s": {
                        "a": 0,
                        "k": [
                          100,
                          100
                        ],
                        "ix": 3
                      },
                      "r": {
                        "a": 0,
                        "k": 0,
                        "ix": 6
                      },
                      "o": {
                        "a": 0,
                        "k": 100,
                        "ix": 7
                      },
                      "sk": {
                        "a": 0,
                        "k": 0,
                        "ix": 4
                      },
                      "sa": {
                        "a": 0,
                        "k": 0,
                        "ix": 5
                      },
                      "nm": "Transform",
                      "_render": true
                    }
                  ],
                  "nm": "Group 6",
                  "np": 2,
                  "cix": 2,
                  "bm": 0,
                  "ix": 6,
                  "mn": "ADBE Vector Group",
                  "hd": false,
                  "_render": true
                },
                {
                  "ty": "gr",
                  "it": [
                    {
                      "ind": 0,
                      "ty": "sh",
                      "ix": 1,
                      "ks": {
                        "a": 0,
                        "k": {
                          "i": [
                            [
                              1.62,
                              1.62
                            ],
                            [
                              -1.62,
                              -1.62
                            ]
                          ],
                          "o": [
                            [
                              1.62,
                              1.62
                            ],
                            [
                              -1.62,
                              -1.62
                            ]
                          ],
                          "v": [
                            [
                              1.62,
                              1.62
                            ],
                            [
                              -1.62,
                              -1.62
                            ]
                          ],
                          "c": false
                        },
                        "ix": 2
                      },
                      "nm": "Path 1",
                      "mn": "ADBE Vector Shape - Group",
                      "hd": false,
                      "_render": true
                    },
                    {
                      "ty": "st",
                      "c": {
                        "a": 0,
                        "k": [
                          0,
                          0,
                          0,
                          1
                        ],
                        "ix": 3
                      },
                      "o": {
                        "a": 0,
                        "k": 100,
                        "ix": 4
                      },
                      "w": {
                        "a": 0,
                        "k": 3.8,
                        "ix": 5
                      },
                      "lc": 2,
                      "lj": 1,
                      "ml": 10,
                      "bm": 0,
                      "nm": "Stroke 1",
                      "mn": "ADBE Vector Graphic - Stroke",
                      "hd": false,
                      "_render": true
                    },
                    {
                      "ty": "tr",
                      "p": {
                        "a": 0,
                        "k": [
                          554.64,
                          554.64
                        ],
                        "ix": 2
                      },
                      "a": {
                        "a": 0,
                        "k": [
                          0,
                          0
                        ],
                        "ix": 1
                      },
                      "s": {
                        "a": 0,
                        "k": [
                          100,
                          100
                        ],
                        "ix": 3
                      },
                      "r": {
                        "a": 0,
                        "k": 0,
                        "ix": 6
                      },
                      "o": {
                        "a": 0,
                        "k": 100,
                        "ix": 7
                      },
                      "sk": {
                        "a": 0,
                        "k": 0,
                        "ix": 4
                      },
                      "sa": {
                        "a": 0,
                        "k": 0,
                        "ix": 5
                      },
                      "nm": "Transform",
                      "_render": true
                    }
                  ],
                  "nm": "Group 7",
                  "np": 2,
                  "cix": 2,
                  "bm": 0,
                  "ix": 7,
                  "mn": "ADBE Vector Group",
                  "hd": false,
                  "_render": true
                },
                {
                  "ty": "tr",
                  "p": {
                    "a": 0,
                    "k": [
                      554.64,
                      554.64
                    ],
                    "ix": 2
                  },
                  "a": {
                    "a": 0,
                    "k": [
                      554.64,
                      554.64
                    ],
                    "ix": 1
                  },
                  "s": {
                    "a": 0,
                    "k": [
                      100,
                      100
                    ],
                    "ix": 3
                  },
                  "r": {
                    "a": 0,
                    "k": 0,
                    "ix": 6
                  },
                  "o": {
                    "a": 0,
                    "k": 100,
                    "ix": 7
                  },
                  "sk": {
                    "a": 0,
                    "k": 0,
                    "ix": 4
                  },
                  "sa": {
                    "a": 0,
                    "k": 0,
                    "ix": 5
                  },
                  "nm": "Transform",
                  "_render": true
                }
              ],
              "nm": "Group 1",
              "np": 7,
              "cix": 2,
              "bm": 0,
              "ix": 1,
              "mn": "ADBE Vector Group",
              "hd": false,
              "_render": true
            },
            {
              "ty": "gr",
              "it": [
                {
                  "ind": 0,
                  "ty": "sh",
                  "ix": 1,
                  "ks": {
                    "a": 0,
                    "k": {
                      "i": [
                        [
                          23,
                          -12.703
                        ],
                        [
                          12.703,
                          23
                        ],
                        [
                          -23,
                          12.703
                        ],
                        [
                          -12.703,
                          -23
                        ]
                      ],
                      "o": [
                        [
                          23,
                          12.703
                        ],
                        [
                          -12.703,
                          23
                        ],
                        [
                          -23,
                          -12.703
                        ],
                        [
                          12.703,
                          -23
                        ]
                      ],
                      "v": [
                        [
                          23,
                          0
                        ],
                        [
                          0,
                          23
                        ],
                        [
                          -23,
                          0
                        ],
                        [
                          0,
                          -23
                        ]
                      ],
                      "c": true
                    },
                    "ix": 2
                  },
                  "nm": "Path 1",
                  "mn": "ADBE Vector Shape - Group",
                  "hd": false,
                  "_render": true
                },
                {
                  "ty": "st",
                  "c": {
                    "a": 0,
                    "k": [
                      0,
                      0,
                      0,
                      1
                    ],
                    "ix": 3
                  },
                  "o": {
                    "a": 0,
                    "k": 100,
                    "ix": 4
                  },
                  "w": {
                    "a": 0,
                    "k": 3.8,
                    "ix": 5
                  },
                  "lc": 2,
                  "lj": 1,
                  "ml": 10,
                  "bm": 0,
                  "nm": "Stroke 1",
                  "mn": "ADBE Vector Graphic - Stroke",
                  "hd": false,
                  "_render": true
                },
                {
                  "ty": "tr",
                  "p": {
                    "a": 0,
                    "k": [
                      540,
                      540
                    ],
                    "ix": 2
                  },
                  "a": {
                    "a": 0,
                    "k": [
                      0,
                      0
                    ],
                    "ix": 1
                  },
                  "s": {
                    "a": 0,
                    "k": [
                      100,
                      100
                    ],
                    "ix": 3
                  },
                  "r": {
                    "a": 0,
                    "k": 0,
                    "ix": 6
                  },
                  "o": {
                    "a": 0,
                    "k": 100,
                    "ix": 7
                  },
                  "sk": {
                    "a": 0,
                    "k": 0,
                    "ix": 4
                  },
                  "sa": {
                    "a": 0,
                    "k": 0,
                    "ix": 5
                  },
                  "nm": "Transform",
                  "_render": true
                }
              ],
              "nm": "Group 2",
              "np": 2,
              "cix": 2,
              "bm": 0,
              "ix": 2,
              "mn": "ADBE Vector Group",
              "hd": false,
              "_render": true
            },
            {
              "ty": "tr",
              "p": {
                "a": 0,
                "k": [
                  540,
                  540
                ],
                "ix": 2
              },
              "a": {
                "a": 0,
                "k": [
                  540,
                  540
                ],
                "ix": 1
              },
              "s": {
                "a": 0,
                "k": [
                  100,
                  100
                ],
                "ix": 3
              },
              "r": {
                "a": 0,
                "k": 0,
                "ix": 6
              },
              "o": {
                "a": 0,
                "k": 100,
                "ix": 7
              },
              "sk": {
                "a": 0,
                "k": 0,
                "ix": 4
              },
              "sa": {
                "a": 0,
                "k": 0,
                "ix": 5
              },
              "nm": "Transform",
              "_render": true
            }
          ],
          "nm": "Group 2",
          "np": 2,
          "cix": 2,
          "bm": 0,
          "ix": 1,
          "mn": "ADBE Vector Group",
          "hd": false,
          "_render": true
        }
      ],
      "ip": 0,
      "op": 120,
      "st": 0,
      "ct": 1,
      "bm": 0,
      "completed": true
    }
  ],
  "markers": [],
  "__complete": true
}