{
  "v": "5.9.6",
  "fr": 60,
  "ip": 0,
  "op": 120,
  "w": 750,
  "h": 750,
  "nm": "Comp 1",
  "ddd": 0,
  "assets": [],
  "layers": [
    {
      "ddd": 0,
      "ind": 1,
      "ty": 4,
      "nm": "Layer 2",
      "sr": 1,
      "ks": {
        "o": {
          "a": 0,
          "k": 100,
          "ix": 11
        },
        "r": {
          "a": 0,
          "k": 0,
          "ix": 10
        },
        "p": {
          "a": 0,
          "k": [
            375,
            375,
            0
          ],
          "ix": 2,
          "l": 2
        },
        "a": {
          "a": 0,
          "k": [
            487.443,
            500,
            0
          ],
          "ix": 1,
          "l": 2
        },
        "s": {
          "a": 0,
          "k": [
            100,
            100,
            100
          ],
          "ix": 6,
          "l": 2
        }
      },
      "ao": 0,
      "shapes": [
        {
          "ty": "gr",
          "it": [
            {
              "d": 1,
              "ty": "el",
              "s": {
                "a": 0,
                "k": [
                  83.618,
                  83.618
                ],
                "ix": 2
              },
              "p": {
                "a": 0,
                "k": [
                  0,
                  0
                ],
                "ix": 3
              },
              "nm": "Ellipse Path 1",
              "mn": "ADBE Vector Shape - Ellipse",
              "hd": false,
              "_render": true
            },
            {
              "ty": "fl",
              "c": {
                "a": 0,
                "k": [
                  0,
                  0,
                  0,
                  1
                ],
                "ix": 4
              },
              "o": {
                "a": 0,
                "k": 100,
                "ix": 5
              },
              "r": 1,
              "bm": 0,
              "nm": "Fill 1",
              "mn": "ADBE Vector Graphic - Fill",
              "hd": false,
              "_render": true
            },
            {
              "ty": "tr",
              "p": {
                "a": 1,
                "k": [
                  {
                    "i": {
                      "x": 0.33,
                      "y": 1
                    },
                    "o": {
                      "x": 0.67,
                      "y": 0
                    },
                    "t": 0,
                    "s": [
                      364.735,
                      500
                    ],
                    "to": null,
                    "ti": null
                  },
                  {
                    "i": {
                      "x": 0.33,
                      "y": 0.33
                    },
                    "o": {
                      "x": 0.67,
                      "y": 0.67
                    },
                    "t": 20.02,
                    "s": [
                      610.735,
                      500
                    ],
                    "to": null,
                    "ti": null
                  },
                  {
                    "i": {
                      "x": 0.33,
                      "y": 1
                    },
                    "o": {
                      "x": 0.67,
                      "y": 0
                    },
                    "t": 40.041,
                    "s": [
                      610.735,
                      500
                    ],
                    "to": null,
                    "ti": null
                  },
                  {
                    "t": 60.060546875,
                    "s": [
                      364.735,
                      500
                    ]
                  }
                ],
                "ix": 2
              },
              "a": {
                "a": 0,
                "k": [
                  0,
                  0
                ],
                "ix": 1
              },
              "s": {
                "a": 0,
                "k": [
                  100,
                  100
                ],
                "ix": 3
              },
              "r": {
                "a": 0,
                "k": 0,
                "ix": 6
              },
              "o": {
                "a": 0,
                "k": 100,
                "ix": 7
              },
              "sk": {
                "a": 0,
                "k": 0,
                "ix": 4
              },
              "sa": {
                "a": 0,
                "k": 0,
                "ix": 5
              },
              "nm": "Transform",
              "_render": true
            }
          ],
          "nm": "Group 1",
          "np": 2,
          "cix": 2,
          "bm": 0,
          "ix": 1,
          "mn": "ADBE Vector Group",
          "hd": false,
          "_render": true
        },
        {
          "ty": "gr",
          "it": [
            {
              "ind": 0,
              "ty": "sh",
              "ix": 1,
              "ks": {
                "a": 0,
                "k": {
                  "i": [
                    [
                      238,
                      -88.316
                    ],
                    [
                      238,
                      26.12
                    ],
                    [
                      187.58100000000002,
                      138.735
                    ],
                    [
                      -125.385,
                      138.735
                    ],
                    [
                      -238,
                      88.316
                    ],
                    [
                      -238,
                      -26.12
                    ],
                    [
                      -187.58100000000002,
                      -138.735
                    ],
                    [
                      125.385,
                      -138.735
                    ]
                  ],
                  "o": [
                    [
                      238,
                      -26.12
                    ],
                    [
                      238,
                      88.316
                    ],
                    [
                      125.385,
                      138.735
                    ],
                    [
                      -187.58100000000002,
                      138.735
                    ],
                    [
                      -238,
                      26.12
                    ],
                    [
                      -238,
                      -88.316
                    ],
                    [
                      -125.385,
                      -138.735
                    ],
                    [
                      187.58100000000002,
                      -138.735
                    ]
                  ],
                  "v": [
                    [
                      238,
                      -26.12
                    ],
                    [
                      238,
                      26.12
                    ],
                    [
                      125.385,
                      138.735
                    ],
                    [
                      -125.385,
                      138.735
                    ],
                    [
                      -238,
                      26.12
                    ],
                    [
                      -238,
                      -26.12
                    ],
                    [
                      -125.385,
                      -138.735
                    ],
                    [
                      125.385,
                      -138.735
                    ]
                  ],
                  "c": true
                },
                "ix": 2
              },
              "nm": "Path 1",
              "mn": "ADBE Vector Shape - Group",
              "hd": false,
              "_render": true
            },
            {
              "ty": "st",
              "c": {
                "a": 0,
                "k": [
                  0,
                  0,
                  0,
                  1
                ],
                "ix": 3
              },
              "o": {
                "a": 0,
                "k": 100,
                "ix": 4
              },
              "w": {
                "a": 0,
                "k": 35,
                "ix": 5
              },
              "lc": 2,
              "lj": 2,
              "bm": 0,
              "nm": "Stroke 1",
              "mn": "ADBE Vector Graphic - Stroke",
              "hd": false,
              "_render": true
            },
            {
              "ty": "tr",
              "p": {
                "a": 0,
                "k": [
                  487.443,
                  500
                ],
                "ix": 2
              },
              "a": {
                "a": 0,
                "k": [
                  0,
                  0
                ],
                "ix": 1
              },
              "s": {
                "a": 0,
                "k": [
                  100,
                  100
                ],
                "ix": 3
              },
              "r": {
                "a": 0,
                "k": 0,
                "ix": 6
              },
              "o": {
                "a": 0,
                "k": 100,
                "ix": 7
              },
              "sk": {
                "a": 0,
                "k": 0,
                "ix": 4
              },
              "sa": {
                "a": 0,
                "k": 0,
                "ix": 5
              },
              "nm": "Transform",
              "_render": true
            }
          ],
          "nm": "Group 2",
          "np": 2,
          "cix": 2,
          "bm": 0,
          "ix": 2,
          "mn": "ADBE Vector Group",
          "hd": false,
          "_render": true
        }
      ],
      "ip": 0,
      "op": 120.12012012012,
      "st": 0,
      "ct": 1,
      "bm": 0,
      "completed": true
    }
  ],
  "markers": [],
  "__complete": true
}