{
  "v": "5.9.6",
  "fr": 60,
  "ip": 0,
  "op": 120,
  "w": 750,
  "h": 750,
  "nm": "Comp 1",
  "ddd": 0,
  "assets": [],
  "layers": [
    {
      "ddd": 0,
      "ind": 1,
      "ty": 4,
      "nm": "Layer 1",
      "sr": 1,
      "ks": {
        "o": {
          "a": 0,
          "k": 100,
          "ix": 11
        },
        "r": {
          "a": 0,
          "k": 0,
          "ix": 10
        },
        "p": {
          "a": 0,
          "k": [
            375,
            375,
            0
          ],
          "ix": 2,
          "l": 2
        },
        "a": {
          "a": 0,
          "k": [
            500,
            500,
            0
          ],
          "ix": 1,
          "l": 2
        },
        "s": {
          "a": 0,
          "k": [
            100,
            100,
            100
          ],
          "ix": 6,
          "l": 2
        }
      },
      "ao": 0,
      "shapes": [
        {
          "ty": "gr",
          "it": [
            {
              "ind": 0,
              "ty": "sh",
              "ix": 1,
              "ks": {
                "a": 1,
                "k": [
                  {
                    "i": {
                      "x": 0.33,
                      "y": 1
                    },
                    "o": {
                      "x": 0.67,
                      "y": 0
                    },
                    "t": 4,
                    "s": [
                      {
                        "i": [
                          [
                            93.853,
                            -67.81200000000001
                          ],
                          [
                            93.853,
                            35.688
                          ],
                          [
                            67.81200000000001,
                            93.853
                          ],
                          [
                            -35.688,
                            93.853
                          ],
                          [
                            -93.853,
                            67.81200000000001
                          ],
                          [
                            -93.853,
                            -35.688
                          ],
                          [
                            -67.81200000000001,
                            -93.853
                          ],
                          [
                            35.688,
                            -93.853
                          ]
                        ],
                        "o": [
                          [
                            93.853,
                            -35.688
                          ],
                          [
                            93.853,
                            67.81200000000001
                          ],
                          [
                            35.688,
                            93.853
                          ],
                          [
                            -67.81200000000001,
                            93.853
                          ],
                          [
                            -93.853,
                            35.688
                          ],
                          [
                            -93.853,
                            -67.81200000000001
                          ],
                          [
                            -35.688,
                            -93.853
                          ],
                          [
                            67.81200000000001,
                            -93.853
                          ]
                        ],
                        "v": [
                          [
                            93.853,
                            -35.688
                          ],
                          [
                            93.853,
                            35.688
                          ],
                          [
                            35.688,
                            93.853
                          ],
                          [
                            -35.688,
                            93.853
                          ],
                          [
                            -93.853,
                            35.688
                          ],
                          [
                            -93.853,
                            -35.688
                          ],
                          [
                            -35.688,
                            -93.853
                          ],
                          [
                            35.688,
                            -93.853
                          ]
                        ],
                        "c": true
                      }
                    ]
                  },
                  {
                    "i": {
                      "x": 0.33,
                      "y": 1
                    },
                    "o": {
                      "x": 0.67,
                      "y": 0
                    },
                    "t": 24.02,
                    "s": [
                      {
                        "i": [
                          [
                            45.51,
                            -49.247
                          ],
                          [
                            45.51,
                            11.418
                          ],
                          [
                            30.247,
                            45.51
                          ],
                          [
                            -30.418,
                            45.51
                          ],
                          [
                            -64.51,
                            30.247
                          ],
                          [
                            -64.51,
                            -30.418
                          ],
                          [
                            -49.247,
                            -64.51
                          ],
                          [
                            11.418,
                            -64.51
                          ]
                        ],
                        "o": [
                          [
                            45.51,
                            -30.418
                          ],
                          [
                            45.51,
                            30.247
                          ],
                          [
                            11.418,
                            45.51
                          ],
                          [
                            -49.247,
                            45.51
                          ],
                          [
                            -64.51,
                            11.418
                          ],
                          [
                            -64.51,
                            -49.247
                          ],
                          [
                            -30.418,
                            -64.51
                          ],
                          [
                            30.247,
                            -64.51
                          ]
                        ],
                        "v": [
                          [
                            45.51,
                            -30.418
                          ],
                          [
                            45.51,
                            11.418
                          ],
                          [
                            11.418,
                            45.51
                          ],
                          [
                            -30.418,
                            45.51
                          ],
                          [
                            -64.51,
                            11.418
                          ],
                          [
                            -64.51,
                            -30.418
                          ],
                          [
                            -30.418,
                            -64.51
                          ],
                          [
                            11.418,
                            -64.51
                          ]
                        ],
                        "c": true
                      }
                    ]
                  },
                  {
                    "t": 44.041015625,
                    "s": [
                      {
                        "i": [
                          [
                            93.853,
                            -67.81200000000001
                          ],
                          [
                            93.853,
                            35.688
                          ],
                          [
                            67.81200000000001,
                            93.853
                          ],
                          [
                            -35.688,
                            93.853
                          ],
                          [
                            -93.853,
                            67.81200000000001
                          ],
                          [
                            -93.853,
                            -35.688
                          ],
                          [
                            -67.81200000000001,
                            -93.853
                          ],
                          [
                            35.688,
                            -93.853
                          ]
                        ],
                        "o": [
                          [
                            93.853,
                            -35.688
                          ],
                          [
                            93.853,
                            67.81200000000001
                          ],
                          [
                            35.688,
                            93.853
                          ],
                          [
                            -67.81200000000001,
                            93.853
                          ],
                          [
                            -93.853,
                            35.688
                          ],
                          [
                            -93.853,
                            -67.81200000000001
                          ],
                          [
                            -35.688,
                            -93.853
                          ],
                          [
                            67.81200000000001,
                            -93.853
                          ]
                        ],
                        "v": [
                          [
                            93.853,
                            -35.688
                          ],
                          [
                            93.853,
                            35.688
                          ],
                          [
                            35.688,
                            93.853
                          ],
                          [
                            -35.688,
                            93.853
                          ],
                          [
                            -93.853,
                            35.688
                          ],
                          [
                            -93.853,
                            -35.688
                          ],
                          [
                            -35.688,
                            -93.853
                          ],
                          [
                            35.688,
                            -93.853
                          ]
                        ],
                        "c": true
                      }
                    ]
                  }
                ],
                "ix": 2
              },
              "nm": "Path 1",
              "mn": "ADBE Vector Shape - Group",
              "hd": false,
              "_render": true
            },
            {
              "ty": "st",
              "c": {
                "a": 0,
                "k": [
                  0,
                  0,
                  0,
                  1
                ],
                "ix": 3
              },
              "o": {
                "a": 0,
                "k": 100,
                "ix": 4
              },
              "w": {
                "a": 0,
                "k": 35,
                "ix": 5
              },
              "lc": 2,
              "lj": 2,
              "bm": 0,
              "nm": "Stroke 1",
              "mn": "ADBE Vector Graphic - Stroke",
              "hd": false,
              "_render": true
            },
            {
              "ty": "tr",
              "p": {
                "a": 0,
                "k": [
                  500,
                  500
                ],
                "ix": 2
              },
              "a": {
                "a": 0,
                "k": [
                  0,
                  0
                ],
                "ix": 1
              },
              "s": {
                "a": 0,
                "k": [
                  100,
                  100
                ],
                "ix": 3
              },
              "r": {
                "a": 0,
                "k": 0,
                "ix": 6
              },
              "o": {
                "a": 0,
                "k": 100,
                "ix": 7
              },
              "sk": {
                "a": 0,
                "k": 0,
                "ix": 4
              },
              "sa": {
                "a": 0,
                "k": 0,
                "ix": 5
              },
              "nm": "Transform",
              "_render": true
            }
          ],
          "nm": "Group 1",
          "np": 2,
          "cix": 2,
          "bm": 0,
          "ix": 1,
          "mn": "ADBE Vector Group",
          "hd": false,
          "_render": true
        },
        {
          "ty": "gr",
          "it": [
            {
              "ind": 0,
              "ty": "sh",
              "ix": 1,
              "ks": {
                "a": 1,
                "k": [
                  {
                    "i": {
                      "x": 0.33,
                      "y": 1
                    },
                    "o": {
                      "x": 0.67,
                      "y": 0
                    },
                    "t": 2,
                    "s": [
                      {
                        "i": [
                          [
                            166.265,
                            -120.132
                          ],
                          [
                            166.265,
                            63.223
                          ],
                          [
                            120.132,
                            166.265
                          ],
                          [
                            -63.223,
                            166.265
                          ],
                          [
                            -166.265,
                            120.132
                          ],
                          [
                            -166.265,
                            -63.223
                          ],
                          [
                            -120.132,
                            -166.265
                          ],
                          [
                            63.223,
                            -166.265
                          ]
                        ],
                        "o": [
                          [
                            166.265,
                            -63.223
                          ],
                          [
                            166.265,
                            120.132
                          ],
                          [
                            63.223,
                            166.265
                          ],
                          [
                            -120.132,
                            166.265
                          ],
                          [
                            -166.265,
                            63.223
                          ],
                          [
                            -166.265,
                            -120.132
                          ],
                          [
                            -63.223,
                            -166.265
                          ],
                          [
                            120.132,
                            -166.265
                          ]
                        ],
                        "v": [
                          [
                            166.265,
                            -63.223
                          ],
                          [
                            166.265,
                            63.223
                          ],
                          [
                            63.223,
                            166.265
                          ],
                          [
                            -63.223,
                            166.265
                          ],
                          [
                            -166.265,
                            63.223
                          ],
                          [
                            -166.265,
                            -63.223
                          ],
                          [
                            -63.223,
                            -166.265
                          ],
                          [
                            63.223,
                            -166.265
                          ]
                        ],
                        "c": true
                      }
                    ]
                  },
                  {
                    "i": {
                      "x": 0.33,
                      "y": 1
                    },
                    "o": {
                      "x": 0.67,
                      "y": 0
                    },
                    "t": 22.02,
                    "s": [
                      {
                        "i": [
                          [
                            87.953,
                            -79.91300000000001
                          ],
                          [
                            87.953,
                            27.557
                          ],
                          [
                            60.913,
                            87.953
                          ],
                          [
                            -46.557,
                            87.953
                          ],
                          [
                            -106.953,
                            60.913
                          ],
                          [
                            -106.953,
                            -46.557
                          ],
                          [
                            -79.91300000000001,
                            -106.953
                          ],
                          [
                            27.557,
                            -106.953
                          ]
                        ],
                        "o": [
                          [
                            87.953,
                            -46.557
                          ],
                          [
                            87.953,
                            60.913
                          ],
                          [
                            27.557,
                            87.953
                          ],
                          [
                            -79.91300000000001,
                            87.953
                          ],
                          [
                            -106.953,
                            27.557
                          ],
                          [
                            -106.953,
                            -79.91300000000001
                          ],
                          [
                            -46.557,
                            -106.953
                          ],
                          [
                            60.913,
                            -106.953
                          ]
                        ],
                        "v": [
                          [
                            87.953,
                            -46.557
                          ],
                          [
                            87.953,
                            27.557
                          ],
                          [
                            27.557,
                            87.953
                          ],
                          [
                            -46.557,
                            87.953
                          ],
                          [
                            -106.953,
                            27.557
                          ],
                          [
                            -106.953,
                            -46.557
                          ],
                          [
                            -46.557,
                            -106.953
                          ],
                          [
                            27.557,
                            -106.953
                          ]
                        ],
                        "c": true
                      }
                    ]
                  },
                  {
                    "t": 42.041015625,
                    "s": [
                      {
                        "i": [
                          [
                            166.265,
                            -120.132
                          ],
                          [
                            166.265,
                            63.223
                          ],
                          [
                            120.132,
                            166.265
                          ],
                          [
                            -63.223,
                            166.265
                          ],
                          [
                            -166.265,
                            120.132
                          ],
                          [
                            -166.265,
                            -63.223
                          ],
                          [
                            -120.132,
                            -166.265
                          ],
                          [
                            63.223,
                            -166.265
                          ]
                        ],
                        "o": [
                          [
                            166.265,
                            -63.223
                          ],
                          [
                            166.265,
                            120.132
                          ],
                          [
                            63.223,
                            166.265
                          ],
                          [
                            -120.132,
                            166.265
                          ],
                          [
                            -166.265,
                            63.223
                          ],
                          [
                            -166.265,
                            -120.132
                          ],
                          [
                            -63.223,
                            -166.265
                          ],
                          [
                            120.132,
                            -166.265
                          ]
                        ],
                        "v": [
                          [
                            166.265,
                            -63.223
                          ],
                          [
                            166.265,
                            63.223
                          ],
                          [
                            63.223,
                            166.265
                          ],
                          [
                            -63.223,
                            166.265
                          ],
                          [
                            -166.265,
                            63.223
                          ],
                          [
                            -166.265,
                            -63.223
                          ],
                          [
                            -63.223,
                            -166.265
                          ],
                          [
                            63.223,
                            -166.265
                          ]
                        ],
                        "c": true
                      }
                    ]
                  }
                ],
                "ix": 2
              },
              "nm": "Path 1",
              "mn": "ADBE Vector Shape - Group",
              "hd": false,
              "_render": true
            },
            {
              "ty": "st",
              "c": {
                "a": 0,
                "k": [
                  0,
                  0,
                  0,
                  1
                ],
                "ix": 3
              },
              "o": {
                "a": 0,
                "k": 100,
                "ix": 4
              },
              "w": {
                "a": 0,
                "k": 35,
                "ix": 5
              },
              "lc": 2,
              "lj": 2,
              "bm": 0,
              "nm": "Stroke 1",
              "mn": "ADBE Vector Graphic - Stroke",
              "hd": false,
              "_render": true
            },
            {
              "ty": "tr",
              "p": {
                "a": 0,
                "k": [
                  500,
                  500
                ],
                "ix": 2
              },
              "a": {
                "a": 0,
                "k": [
                  0,
                  0
                ],
                "ix": 1
              },
              "s": {
                "a": 0,
                "k": [
                  100,
                  100
                ],
                "ix": 3
              },
              "r": {
                "a": 0,
                "k": 0,
                "ix": 6
              },
              "o": {
                "a": 0,
                "k": 100,
                "ix": 7
              },
              "sk": {
                "a": 0,
                "k": 0,
                "ix": 4
              },
              "sa": {
                "a": 0,
                "k": 0,
                "ix": 5
              },
              "nm": "Transform",
              "_render": true
            }
          ],
          "nm": "Group 2",
          "np": 2,
          "cix": 2,
          "bm": 0,
          "ix": 2,
          "mn": "ADBE Vector Group",
          "hd": false,
          "_render": true
        },
        {
          "ty": "gr",
          "it": [
            {
              "ind": 0,
              "ty": "sh",
              "ix": 1,
              "ks": {
                "a": 1,
                "k": [
                  {
                    "i": {
                      "x": 0.33,
                      "y": 1
                    },
                    "o": {
                      "x": 0.67,
                      "y": 0
                    },
                    "t": 0,
                    "s": [
                      {
                        "i": [
                          [
                            238,
                            -171.962
                          ],
                          [
                            238,
                            90.5
                          ],
                          [
                            171.962,
                            238
                          ],
                          [
                            -90.5,
                            238
                          ],
                          [
                            -238,
                            171.962
                          ],
                          [
                            -238,
                            -90.5
                          ],
                          [
                            -171.962,
                            -238
                          ],
                          [
                            90.5,
                            -238
                          ]
                        ],
                        "o": [
                          [
                            238,
                            -90.5
                          ],
                          [
                            238,
                            171.962
                          ],
                          [
                            90.5,
                            238
                          ],
                          [
                            -171.962,
                            238
                          ],
                          [
                            -238,
                            90.5
                          ],
                          [
                            -238,
                            -171.962
                          ],
                          [
                            -90.5,
                            -238
                          ],
                          [
                            171.962,
                            -238
                          ]
                        ],
                        "v": [
                          [
                            238,
                            -90.5
                          ],
                          [
                            238,
                            90.5
                          ],
                          [
                            90.5,
                            238
                          ],
                          [
                            -90.5,
                            238
                          ],
                          [
                            -238,
                            90.5
                          ],
                          [
                            -238,
                            -90.5
                          ],
                          [
                            -90.5,
                            -238
                          ],
                          [
                            90.5,
                            -238
                          ]
                        ],
                        "c": true
                      }
                    ]
                  },
                  {
                    "i": {
                      "x": 0.33,
                      "y": 1
                    },
                    "o": {
                      "x": 0.67,
                      "y": 0
                    },
                    "t": 20.02,
                    "s": [
                      {
                        "i": [
                          [
                            130,
                            -110.293
                          ],
                          [
                            130,
                            43.545
                          ],
                          [
                            91.293,
                            130
                          ],
                          [
                            -62.545,
                            130
                          ],
                          [
                            -149,
                            91.293
                          ],
                          [
                            -149,
                            -62.545
                          ],
                          [
                            -110.293,
                            -149
                          ],
                          [
                            43.545,
                            -149
                          ]
                        ],
                        "o": [
                          [
                            130,
                            -62.545
                          ],
                          [
                            130,
                            91.293
                          ],
                          [
                            43.545,
                            130
                          ],
                          [
                            -110.293,
                            130
                          ],
                          [
                            -149,
                            43.545
                          ],
                          [
                            -149,
                            -110.293
                          ],
                          [
                            -62.545,
                            -149
                          ],
                          [
                            91.293,
                            -149
                          ]
                        ],
                        "v": [
                          [
                            130,
                            -62.545
                          ],
                          [
                            130,
                            43.545
                          ],
                          [
                            43.545,
                            130
                          ],
                          [
                            -62.545,
                            130
                          ],
                          [
                            -149,
                            43.545
                          ],
                          [
                            -149,
                            -62.545
                          ],
                          [
                            -62.545,
                            -149
                          ],
                          [
                            43.545,
                            -149
                          ]
                        ],
                        "c": true
                      }
                    ]
                  },
                  {
                    "t": 40.041015625,
                    "s": [
                      {
                        "i": [
                          [
                            238,
                            -171.962
                          ],
                          [
                            238,
                            90.5
                          ],
                          [
                            171.962,
                            238
                          ],
                          [
                            -90.5,
                            238
                          ],
                          [
                            -238,
                            171.962
                          ],
                          [
                            -238,
                            -90.5
                          ],
                          [
                            -171.962,
                            -238
                          ],
                          [
                            90.5,
                            -238
                          ]
                        ],
                        "o": [
                          [
                            238,
                            -90.5
                          ],
                          [
                            238,
                            171.962
                          ],
                          [
                            90.5,
                            238
                          ],
                          [
                            -171.962,
                            238
                          ],
                          [
                            -238,
                            90.5
                          ],
                          [
                            -238,
                            -171.962
                          ],
                          [
                            -90.5,
                            -238
                          ],
                          [
                            171.962,
                            -238
                          ]
                        ],
                        "v": [
                          [
                            238,
                            -90.5
                          ],
                          [
                            238,
                            90.5
                          ],
                          [
                            90.5,
                            238
                          ],
                          [
                            -90.5,
                            238
                          ],
                          [
                            -238,
                            90.5
                          ],
                          [
                            -238,
                            -90.5
                          ],
                          [
                            -90.5,
                            -238
                          ],
                          [
                            90.5,
                            -238
                          ]
                        ],
                        "c": true
                      }
                    ]
                  }
                ],
                "ix": 2
              },
              "nm": "Path 1",
              "mn": "ADBE Vector Shape - Group",
              "hd": false,
              "_render": true
            },
            {
              "ty": "st",
              "c": {
                "a": 0,
                "k": [
                  0,
                  0,
                  0,
                  1
                ],
                "ix": 3
              },
              "o": {
                "a": 0,
                "k": 100,
                "ix": 4
              },
              "w": {
                "a": 0,
                "k": 35,
                "ix": 5
              },
              "lc": 2,
              "lj": 2,
              "bm": 0,
              "nm": "Stroke 1",
              "mn": "ADBE Vector Graphic - Stroke",
              "hd": false,
              "_render": true
            },
            {
              "ty": "tr",
              "p": {
                "a": 0,
                "k": [
                  500,
                  500
                ],
                "ix": 2
              },
              "a": {
                "a": 0,
                "k": [
                  0,
                  0
                ],
                "ix": 1
              },
              "s": {
                "a": 0,
                "k": [
                  100,
                  100
                ],
                "ix": 3
              },
              "r": {
                "a": 0,
                "k": 0,
                "ix": 6
              },
              "o": {
                "a": 0,
                "k": 100,
                "ix": 7
              },
              "sk": {
                "a": 0,
                "k": 0,
                "ix": 4
              },
              "sa": {
                "a": 0,
                "k": 0,
                "ix": 5
              },
              "nm": "Transform",
              "_render": true
            }
          ],
          "nm": "Group 3",
          "np": 2,
          "cix": 2,
          "bm": 0,
          "ix": 3,
          "mn": "ADBE Vector Group",
          "hd": false,
          "_render": true
        }
      ],
      "ip": 0,
      "op": 120.12012012012,
      "st": 0,
      "ct": 1,
      "bm": 0,
      "completed": true
    }
  ],
  "markers": [],
  "__complete": true
}