{
  "v": "5.9.6",
  "fr": 60,
  "ip": 0,
  "op": 120,
  "w": 750,
  "h": 750,
  "nm": "Comp 1",
  "ddd": 0,
  "assets": [],
  "layers": [
    {
      "ddd": 0,
      "ind": 1,
      "ty": 4,
      "nm": "Layer 2",
      "sr": 1,
      "ks": {
        "o": {
          "a": 0,
          "k": 100,
          "ix": 11
        },
        "r": {
          "a": 0,
          "k": 0,
          "ix": 10
        },
        "p": {
          "a": 0,
          "k": [
            375,
            375,
            0
          ],
          "ix": 2,
          "l": 2
        },
        "a": {
          "a": 0,
          "k": [
            483.99,
            510.643,
            0
          ],
          "ix": 1,
          "l": 2
        },
        "s": {
          "a": 0,
          "k": [
            100,
            100,
            100
          ],
          "ix": 6,
          "l": 2
        }
      },
      "ao": 0,
      "shapes": [
        {
          "ty": "gr",
          "it": [
            {
              "ind": 0,
              "ty": "sh",
              "ix": 1,
              "ks": {
                "a": 1,
                "k": [
                  {
                    "i": {
                      "x": 0.3,
                      "y": 1
                    },
                    "o": {
                      "x": 0.7,
                      "y": 0
                    },
                    "t": 0,
                    "s": [
                      {
                        "i": [
                          [
                            61.66,
                            -34.054
                          ],
                          [
                            34.054,
                            61.66
                          ],
                          [
                            -61.66,
                            34.054
                          ],
                          [
                            -34.054,
                            -61.66
                          ]
                        ],
                        "o": [
                          [
                            61.66,
                            34.054
                          ],
                          [
                            -34.054,
                            61.66
                          ],
                          [
                            -61.66,
                            -34.054
                          ],
                          [
                            34.054,
                            -61.66
                          ]
                        ],
                        "v": [
                          [
                            61.66,
                            0
                          ],
                          [
                            0,
                            61.66
                          ],
                          [
                            -61.66,
                            0
                          ],
                          [
                            0,
                            -61.66
                          ]
                        ],
                        "c": true
                      }
                    ]
                  },
                  {
                    "i": {
                      "x": 0.3,
                      "y": 1
                    },
                    "o": {
                      "x": 0.7,
                      "y": 0
                    },
                    "t": 25,
                    "s": [
                      {
                        "i": [
                          [
                            -244.34,
                            -34.054
                          ],
                          [
                            -271.946,
                            61.66
                          ],
                          [
                            -367.66,
                            34.054
                          ],
                          [
                            -340.054,
                            -61.66
                          ]
                        ],
                        "o": [
                          [
                            -244.34,
                            34.054
                          ],
                          [
                            -340.054,
                            61.66
                          ],
                          [
                            -367.66,
                            -34.054
                          ],
                          [
                            -271.946,
                            -61.66
                          ]
                        ],
                        "v": [
                          [
                            -244.34,
                            0
                          ],
                          [
                            -306,
                            61.66
                          ],
                          [
                            -367.66,
                            0
                          ],
                          [
                            -306,
                            -61.66
                          ]
                        ],
                        "c": true
                      }
                    ]
                  },
                  {
                    "i": {
                      "x": 0.3,
                      "y": 1
                    },
                    "o": {
                      "x": 0.7,
                      "y": 0
                    },
                    "t": 44,
                    "s": [
                      {
                        "i": [
                          [
                            -244.34,
                            -34.054
                          ],
                          [
                            -271.946,
                            61.66
                          ],
                          [
                            -367.66,
                            34.054
                          ],
                          [
                            -340.054,
                            -61.66
                          ]
                        ],
                        "o": [
                          [
                            -244.34,
                            34.054
                          ],
                          [
                            -340.054,
                            61.66
                          ],
                          [
                            -367.66,
                            -34.054
                          ],
                          [
                            -271.946,
                            -61.66
                          ]
                        ],
                        "v": [
                          [
                            -244.34,
                            0
                          ],
                          [
                            -306,
                            61.66
                          ],
                          [
                            -367.66,
                            0
                          ],
                          [
                            -306,
                            -61.66
                          ]
                        ],
                        "c": true
                      }
                    ]
                  },
                  {
                    "t": 69,
                    "s": [
                      {
                        "i": [
                          [
                            61.66,
                            -34.054
                          ],
                          [
                            34.054,
                            61.66
                          ],
                          [
                            -61.66,
                            34.054
                          ],
                          [
                            -34.054,
                            -61.66
                          ]
                        ],
                        "o": [
                          [
                            61.66,
                            34.054
                          ],
                          [
                            -34.054,
                            61.66
                          ],
                          [
                            -61.66,
                            -34.054
                          ],
                          [
                            34.054,
                            -61.66
                          ]
                        ],
                        "v": [
                          [
                            61.66,
                            0
                          ],
                          [
                            0,
                            61.66
                          ],
                          [
                            -61.66,
                            0
                          ],
                          [
                            0,
                            -61.66
                          ]
                        ],
                        "c": true
                      }
                    ]
                  }
                ],
                "ix": 2
              },
              "nm": "Path 1",
              "mn": "ADBE Vector Shape - Group",
              "hd": false,
              "_render": true
            },
            {
              "ty": "st",
              "c": {
                "a": 0,
                "k": [
                  0,
                  0,
                  0,
                  1
                ],
                "ix": 3
              },
              "o": {
                "a": 0,
                "k": 100,
                "ix": 4
              },
              "w": {
                "a": 0,
                "k": 35,
                "ix": 5
              },
              "lc": 2,
              "lj": 2,
              "bm": 0,
              "nm": "Stroke 1",
              "mn": "ADBE Vector Graphic - Stroke",
              "hd": false,
              "_render": true
            },
            {
              "ty": "tr",
              "p": {
                "a": 0,
                "k": [
                  641.559,
                  510.643
                ],
                "ix": 2
              },
              "a": {
                "a": 0,
                "k": [
                  0,
                  0
                ],
                "ix": 1
              },
              "s": {
                "a": 0,
                "k": [
                  100,
                  100
                ],
                "ix": 3
              },
              "r": {
                "a": 0,
                "k": 0,
                "ix": 6
              },
              "o": {
                "a": 0,
                "k": 100,
                "ix": 7
              },
              "sk": {
                "a": 0,
                "k": 0,
                "ix": 4
              },
              "sa": {
                "a": 0,
                "k": 0,
                "ix": 5
              },
              "nm": "Transform",
              "_render": true
            }
          ],
          "nm": "Group 1",
          "np": 2,
          "cix": 2,
          "bm": 0,
          "ix": 1,
          "mn": "ADBE Vector Group",
          "hd": false,
          "_render": true
        },
        {
          "ty": "gr",
          "it": [
            {
              "ind": 0,
              "ty": "sh",
              "ix": 1,
              "ks": {
                "a": 0,
                "k": {
                  "i": [
                    [
                      254.406,
                      149.209
                    ],
                    [
                      -192.141,
                      149.209
                    ],
                    [
                      -304.882,
                      98.733
                    ],
                    [
                      -304.882,
                      -36.468
                    ],
                    [
                      -254.406,
                      -149.209
                    ],
                    [
                      192.141,
                      -149.209
                    ],
                    [
                      304.882,
                      -98.733
                    ],
                    [
                      304.882,
                      36.468
                    ]
                  ],
                  "o": [
                    [
                      192.141,
                      149.209
                    ],
                    [
                      -254.406,
                      149.209
                    ],
                    [
                      -304.882,
                      36.468
                    ],
                    [
                      -304.882,
                      -98.733
                    ],
                    [
                      -192.141,
                      -149.209
                    ],
                    [
                      254.406,
                      -149.209
                    ],
                    [
                      304.882,
                      -36.468
                    ],
                    [
                      304.882,
                      98.733
                    ]
                  ],
                  "v": [
                    [
                      192.141,
                      149.209
                    ],
                    [
                      -192.141,
                      149.209
                    ],
                    [
                      -304.882,
                      36.468
                    ],
                    [
                      -304.882,
                      -36.468
                    ],
                    [
                      -192.141,
                      -149.209
                    ],
                    [
                      192.141,
                      -149.209
                    ],
                    [
                      304.882,
                      -36.468
                    ],
                    [
                      304.882,
                      36.468
                    ]
                  ],
                  "c": true
                },
                "ix": 2
              },
              "nm": "Path 1",
              "mn": "ADBE Vector Shape - Group",
              "hd": false,
              "_render": true
            },
            {
              "ty": "st",
              "c": {
                "a": 0,
                "k": [
                  0,
                  0,
                  0,
                  1
                ],
                "ix": 3
              },
              "o": {
                "a": 0,
                "k": 100,
                "ix": 4
              },
              "w": {
                "a": 0,
                "k": 35,
                "ix": 5
              },
              "lc": 2,
              "lj": 2,
              "bm": 0,
              "nm": "Stroke 1",
              "mn": "ADBE Vector Graphic - Stroke",
              "hd": false,
              "_render": true
            },
            {
              "ty": "tr",
              "p": {
                "a": 0,
                "k": [
                  483.99,
                  510.643
                ],
                "ix": 2
              },
              "a": {
                "a": 0,
                "k": [
                  0,
                  0
                ],
                "ix": 1
              },
              "s": {
                "a": 0,
                "k": [
                  100,
                  100
                ],
                "ix": 3
              },
              "r": {
                "a": 0,
                "k": 0,
                "ix": 6
              },
              "o": {
                "a": 0,
                "k": 100,
                "ix": 7
              },
              "sk": {
                "a": 0,
                "k": 0,
                "ix": 4
              },
              "sa": {
                "a": 0,
                "k": 0,
                "ix": 5
              },
              "nm": "Transform",
              "_render": true
            }
          ],
          "nm": "Group 2",
          "np": 2,
          "cix": 2,
          "bm": 0,
          "ix": 2,
          "mn": "ADBE Vector Group",
          "hd": false,
          "_render": true
        }
      ],
      "ip": 0,
      "op": 120,
      "st": 0,
      "ct": 1,
      "bm": 0,
      "completed": true
    }
  ],
  "markers": [],
  "__complete": true
}